Watching for file changes with StatReloader
Waiting for apps ready_event.
Apps ready_event triggered. Sending autoreload_started signal.
Watching dir /workspace/pauls-pizzeria/templates with glob **/*.
Watching dir /workspace/.pip-modules/lib/python3.12/site-packages/crispy_bootstrap5/templates with glob **/*.
Watching dir /workspace/pauls-pizzeria/contact/templates with glob **/*.
Watching dir /workspace/.pip-modules/lib/python3.12/site-packages/allauth/templates with glob **/*.
Watching dir /workspace/pauls-pizzeria/booking/templates with glob **/*.
Watching dir /workspace/pauls-pizzeria/home/templates with glob **/*.
Watching dir /workspace/.pip-modules/lib/python3.12/site-packages/django_summernote/templates with glob **/*.
Watching dir /workspace/pauls-pizzeria/locale with glob **/*.mo.
Watching dir /workspace/.pip-modules/lib/python3.12/site-packages/allauth/locale with glob **/*.mo.
Watching dir /workspace/.pip-modules/lib/python3.12/site-packages/allauth/account/locale with glob **/*.mo.
Watching dir /workspace/.pip-modules/lib/python3.12/site-packages/allauth/socialaccount/locale with glob **/*.mo.
Watching dir /workspace/.pip-modules/lib/python3.12/site-packages/phonenumber_field/locale with glob **/*.mo.
Watching dir /workspace/.pip-modules/lib/python3.12/site-packages/crispy_forms/locale with glob **/*.mo.
Watching dir /workspace/.pip-modules/lib/python3.12/site-packages/crispy_bootstrap5/locale with glob **/*.mo.
Watching dir /workspace/.pip-modules/lib/python3.12/site-packages/django_summernote/locale with glob **/*.mo.
Watching dir /workspace/pauls-pizzeria/home/locale with glob **/*.mo.
Watching dir /workspace/pauls-pizzeria/booking/locale with glob **/*.mo.
Watching dir /workspace/pauls-pizzeria/contact/locale with glob **/*.mo.
File /workspace/.pip-modules/lib/python3.12/site-packages/django/contrib/auth/checks.py first seen with mtime 1723888178.48529
File /workspace/.pip-modules/lib/python3.12/site-packages/django/core/servers/__init__.py first seen with mtime 1723888178.7572875
File /workspace/.pip-modules/lib/python3.12/site-packages/django/contrib/contenttypes/admin.py first seen with mtime 1723888178.5212896
File /workspace/pauls-pizzeria/home/urls.py first seen with mtime 1723887567.5066938
File /home/gitpod/.pyenv/versions/3.12.2/lib/python3.12/sysconfig.py first seen with mtime 1723887435.0
File /workspace/.pip-modules/lib/python3.12/site-packages/django/core/checks/security/csrf.py first seen with mtime 1723888178.7452877
File /workspace/.pip-modules/lib/python3.12/site-packages/django/contrib/auth/management/__init__.py first seen with mtime 1723888178.5172896
File /home/gitpod/.pyenv/versions/3.12.2/lib/python3.12/site-packages/babel/__init__.py first seen with mtime 1723887465.0
File /workspace/.pip-modules/lib/python3.12/site-packages/sqlparse/exceptions.py first seen with mtime 1723888177.941295
File /workspace/.pip-modules/lib/python3.12/site-packages/django/utils/autoreload.py first seen with mtime 1723888178.7972872
File /workspace/pauls-pizzeria/home/views.py first seen with mtime 1723887567.5066938
File /workspace/.pip-modules/lib/python3.12/site-packages/django_summernote/__init__.py first seen with mtime 1723888179.9492772
File /home/gitpod/.pyenv/versions/3.12.2/lib/python3.12/asyncio/threads.py first seen with mtime 1723887435.0
File /workspace/.pip-modules/lib/python3.12/site-packages/phonenumbers/data/alt_format_27.py first seen with mtime 1723888173.281336
File /workspace/.pip-modules/lib/python3.12/site-packages/django/dispatch/dispatcher.py first seen with mtime 1723888178.7772875
File /home/gitpod/.pyenv/versions/3.12.2/lib/python3.12/asyncio/timeouts.py first seen with mtime 1723887435.0
File /home/gitpod/.pyenv/versions/3.12.2/lib/python3.12/logging/config.py first seen with mtime 1723887435.0
File /workspace/.pip-modules/lib/python3.12/site-packages/django/db/backends/postgresql/operations.py first seen with mtime 1723888178.7612875
File /workspace/.pip-modules/lib/python3.12/site-packages/django/core/cache/backends/locmem.py first seen with mtime 1723888178.7452877
File /workspace/.pip-modules/lib/python3.12/site-packages/django/db/models/functions/__init__.py first seen with mtime 1723888178.7732875
File /workspace/.pip-modules/lib/python3.12/site-packages/allauth/core/context.py first seen with mtime 1723888180.0332763
File /workspace/.pip-modules/lib/python3.12/site-packages/django/db/models/query.py first seen with mtime 1723888178.7692876
File /workspace/.pip-modules/lib/python3.12/site-packages/django/db/migrations/operations/base.py first seen with mtime 1723888178.7652876
File /home/gitpod/.pyenv/versions/3.12.2/lib/python3.12/urllib/parse.py first seen with mtime 1723887435.0
File /workspace/.pip-modules/lib/python3.12/site-packages/allauth/socialaccount/providers/base/provider.py first seen with mtime 1723888180.065276
File /home/gitpod/.pyenv/versions/3.12.2/lib/python3.12/difflib.py first seen with mtime 1723887435.0
File /workspace/.pip-modules/lib/python3.12/site-packages/django/db/models/fields/related_lookups.py first seen with mtime 1723888178.7732875
File /workspace/.pip-modules/lib/python3.12/site-packages/django/db/transaction.py first seen with mtime 1723888178.7572875
File /workspace/.pip-modules/lib/python3.12/site-packages/allauth/socialaccount/templatetags/socialaccount.py first seen with mtime 1723888180.1212754
File /workspace/.pip-modules/lib/python3.12/site-packages/crispy_forms/helper.py first seen with mtime 1723888179.9972765
File /home/gitpod/.pyenv/versions/3.12.2/lib/python3.12/struct.py first seen with mtime 1723887435.0
File /workspace/.pip-modules/lib/python3.12/site-packages/phonenumbers/phonemetadata.py first seen with mtime 1723888173.2733362
File /workspace/.pip-modules/lib/python3.12/site-packages/allauth/decorators.py first seen with mtime 1723888180.0252764
File /home/gitpod/.pyenv/versions/3.12.2/lib/python3.12/email/quoprimime.py first seen with mtime 1723887435.0
File /workspace/.pip-modules/lib/python3.12/site-packages/django/db/models/utils.py first seen with mtime 1723888178.7732875
File /home/gitpod/.pyenv/versions/3.12.2/lib/python3.12/numbers.py first seen with mtime 1723887435.0
File /workspace/.pip-modules/lib/python3.12/site-packages/django/forms/utils.py first seen with mtime 1723888178.7772875
File /workspace/.pip-modules/lib/python3.12/site-packages/django/contrib/admin/helpers.py first seen with mtime 1723888178.3612912
File /workspace/.pip-modules/lib/python3.12/site-packages/django/db/migrations/state.py first seen with mtime 1723888178.7652876
File /workspace/.pip-modules/lib/python3.12/site-packages/django/db/backends/postgresql/schema.py first seen with mtime 1723888178.7652876
File /workspace/.pip-modules/lib/python3.12/site-packages/django/contrib/contenttypes/fields.py first seen with mtime 1723888178.5212896
File /workspace/.pip-modules/lib/python3.12/site-packages/django/db/migrations/migration.py first seen with mtime 1723888178.7652876
File /home/gitpod/.pyenv/versions/3.12.2/lib/python3.12/asyncio/__init__.py first seen with mtime 1723887435.0
File /home/gitpod/.pyenv/versions/3.12.2/lib/python3.12/_weakrefset.py first seen with mtime 1723887435.0
File /workspace/.pip-modules/lib/python3.12/site-packages/phonenumbers/re_util.py first seen with mtime 1723888173.2773361
File /workspace/pauls-pizzeria/booking/apps.py first seen with mtime 1723887567.4386945
File /home/gitpod/.pyenv/versions/3.12.2/lib/python3.12/bz2.py first seen with mtime 1723887435.0
File /workspace/.pip-modules/lib/python3.12/site-packages/django/db/models/functions/window.py first seen with mtime 1723888178.7732875
File /workspace/.pip-modules/lib/python3.12/site-packages/django/db/backends/utils.py first seen with mtime 1723888178.7572875
File /home/gitpod/.pyenv/versions/3.12.2/lib/python3.12/contextvars.py first seen with mtime 1723887435.0
File /home/gitpod/.pyenv/versions/3.12.2/lib/python3.12/_compat_pickle.py first seen with mtime 1723887435.0
File /workspace/.pip-modules/lib/python3.12/site-packages/django/views/decorators/csrf.py first seen with mtime 1723888178.8052871
File /home/gitpod/.pyenv/versions/3.12.2/lib/python3.12/email/contentmanager.py first seen with mtime 1723887435.0
File /workspace/.pip-modules/lib/python3.12/site-packages/django/contrib/contenttypes/apps.py first seen with mtime 1723888178.5212896
File /workspace/.pip-modules/lib/python3.12/site-packages/phonenumbers/data/alt_format_36.py first seen with mtime 1723888173.281336
File /home/gitpod/.pyenv/versions/3.12.2/lib/python3.12/lib-dynload/_struct.cpython-312-x86_64-linux-gnu.so first seen with mtime 1723887446.0
File /workspace/.pip-modules/lib/python3.12/site-packages/phonenumbers/data/alt_format_595.py first seen with mtime 1723888173.285336
File /workspace/pauls-pizzeria/home/apps.py first seen with mtime 1723887567.5066938
File /workspace/.pip-modules/lib/python3.12/site-packages/django/core/paginator.py first seen with mtime 1723888178.7452877
File /workspace/.pip-modules/lib/python3.12/site-packages/django/core/cache/backends/filebased.py first seen with mtime 1723888178.7452877
File /workspace/.pip-modules/lib/python3.12/site-packages/django/contrib/staticfiles/management/commands/runserver.py first seen with mtime 1723888178.7412877
File /workspace/.pip-modules/lib/python3.12/site-packages/sqlparse/utils.py first seen with mtime 1723888177.941295
File /workspace/.pip-modules/lib/python3.12/site-packages/django/core/files/storage/base.py first seen with mtime 1723888178.7492876
File /home/gitpod/.pyenv/versions/3.12.2/lib/python3.12/http/__init__.py first seen with mtime 1723887435.0
File /workspace/.pip-modules/lib/python3.12/site-packages/django/views/decorators/cache.py first seen with mtime 1723888178.8052871
File /home/gitpod/.pyenv/versions/3.12.2/lib/python3.12/queue.py first seen with mtime 1723887435.0
File /workspace/.pip-modules/lib/python3.12/site-packages/django/contrib/admin/templatetags/__init__.py first seen with mtime 1723888178.4532902
File /workspace/.pip-modules/lib/python3.12/site-packages/django/contrib/contenttypes/__init__.py first seen with mtime 1723888178.5212896
File /home/gitpod/.pyenv/versions/3.12.2/lib/python3.12/asyncio/trsock.py first seen with mtime 1723887435.0
File /workspace/.pip-modules/lib/python3.12/site-packages/phonenumbers/data/alt_format_94.py first seen with mtime 1723888173.285336
File /home/gitpod/.pyenv/versions/3.12.2/lib/python3.12/ast.py first seen with mtime 1723887435.0
File /workspace/.pip-modules/lib/python3.12/site-packages/django/contrib/contenttypes/management/__init__.py first seen with mtime 1723888178.5452895
File /workspace/pauls-pizzeria/booking/urls.py first seen with mtime 1723890571.8680758
File /home/gitpod/.pyenv/versions/3.12.2/lib/python3.12/urllib/request.py first seen with mtime 1723887435.0
File /workspace/.pip-modules/lib/python3.12/site-packages/django/template/loader_tags.py first seen with mtime 1723888178.7932873
File /workspace/.pip-modules/lib/python3.12/site-packages/django/contrib/admin/templatetags/admin_list.py first seen with mtime 1723888178.4532902
File /workspace/.pip-modules/lib/python3.12/site-packages/django_summernote/views.py first seen with mtime 1723888179.9492772
File /workspace/.pip-modules/lib/python3.12/site-packages/django/core/files/uploadhandler.py first seen with mtime 1723888178.7492876
File /workspace/pauls-pizzeria/env.py first seen with mtime 1723888852.0393116
File /workspace/.pip-modules/lib/python3.12/site-packages/django/db/models/fields/reverse_related.py first seen with mtime 1723888178.7732875
File /workspace/.pip-modules/lib/python3.12/site-packages/django/core/cache/utils.py first seen with mtime 1723888178.7452877
File /home/gitpod/.pyenv/versions/3.12.2/lib/python3.12/lib-dynload/_sha2.cpython-312-x86_64-linux-gnu.so first seen with mtime 1723887446.0
File /home/gitpod/.pyenv/versions/3.12.2/lib/python3.12/threading.py first seen with mtime 1723887435.0
File /workspace/.pip-modules/lib/python3.12/site-packages/django/utils/_os.py first seen with mtime 1723888178.7972872
File /workspace/.pip-modules/lib/python3.12/site-packages/django/core/checks/security/base.py first seen with mtime 1723888178.7452877
File /home/gitpod/.pyenv/versions/3.12.2/lib/python3.12/concurrent/__init__.py first seen with mtime 1723887435.0
File /workspace/.pip-modules/lib/python3.12/site-packages/django/views/generic/dates.py first seen with mtime 1723888178.8052871
File /workspace/.pip-modules/lib/python3.12/site-packages/django/core/checks/files.py first seen with mtime 1723888178.7452877
File /workspace/.pip-modules/lib/python3.12/site-packages/crispy_forms/templatetags/crispy_forms_field.py first seen with mtime 1723888179.9972765
File /home/gitpod/.pyenv/versions/3.12.2/lib/python3.12/base64.py first seen with mtime 1723887435.0
File /home/gitpod/.pyenv/versions/3.12.2/lib/python3.12/asyncio/queues.py first seen with mtime 1723887435.0
File /home/gitpod/.pyenv/versions/3.12.2/lib/python3.12/asyncio/sslproto.py first seen with mtime 1723887435.0
File /workspace/.pip-modules/lib/python3.12/site-packages/django/db/__init__.py first seen with mtime 1723888178.7572875
File /workspace/.pip-modules/lib/python3.12/site-packages/django/utils/timezone.py first seen with mtime 1723888178.8012872
File /workspace/.pip-modules/lib/python3.12/site-packages/crispy_forms/bootstrap.py first seen with mtime 1723888179.9972765
File /workspace/.pip-modules/lib/python3.12/site-packages/django/utils/termcolors.py first seen with mtime 1723888178.8012872
File /workspace/.pip-modules/lib/python3.12/site-packages/allauth/utils.py first seen with mtime 1723888180.0252764
File /workspace/.pip-modules/lib/python3.12/site-packages/django/core/serializers/__init__.py first seen with mtime 1723888178.7532876
File /workspace/.pip-modules/lib/python3.12/site-packages/django/db/backends/base/features.py first seen with mtime 1723888178.7572875
File /home/gitpod/.pyenv/versions/3.12.2/lib/python3.12/asyncio/streams.py first seen with mtime 1723887435.0
File /workspace/.pip-modules/lib/python3.12/site-packages/django/urls/resolvers.py first seen with mtime 1723888178.7972872
File /workspace/.pip-modules/lib/python3.12/site-packages/phonenumbers/data/alt_format_34.py first seen with mtime 1723888173.281336
File /workspace/.pip-modules/lib/python3.12/site-packages/django/db/backends/base/client.py first seen with mtime 1723888178.7572875
File /workspace/.pip-modules/lib/python3.12/site-packages/asgiref/sync.py first seen with mtime 1723888178.2332923
File /home/gitpod/.pyenv/versions/3.12.2/lib/python3.12/encodings/utf_8.py first seen with mtime 1723887435.0
File /workspace/.pip-modules/lib/python3.12/site-packages/allauth/core/ratelimit.py first seen with mtime 1723888180.0332763
File /workspace/pauls-pizzeria/contact/urls.py first seen with mtime 1723887567.4386945
File /workspace/.pip-modules/lib/python3.12/site-packages/django/views/__init__.py first seen with mtime 1723888178.8052871
File /home/gitpod/.pyenv/versions/3.12.2/lib/python3.12/typing.py first seen with mtime 1723887435.0
File /workspace/.pip-modules/lib/python3.12/site-packages/django/core/cache/__init__.py first seen with mtime 1723888178.7452877
File /workspace/.pip-modules/lib/python3.12/site-packages/phonenumbers/data/alt_format_31.py first seen with mtime 1723888173.281336
File /workspace/.pip-modules/lib/python3.12/site-packages/psycopg2/__init__.py first seen with mtime 1723888178.0692937
File /workspace/.pip-modules/lib/python3.12/site-packages/django/contrib/messages/api.py first seen with mtime 1723888178.6412885
File /workspace/.pip-modules/lib/python3.12/site-packages/phonenumbers/data/alt_format_54.py first seen with mtime 1723888173.281336
File /workspace/.pip-modules/lib/python3.12/site-packages/django/contrib/messages/__init__.py first seen with mtime 1723888178.6412885
File /home/gitpod/.pyenv/versions/3.12.2/lib/python3.12/asyncio/format_helpers.py first seen with mtime 1723887435.0
File /workspace/.pip-modules/lib/python3.12/site-packages/django_summernote/utils.py first seen with mtime 1723888179.9492772
File /workspace/.pip-modules/lib/python3.12/site-packages/django/core/checks/security/__init__.py first seen with mtime 1723888178.7452877
File /home/gitpod/.pyenv/versions/3.12.2/lib/python3.12/lib-dynload/_bz2.cpython-312-x86_64-linux-gnu.so first seen with mtime 1723887446.0
File /workspace/.pip-modules/lib/python3.12/site-packages/phonenumbers/data/alt_format_66.py first seen with mtime 1723888173.285336
File /workspace/.pip-modules/lib/python3.12/site-packages/phonenumbers/phonenumbermatcher.py first seen with mtime 1723888173.2733362
File /home/gitpod/.pyenv/versions/3.12.2/lib/python3.12/inspect.py first seen with mtime 1723887435.0
File /workspace/.pip-modules/lib/python3.12/site-packages/django/core/checks/database.py first seen with mtime 1723888178.7452877
File /workspace/pauls-pizzeria/contact/admin.py first seen with mtime 1723887567.4386945
File /workspace/.pip-modules/lib/python3.12/site-packages/django/contrib/admin/widgets.py first seen with mtime 1723888178.365291
File /workspace/.pip-modules/lib/python3.12/site-packages/allauth/account/templatetags/account.py first seen with mtime 1723888180.0292764
File /workspace/.pip-modules/lib/python3.12/site-packages/django/db/models/deletion.py first seen with mtime 1723888178.7692876
File /workspace/.pip-modules/lib/python3.12/site-packages/django/contrib/admin/templatetags/admin_urls.py first seen with mtime 1723888178.4532902
File /workspace/.pip-modules/lib/python3.12/site-packages/django/core/files/storage/mixins.py first seen with mtime 1723888178.7492876
File /home/gitpod/.pyenv/versions/3.12.2/lib/python3.12/collections/__init__.py first seen with mtime 1723887435.0
File /workspace/.pip-modules/lib/python3.12/site-packages/django/forms/renderers.py first seen with mtime 1723888178.7772875
File /workspace/.pip-modules/lib/python3.12/site-packages/allauth/account/utils.py first seen with mtime 1723888180.0292764
File /home/gitpod/.pyenv/versions/3.12.2/lib/python3.12/keyword.py first seen with mtime 1723887435.0
File /workspace/.pip-modules/lib/python3.12/site-packages/django/core/validators.py first seen with mtime 1723888178.7452877
File /home/gitpod/.pyenv/versions/3.12.2/lib/python3.12/email/_parseaddr.py first seen with mtime 1723887435.0
File /home/gitpod/.pyenv/versions/3.12.2/lib/python3.12/encodings/__init__.py first seen with mtime 1723887435.0
File /workspace/.pip-modules/lib/python3.12/site-packages/django/contrib/__init__.py first seen with mtime 1723888178.3612912
File /home/gitpod/.pyenv/versions/3.12.2/lib/python3.12/fnmatch.py first seen with mtime 1723887435.0
File /workspace/.pip-modules/lib/python3.12/site-packages/django/__init__.py first seen with mtime 1723888178.2972918
File /home/gitpod/.pyenv/versions/3.12.2/lib/python3.12/asyncio/locks.py first seen with mtime 1723887435.0
File /workspace/.pip-modules/lib/python3.12/site-packages/django/template/__init__.py first seen with mtime 1723888178.7892873
File /workspace/.pip-modules/lib/python3.12/site-packages/django/db/models/aggregates.py first seen with mtime 1723888178.7692876
File /workspace/.pip-modules/lib/python3.12/site-packages/django/db/backends/signals.py first seen with mtime 1723888178.7572875
File /workspace/.pip-modules/lib/python3.12/site-packages/django/db/backends/postgresql/psycopg_any.py first seen with mtime 1723888178.7612875
File /workspace/.pip-modules/lib/python3.12/site-packages/django/db/backends/postgresql/introspection.py first seen with mtime 1723888178.7612875
File /workspace/.pip-modules/lib/python3.12/site-packages/phonenumbers/data/alt_format_64.py first seen with mtime 1723888173.285336
File /workspace/.pip-modules/lib/python3.12/site-packages/psycopg2/_ipaddress.py first seen with mtime 1723888178.0692937
File /workspace/.pip-modules/lib/python3.12/site-packages/allauth/account/signals.py first seen with mtime 1723888180.0292764
File /workspace/.pip-modules/lib/python3.12/site-packages/django/db/models/functions/comparison.py first seen with mtime 1723888178.7732875
File /workspace/.pip-modules/lib/python3.12/site-packages/allauth/account/adapter.py first seen with mtime 1723888180.0292764
File /workspace/.pip-modules/lib/python3.12/site-packages/django/contrib/contenttypes/checks.py first seen with mtime 1723888178.5212896
File /home/gitpod/.pyenv/versions/3.12.2/lib/python3.12/lib-dynload/_queue.cpython-312-x86_64-linux-gnu.so first seen with mtime 1723887446.0
File /workspace/.pip-modules/lib/python3.12/site-packages/django/contrib/sessions/__init__.py first seen with mtime 1723888178.6892881
File /workspace/.pip-modules/lib/python3.12/site-packages/phonenumbers/data/alt_format_359.py first seen with mtime 1723888173.281336
File /workspace/.pip-modules/lib/python3.12/site-packages/phonenumbers/data/alt_format_7.py first seen with mtime 1723888173.285336
File /workspace/.pip-modules/lib/python3.12/site-packages/phonenumber_field/validators.py first seen with mtime 1723888179.9772768
File /workspace/.pip-modules/lib/python3.12/site-packages/django/contrib/staticfiles/checks.py first seen with mtime 1723888178.7412877
File /workspace/.pip-modules/lib/python3.12/site-packages/django/utils/translation/reloader.py first seen with mtime 1723888178.8052871
File /workspace/.pip-modules/lib/python3.12/site-packages/allauth/socialaccount/adapter.py first seen with mtime 1723888180.057276
File /workspace/.pip-modules/lib/python3.12/site-packages/django/views/generic/base.py first seen with mtime 1723888178.8052871
File /workspace/.pip-modules/lib/python3.12/site-packages/django/contrib/admin/decorators.py first seen with mtime 1723888178.3612912
File /home/gitpod/.pyenv/versions/3.12.2/lib/python3.12/lib-dynload/_uuid.cpython-312-x86_64-linux-gnu.so first seen with mtime 1723887446.0
File /home/gitpod/.pyenv/versions/3.12.2/lib/python3.12/tokenize.py first seen with mtime 1723887435.0
File /workspace/.pip-modules/lib/python3.12/site-packages/django/template/base.py first seen with mtime 1723888178.7892873
File /workspace/.pip-modules/lib/python3.12/site-packages/django/contrib/auth/views.py first seen with mtime 1723888178.48929
File /workspace/.pip-modules/lib/python3.12/site-packages/django/core/cache/backends/__init__.py first seen with mtime 1723888178.7452877
File /workspace/.pip-modules/lib/python3.12/site-packages/django/middleware/cache.py first seen with mtime 1723888178.7892873
File /home/gitpod/.pyenv/versions/3.12.2/lib/python3.12/email/__init__.py first seen with mtime 1723887435.0
File /workspace/.pip-modules/lib/python3.12/site-packages/django/utils/dateparse.py first seen with mtime 1723888178.7972872
File /workspace/.pip-modules/lib/python3.12/site-packages/django/contrib/staticfiles/handlers.py first seen with mtime 1723888178.7412877
File /home/gitpod/.pyenv/versions/3.12.2/lib/python3.12/contextlib.py first seen with mtime 1723887435.0
File /workspace/.pip-modules/lib/python3.12/site-packages/django/utils/hashable.py first seen with mtime 1723888178.8012872
File /workspace/.pip-modules/lib/python3.12/site-packages/django/db/models/fields/related_descriptors.py first seen with mtime 1723888178.7732875
File /workspace/pauls-pizzeria/my_project/settings.py first seen with mtime 1724070655.889075
File /workspace/.pip-modules/lib/python3.12/site-packages/phonenumbers/data/alt_format_358.py first seen with mtime 1723888173.281336
File /home/gitpod/.pyenv/versions/3.12.2/lib/python3.12/asyncio/log.py first seen with mtime 1723887435.0
File /home/gitpod/.pyenv/versions/3.12.2/lib/python3.12/asyncio/transports.py first seen with mtime 1723887435.0
File /home/gitpod/.pyenv/versions/3.12.2/lib/python3.12/lib-dynload/_ssl.cpython-312-x86_64-linux-gnu.so first seen with mtime 1723887446.0
File /workspace/.pip-modules/lib/python3.12/site-packages/phonenumbers/data/alt_format_55.py first seen with mtime 1723888173.281336
File /home/gitpod/.pyenv/versions/3.12.2/lib/python3.12/wsgiref/util.py first seen with mtime 1723887435.0
File /workspace/.pip-modules/lib/python3.12/site-packages/django/utils/regex_helper.py first seen with mtime 1723888178.8012872
File /home/gitpod/.pyenv/versions/3.12.2/lib/python3.12/asyncio/base_events.py first seen with mtime 1723887435.0
File /workspace/.pip-modules/lib/python3.12/site-packages/django/contrib/sites/apps.py first seen with mtime 1723888178.717288
File /workspace/.pip-modules/lib/python3.12/site-packages/django/shortcuts.py first seen with mtime 1723888178.2972918
File /home/gitpod/.pyenv/versions/3.12.2/lib/python3.12/argparse.py first seen with mtime 1723887435.0
File /workspace/.pip-modules/lib/python3.12/site-packages/django/http/multipartparser.py first seen with mtime 1723888178.7892873
File /workspace/.pip-modules/lib/python3.12/site-packages/django/views/generic/__init__.py first seen with mtime 1723888178.8052871
File /workspace/.pip-modules/lib/python3.12/site-packages/django/template/loader.py first seen with mtime 1723888178.7932873
File /home/gitpod/.pyenv/versions/3.12.2/lib/python3.12/lib-dynload/_contextvars.cpython-312-x86_64-linux-gnu.so first seen with mtime 1723887446.0
File /workspace/.pip-modules/lib/python3.12/site-packages/whitenoise/media_types.py first seen with mtime 1723888177.9252949
File /workspace/.pip-modules/lib/python3.12/site-packages/django/db/models/fields/mixins.py first seen with mtime 1723888178.7732875
File /workspace/pauls-pizzeria/my_project/urls.py first seen with mtime 1723887567.5066938
File /workspace/.pip-modules/lib/python3.12/site-packages/django/forms/models.py first seen with mtime 1723888178.7772875
File /home/gitpod/.pyenv/versions/3.12.2/lib/python3.12/email/utils.py first seen with mtime 1723887435.0
File /workspace/.pip-modules/lib/python3.12/site-packages/django/apps/config.py first seen with mtime 1723888178.2972918
File /workspace/.pip-modules/lib/python3.12/site-packages/crispy_forms/base.py first seen with mtime 1723888179.9972765
File /home/gitpod/.pyenv/versions/3.12.2/lib/python3.12/html/__init__.py first seen with mtime 1723887435.0
File /workspace/.pip-modules/lib/python3.12/site-packages/allauth/socialaccount/providers/base/constants.py first seen with mtime 1723888180.065276
File /home/gitpod/.pyenv/versions/3.12.2/lib/python3.12/secrets.py first seen with mtime 1723887435.0
File /workspace/.pip-modules/lib/python3.12/site-packages/django/core/checks/translation.py first seen with mtime 1723888178.7452877
File /home/gitpod/.pyenv/versions/3.12.2/lib/python3.12/tempfile.py first seen with mtime 1723887435.0
File /workspace/.pip-modules/lib/python3.12/site-packages/django/views/decorators/clickjacking.py first seen with mtime 1723888178.8052871
File /workspace/.pip-modules/lib/python3.12/site-packages/phonenumbers/data/alt_format_385.py first seen with mtime 1723888173.281336
File /workspace/.pip-modules/lib/python3.12/site-packages/django/core/__init__.py first seen with mtime 1723888178.7412877
File /workspace/.pip-modules/lib/python3.12/site-packages/django/contrib/auth/admin.py first seen with mtime 1723888178.48529
File /workspace/.pip-modules/lib/python3.12/site-packages/django/forms/boundfield.py first seen with mtime 1723888178.7772875
File /workspace/.pip-modules/lib/python3.12/site-packages/django/db/backends/postgresql/creation.py first seen with mtime 1723888178.7612875
File /workspace/.pip-modules/lib/python3.12/site-packages/django/http/cookie.py first seen with mtime 1723888178.7892873
File /home/gitpod/.pyenv/versions/3.12.2/lib/python3.12/lib-dynload/_decimal.cpython-312-x86_64-linux-gnu.so first seen with mtime 1723887446.0
File /workspace/.pip-modules/lib/python3.12/site-packages/django/core/files/storage/__init__.py first seen with mtime 1723888178.7492876
File /home/gitpod/.pyenv/versions/3.12.2/lib/python3.12/email/mime/base.py first seen with mtime 1723887435.0
File /workspace/.pip-modules/lib/python3.12/site-packages/sqlparse/filters/right_margin.py first seen with mtime 1723888177.941295
File /workspace/.pip-modules/lib/python3.12/site-packages/django/core/exceptions.py first seen with mtime 1723888178.7412877
File /workspace/.pip-modules/lib/python3.12/site-packages/django/urls/utils.py first seen with mtime 1723888178.7972872
File /workspace/.pip-modules/lib/python3.12/site-packages/django/conf/locale/__init__.py first seen with mtime 1723888178.2972918
File /workspace/.pip-modules/lib/python3.12/site-packages/whitenoise/__init__.py first seen with mtime 1723888177.9252949
File /workspace/.pip-modules/lib/python3.12/site-packages/django/utils/ipv6.py first seen with mtime 1723888178.8012872
File /workspace/.pip-modules/lib/python3.12/site-packages/phonenumbers/data/alt_format_43.py first seen with mtime 1723888173.281336
File /workspace/.pip-modules/lib/python3.12/site-packages/phonenumbers/data/alt_format_679.py first seen with mtime 1723888173.285336
File /workspace/.pip-modules/lib/python3.12/site-packages/sqlparse/filters/output.py first seen with mtime 1723888177.941295
File /workspace/.pip-modules/lib/python3.12/site-packages/allauth/__init__.py first seen with mtime 1723888180.0252764
File /home/gitpod/.pyenv/versions/3.12.2/lib/python3.12/lib-dynload/_zoneinfo.cpython-312-x86_64-linux-gnu.so first seen with mtime 1723887446.0
File /workspace/.pip-modules/lib/python3.12/site-packages/django/contrib/sites/management.py first seen with mtime 1723888178.717288
File /workspace/.pip-modules/lib/python3.12/site-packages/django/utils/itercompat.py first seen with mtime 1723888178.8012872
File /home/gitpod/.pyenv/versions/3.12.2/lib/python3.12/bisect.py first seen with mtime 1723887435.0
File /workspace/.pip-modules/lib/python3.12/site-packages/django/utils/safestring.py first seen with mtime 1723888178.8012872
File /workspace/.pip-modules/lib/python3.12/site-packages/phonenumbers/data/alt_format_505.py first seen with mtime 1723888173.281336
File /home/gitpod/.pyenv/versions/3.12.2/lib/python3.12/asyncio/runners.py first seen with mtime 1723887435.0
File /workspace/.pip-modules/lib/python3.12/site-packages/django/db/models/fields/proxy.py first seen with mtime 1723888178.7732875
File /workspace/.pip-modules/lib/python3.12/site-packages/django/core/handlers/wsgi.py first seen with mtime 1723888178.7492876
File /workspace/pauls-pizzeria/home/admin.py first seen with mtime 1723887567.5066938
File /workspace/.pip-modules/lib/python3.12/site-packages/phonenumber_field/modelfields.py first seen with mtime 1723888179.9772768
File /workspace/.pip-modules/lib/python3.12/site-packages/django/template/utils.py first seen with mtime 1723888178.7932873
File /workspace/.pip-modules/lib/python3.12/site-packages/django/utils/__init__.py first seen with mtime 1723888178.7972872
File /home/gitpod/.pyenv/versions/3.12.2/lib/python3.12/asyncio/events.py first seen with mtime 1723887435.0
File /workspace/.pip-modules/lib/python3.12/site-packages/django/contrib/auth/mixins.py first seen with mtime 1723888178.48529
File /workspace/.pip-modules/lib/python3.12/site-packages/phonenumbers/__init__.py first seen with mtime 1723888173.2733362
File /workspace/.pip-modules/lib/python3.12/site-packages/sqlparse/engine/statement_splitter.py first seen with mtime 1723888177.941295
File /workspace/.pip-modules/lib/python3.12/site-packages/allauth/socialaccount/providers/__init__.py first seen with mtime 1723888180.057276
File /workspace/.pip-modules/lib/python3.12/site-packages/phonenumber_field/version.py first seen with mtime 1723888179.9772768
File /home/gitpod/.pyenv/versions/3.12.2/lib/python3.12/asyncio/staggered.py first seen with mtime 1723887435.0
File /workspace/.pip-modules/lib/python3.12/site-packages/django/forms/formsets.py first seen with mtime 1723888178.7772875
File /home/gitpod/.pyenv/versions/3.12.2/lib/python3.12/lib-dynload/_socket.cpython-312-x86_64-linux-gnu.so first seen with mtime 1723887446.0
File /workspace/.pip-modules/lib/python3.12/site-packages/django/core/files/locks.py first seen with mtime 1723888178.7492876
File /workspace/.pip-modules/lib/python3.12/site-packages/django/core/files/storage/filesystem.py first seen with mtime 1723888178.7492876
File /workspace/.pip-modules/lib/python3.12/site-packages/django/contrib/admin/templatetags/log.py first seen with mtime 1723888178.4532902
File /workspace/.pip-modules/lib/python3.12/site-packages/dj_database_url.py first seen with mtime 1723888177.921295
File /workspace/.pip-modules/lib/python3.12/site-packages/django/core/serializers/json.py first seen with mtime 1723888178.7572875
File /workspace/.pip-modules/lib/python3.12/site-packages/django/contrib/messages/storage/base.py first seen with mtime 1723888178.6412885
File /workspace/.pip-modules/lib/python3.12/site-packages/phonenumbers/data/alt_format_855.py first seen with mtime 1723888173.285336
File /workspace/.pip-modules/lib/python3.12/site-packages/sqlparse/__init__.py first seen with mtime 1723888177.941295
File /workspace/.pip-modules/lib/python3.12/site-packages/django/contrib/auth/decorators.py first seen with mtime 1723888178.48529
File /home/gitpod/.pyenv/versions/3.12.2/lib/python3.12/email/encoders.py first seen with mtime 1723887435.0
File /workspace/.pip-modules/lib/python3.12/site-packages/allauth/socialaccount/apps.py first seen with mtime 1723888180.057276
File /home/gitpod/.pyenv/versions/3.12.2/lib/python3.12/socket.py first seen with mtime 1723887435.0
File /workspace/.pip-modules/lib/python3.12/site-packages/django_summernote/admin.py first seen with mtime 1723888179.9492772
File /home/gitpod/.pyenv/versions/3.12.2/lib/python3.12/json/decoder.py first seen with mtime 1723887435.0
File /home/gitpod/.pyenv/versions/3.12.2/lib/python3.12/email/parser.py first seen with mtime 1723887435.0
File /workspace/.pip-modules/lib/python3.12/site-packages/django/urls/base.py first seen with mtime 1723888178.7972872
File /workspace/.pip-modules/lib/python3.12/site-packages/django/views/decorators/__init__.py first seen with mtime 1723888178.8052871
File /workspace/.pip-modules/lib/python3.12/site-packages/django/db/models/constants.py first seen with mtime 1723888178.7692876
File /workspace/.pip-modules/lib/python3.12/site-packages/django/contrib/admin/apps.py first seen with mtime 1723888178.3612912
File /workspace/pauls-pizzeria/contact/__init__.py first seen with mtime 1723887567.4386945
File /home/gitpod/.pyenv/versions/3.12.2/lib/python3.12/signal.py first seen with mtime 1723887435.0
File /home/gitpod/.pyenv/versions/3.12.2/lib/python3.12/lib-dynload/_posixsubprocess.cpython-312-x86_64-linux-gnu.so first seen with mtime 1723887446.0
File /workspace/.pip-modules/lib/python3.12/site-packages/django/db/models/functions/mixins.py first seen with mtime 1723888178.7732875
File /workspace/.pip-modules/lib/python3.12/site-packages/allauth/urls.py first seen with mtime 1723888180.0252764
File /workspace/.pip-modules/lib/python3.12/site-packages/django/db/migrations/operations/special.py first seen with mtime 1723888178.7692876
File /home/gitpod/.pyenv/versions/3.12.2/lib/python3.12/importlib/_abc.py first seen with mtime 1723887435.0
File /workspace/.pip-modules/lib/python3.12/site-packages/django/template/backends/django.py first seen with mtime 1723888178.7932873
File /home/gitpod/.pyenv/versions/3.12.2/lib/python3.12/wsgiref/headers.py first seen with mtime 1723887435.0
File /workspace/.pip-modules/lib/python3.12/site-packages/django/db/models/sql/query.py first seen with mtime 1723888178.7772875
File /workspace/.pip-modules/lib/python3.12/site-packages/django/template/autoreload.py first seen with mtime 1723888178.7892873
File /workspace/.pip-modules/lib/python3.12/site-packages/phonenumbers/data/alt_format_84.py first seen with mtime 1723888173.285336
File /workspace/.pip-modules/lib/python3.12/site-packages/django/core/files/utils.py first seen with mtime 1723888178.7492876
File /workspace/.pip-modules/lib/python3.12/site-packages/django/middleware/security.py first seen with mtime 1723888178.7892873
File /workspace/.pip-modules/lib/python3.12/site-packages/django/contrib/admin/__init__.py first seen with mtime 1723888178.3612912
File /workspace/.pip-modules/lib/python3.12/site-packages/django/db/models/sql/subqueries.py first seen with mtime 1723888178.7772875
File /home/gitpod/.pyenv/versions/3.12.2/lib/python3.12/urllib/error.py first seen with mtime 1723887435.0
File /home/gitpod/.pyenv/versions/3.12.2/lib/python3.12/asyncio/base_tasks.py first seen with mtime 1723887435.0
File /home/gitpod/.pyenv/versions/3.12.2/lib/python3.12/pkgutil.py first seen with mtime 1723887435.0
File /workspace/.pip-modules/lib/python3.12/site-packages/allauth/account/views.py first seen with mtime 1723888180.0292764
File /workspace/.pip-modules/lib/python3.12/site-packages/django/utils/crypto.py first seen with mtime 1723888178.7972872
File /workspace/.pip-modules/lib/python3.12/site-packages/django/db/models/sql/where.py first seen with mtime 1723888178.7772875
File /home/gitpod/.pyenv/versions/3.12.2/lib/python3.12/email/mime/__init__.py first seen with mtime 1723887435.0
File /workspace/.pip-modules/lib/python3.12/site-packages/django/templatetags/tz.py first seen with mtime 1723888178.7932873
File /workspace/.pip-modules/lib/python3.12/site-packages/sqlparse/formatter.py first seen with mtime 1723888177.941295
File /workspace/.pip-modules/lib/python3.12/site-packages/django/templatetags/i18n.py first seen with mtime 1723888178.7932873
File /workspace/.pip-modules/lib/python3.12/site-packages/asgiref/__init__.py first seen with mtime 1723888178.2332923
File /workspace/.pip-modules/lib/python3.12/site-packages/django/db/migrations/utils.py first seen with mtime 1723888178.7652876
File /workspace/.pip-modules/lib/python3.12/site-packages/django/core/cache/backends/base.py first seen with mtime 1723888178.7452877
File /workspace/.pip-modules/lib/python3.12/site-packages/phonenumber_field/phonenumber.py first seen with mtime 1723888179.9772768
File /workspace/.pip-modules/lib/python3.12/site-packages/allauth/socialaccount/helpers.py first seen with mtime 1723888180.057276
File /workspace/.pip-modules/lib/python3.12/site-packages/django/template/loaders/__init__.py first seen with mtime 1723888178.7932873
File /workspace/.pip-modules/lib/python3.12/site-packages/phonenumbers/data/alt_format_91.py first seen with mtime 1723888173.285336
File /workspace/.pip-modules/lib/python3.12/site-packages/phonenumbers/data/alt_format_506.py first seen with mtime 1723888173.281336
File /home/gitpod/.pyenv/versions/3.12.2/lib/python3.12/email/mime/message.py first seen with mtime 1723887435.0
File /workspace/.pip-modules/lib/python3.12/site-packages/django/db/models/fields/json.py first seen with mtime 1723888178.7732875
File /workspace/.pip-modules/lib/python3.12/site-packages/django/utils/http.py first seen with mtime 1723888178.8012872
File /workspace/.pip-modules/lib/python3.12/site-packages/django/db/backends/base/creation.py first seen with mtime 1723888178.7572875
File /workspace/.pip-modules/lib/python3.12/site-packages/phonenumbers/data/alt_format_52.py first seen with mtime 1723888173.281336
File /workspace/.pip-modules/lib/python3.12/site-packages/django/conf/__init__.py first seen with mtime 1723888178.2972918
File /workspace/.pip-modules/lib/python3.12/site-packages/django_summernote/urls.py first seen with mtime 1723888179.9492772
File /home/gitpod/.pyenv/versions/3.12.2/lib/python3.12/decimal.py first seen with mtime 1723887435.0
File /home/gitpod/.pyenv/versions/3.12.2/lib/python3.12/lib-dynload/_pickle.cpython-312-x86_64-linux-gnu.so first seen with mtime 1723887446.0
File /home/gitpod/.pyenv/versions/3.12.2/lib/python3.12/enum.py first seen with mtime 1723887435.0
File /workspace/.pip-modules/lib/python3.12/site-packages/django/core/files/__init__.py first seen with mtime 1723888178.7452877
File /workspace/.pip-modules/lib/python3.12/site-packages/django/core/checks/urls.py first seen with mtime 1723888178.7452877
File /workspace/.pip-modules/lib/python3.12/site-packages/allauth/account/managers.py first seen with mtime 1723888180.0292764
File /workspace/.pip-modules/lib/python3.12/site-packages/django/template/exceptions.py first seen with mtime 1723888178.7932873
File /workspace/.pip-modules/lib/python3.12/site-packages/sqlparse/filters/__init__.py first seen with mtime 1723888177.941295
File /workspace/.pip-modules/lib/python3.12/site-packages/sqlparse/lexer.py first seen with mtime 1723888177.941295
File /home/gitpod/.pyenv/versions/3.12.2/lib/python3.12/token.py first seen with mtime 1723887435.0
File /workspace/.pip-modules/lib/python3.12/site-packages/django/templatetags/l10n.py first seen with mtime 1723888178.7932873
File /workspace/.pip-modules/lib/python3.12/site-packages/django/core/handlers/__init__.py first seen with mtime 1723888178.7492876
File /home/gitpod/.pyenv/versions/3.12.2/lib/python3.12/site-packages/_distutils_hack/__init__.py first seen with mtime 1723887461.0
File /workspace/.pip-modules/lib/python3.12/site-packages/django/core/management/color.py first seen with mtime 1723888178.7492876
File /workspace/.pip-modules/lib/python3.12/site-packages/django/db/models/base.py first seen with mtime 1723888178.7692876
File /workspace/.pip-modules/lib/python3.12/site-packages/phonenumbers/data/alt_format_81.py first seen with mtime 1723888173.285336
File /home/gitpod/.pyenv/versions/3.12.2/lib/python3.12/lib-dynload/_blake2.cpython-312-x86_64-linux-gnu.so first seen with mtime 1723887446.0
File /workspace/.pip-modules/lib/python3.12/site-packages/allauth/socialaccount/forms.py first seen with mtime 1723888180.057276
File /home/gitpod/.pyenv/versions/3.12.2/lib/python3.12/email/generator.py first seen with mtime 1723887435.0
File /workspace/.pip-modules/lib/python3.12/site-packages/django/core/serializers/base.py first seen with mtime 1723888178.7572875
File /workspace/.pip-modules/lib/python3.12/site-packages/django/db/models/sql/__init__.py first seen with mtime 1723888178.7732875
File /workspace/.pip-modules/lib/python3.12/site-packages/django/utils/decorators.py first seen with mtime 1723888178.8012872
File /workspace/.pip-modules/lib/python3.12/site-packages/django/utils/version.py first seen with mtime 1723888178.8012872
File /home/gitpod/.pyenv/versions/3.12.2/lib/python3.12/types.py first seen with mtime 1723887435.0
File /workspace/.pip-modules/lib/python3.12/site-packages/django/db/models/expressions.py first seen with mtime 1723888178.7692876
File /workspace/.pip-modules/lib/python3.12/site-packages/django/contrib/auth/hashers.py first seen with mtime 1723888178.48529
File /home/gitpod/.pyenv/versions/3.12.2/lib/python3.12/asyncio/futures.py first seen with mtime 1723887435.0
File /workspace/.pip-modules/lib/python3.12/site-packages/django_summernote/models.py first seen with mtime 1723888179.9492772
File /home/gitpod/.pyenv/versions/3.12.2/lib/python3.12/email/_policybase.py first seen with mtime 1723887435.0
File /workspace/.pip-modules/lib/python3.12/site-packages/django/utils/duration.py first seen with mtime 1723888178.8012872
File /workspace/.pip-modules/lib/python3.12/site-packages/django/template/response.py first seen with mtime 1723888178.7932873
File /home/gitpod/.pyenv/versions/3.12.2/lib/python3.12/_markupbase.py first seen with mtime 1723887435.0
File /workspace/.pip-modules/lib/python3.12/site-packages/django/contrib/sites/shortcuts.py first seen with mtime 1723888178.717288
File /workspace/.pip-modules/lib/python3.12/site-packages/django/contrib/staticfiles/finders.py first seen with mtime 1723888178.7412877
File /workspace/.pip-modules/lib/python3.12/site-packages/django/core/files/temp.py first seen with mtime 1723888178.7492876
File /workspace/.pip-modules/lib/python3.12/site-packages/django/template/backends/__init__.py first seen with mtime 1723888178.7932873
File /workspace/.pip-modules/lib/python3.12/site-packages/django/core/files/storage/handler.py first seen with mtime 1723888178.7492876
File /workspace/.pip-modules/lib/python3.12/site-packages/phonenumbers/data/__init__.py first seen with mtime 1723888173.281336
File /workspace/pauls-pizzeria/booking/__init__.py first seen with mtime 1723887567.4386945
File /home/gitpod/.pyenv/versions/3.12.2/lib/python3.12/email/feedparser.py first seen with mtime 1723887435.0
File /workspace/.pip-modules/lib/python3.12/site-packages/django/contrib/admin/filters.py first seen with mtime 1723888178.3612912
File /workspace/.pip-modules/lib/python3.12/site-packages/sqlparse/tokens.py first seen with mtime 1723888177.941295
File /home/gitpod/.pyenv/versions/3.12.2/lib/python3.12/linecache.py first seen with mtime 1723887435.0
File /home/gitpod/.pyenv/versions/3.12.2/lib/python3.12/shutil.py first seen with mtime 1723887435.0
File /workspace/.pip-modules/lib/python3.12/site-packages/sqlparse/engine/__init__.py first seen with mtime 1723888177.941295
File /workspace/.pip-modules/lib/python3.12/site-packages/django/db/backends/base/introspection.py first seen with mtime 1723888178.7572875
File /workspace/.pip-modules/lib/python3.12/site-packages/allauth/account/forms.py first seen with mtime 1723888180.0292764
File /home/gitpod/.pyenv/versions/3.12.2/lib/python3.12/email/iterators.py first seen with mtime 1723887435.0
File /workspace/.pip-modules/lib/python3.12/site-packages/django/utils/tree.py first seen with mtime 1723888178.8012872
File /workspace/.pip-modules/lib/python3.12/site-packages/django/utils/dates.py first seen with mtime 1723888178.7972872
File /workspace/.pip-modules/lib/python3.12/site-packages/django/template/defaultfilters.py first seen with mtime 1723888178.7892873
File /workspace/.pip-modules/lib/python3.12/site-packages/phonenumbers/shortdata/__init__.py first seen with mtime 1723888173.3653352
File /workspace/.pip-modules/lib/python3.12/site-packages/psycopg2/extras.py first seen with mtime 1723888178.0772936
File /workspace/.pip-modules/lib/python3.12/site-packages/django/core/checks/security/sessions.py first seen with mtime 1723888178.7452877
File /workspace/.pip-modules/lib/python3.12/site-packages/django/apps/registry.py first seen with mtime 1723888178.2972918
File /workspace/.pip-modules/lib/python3.12/site-packages/phonenumbers/data/alt_format_62.py first seen with mtime 1723888173.285336
File /workspace/.pip-modules/lib/python3.12/site-packages/sqlparse/filters/reindent.py first seen with mtime 1723888177.941295
File /workspace/.pip-modules/lib/python3.12/site-packages/django/template/loaders/app_directories.py first seen with mtime 1723888178.7932873
File /home/gitpod/.pyenv/versions/3.12.2/lib/python3.12/quopri.py first seen with mtime 1723887435.0
File /workspace/.pip-modules/lib/python3.12/site-packages/django/db/models/manager.py first seen with mtime 1723888178.7692876
File /workspace/.pip-modules/lib/python3.12/site-packages/django/templatetags/cache.py first seen with mtime 1723888178.7932873
File /home/gitpod/.pyenv/versions/3.12.2/lib/python3.12/hmac.py first seen with mtime 1723887435.0
File /home/gitpod/.pyenv/versions/3.12.2/lib/python3.12/concurrent/futures/thread.py first seen with mtime 1723887435.0
File /home/gitpod/.pyenv/versions/3.12.2/lib/python3.12/asyncio/selector_events.py first seen with mtime 1723887435.0
File /workspace/.pip-modules/lib/python3.12/site-packages/django/db/models/__init__.py first seen with mtime 1723888178.7692876
File /workspace/.pip-modules/lib/python3.12/site-packages/django/template/loaders/filesystem.py first seen with mtime 1723888178.7932873
File /workspace/.pip-modules/lib/python3.12/site-packages/django/contrib/auth/tokens.py first seen with mtime 1723888178.48529
File /home/gitpod/.pyenv/versions/3.12.2/lib/python3.12/wsgiref/simple_server.py first seen with mtime 1723887435.0
File /workspace/.pip-modules/lib/python3.12/site-packages/django/utils/encoding.py first seen with mtime 1723888178.8012872
File /workspace/.pip-modules/lib/python3.12/site-packages/django/db/backends/ddl_references.py first seen with mtime 1723888178.7572875
File /workspace/.pip-modules/lib/python3.12/site-packages/phonenumbers/shortnumberinfo.py first seen with mtime 1723888173.2773361
File /home/gitpod/.pyenv/versions/3.12.2/lib/python3.12/_compression.py first seen with mtime 1723887435.0
File /workspace/.pip-modules/lib/python3.12/site-packages/django/db/models/functions/math.py first seen with mtime 1723888178.7732875
File /home/gitpod/.pyenv/versions/3.12.2/lib/python3.12/site-packages/babel/plural.py first seen with mtime 1723887465.0
File /home/gitpod/.pyenv/versions/3.12.2/lib/python3.12/collections/abc.py first seen with mtime 1723887435.0
File /home/gitpod/.pyenv/versions/3.12.2/lib/python3.12/lib-dynload/fcntl.cpython-312-x86_64-linux-gnu.so first seen with mtime 1723887446.0
File /workspace/.pip-modules/lib/python3.12/site-packages/django/templatetags/static.py first seen with mtime 1723888178.7932873
File /workspace/.pip-modules/lib/python3.12/site-packages/allauth/socialaccount/templatetags/__init__.py first seen with mtime 1723888180.1212754
File /home/gitpod/.pyenv/versions/3.12.2/lib/python3.12/traceback.py first seen with mtime 1723887435.0
File /workspace/.pip-modules/lib/python3.12/site-packages/django/template/loaders/base.py first seen with mtime 1723888178.7932873
File /home/gitpod/.pyenv/versions/3.12.2/lib/python3.12/datetime.py first seen with mtime 1723887435.0
File /workspace/.pip-modules/lib/python3.12/site-packages/django/contrib/admin/views/__init__.py first seen with mtime 1723888178.4532902
File /workspace/.pip-modules/lib/python3.12/site-packages/django/db/models/fields/files.py first seen with mtime 1723888178.7732875
File /workspace/.pip-modules/lib/python3.12/site-packages/django/template/smartif.py first seen with mtime 1723888178.7932873
File /workspace/.pip-modules/lib/python3.12/site-packages/django/db/models/functions/text.py first seen with mtime 1723888178.7732875
File /home/gitpod/.pyenv/versions/3.12.2/lib/python3.12/dataclasses.py first seen with mtime 1723887435.0
File /workspace/.pip-modules/lib/python3.12/site-packages/django/forms/forms.py first seen with mtime 1723888178.7772875
File /workspace/.pip-modules/lib/python3.12/site-packages/django/utils/timesince.py first seen with mtime 1723888178.8012872
File /workspace/.pip-modules/lib/python3.12/site-packages/sqlparse/cli.py first seen with mtime 1723888177.941295
File /home/gitpod/.pyenv/versions/3.12.2/lib/python3.12/asyncio/base_subprocess.py first seen with mtime 1723887435.0
File /workspace/pauls-pizzeria/contact/views.py first seen with mtime 1724069974.0787547
File /workspace/.pip-modules/lib/python3.12/site-packages/django/views/decorators/common.py first seen with mtime 1723888178.8052871
File /workspace/.pip-modules/lib/python3.12/site-packages/django/contrib/staticfiles/management/commands/__init__.py first seen with mtime 1723888178.7412877
File /workspace/.pip-modules/lib/python3.12/site-packages/phonenumbers/data/alt_format_49.py first seen with mtime 1723888173.281336
File /workspace/.pip-modules/lib/python3.12/site-packages/django/core/handlers/exception.py first seen with mtime 1723888178.7492876
File /workspace/.pip-modules/lib/python3.12/site-packages/phonenumbers/data/alt_format_58.py first seen with mtime 1723888173.281336
File /workspace/.pip-modules/lib/python3.12/site-packages/django/contrib/sessions/apps.py first seen with mtime 1723888178.6892881
File /home/gitpod/.pyenv/versions/3.12.2/lib/python3.12/copyreg.py first seen with mtime 1723887435.0
File /workspace/.pip-modules/lib/python3.12/site-packages/django/contrib/auth/validators.py first seen with mtime 1723888178.48929
File /home/gitpod/.pyenv/versions/3.12.2/lib/python3.12/socketserver.py first seen with mtime 1723887435.0
File /home/gitpod/.pyenv/versions/3.12.2/lib/python3.12/mimetypes.py first seen with mtime 1723887435.0
File /workspace/.pip-modules/lib/python3.12/site-packages/django/core/handlers/asgi.py first seen with mtime 1723888178.7492876
File /workspace/.pip-modules/lib/python3.12/site-packages/django/contrib/admin/models.py first seen with mtime 1723888178.3612912
File /workspace/.pip-modules/lib/python3.12/site-packages/django/db/migrations/exceptions.py first seen with mtime 1723888178.7652876
File /workspace/.pip-modules/lib/python3.12/site-packages/django/core/management/commands/runserver.py first seen with mtime 1723888178.7532876
File /home/gitpod/.pyenv/versions/3.12.2/lib/python3.12/asyncio/subprocess.py first seen with mtime 1723887435.0
File /home/gitpod/.pyenv/versions/3.12.2/lib/python3.12/json/scanner.py first seen with mtime 1723887435.0
File /workspace/.pip-modules/lib/python3.12/site-packages/django/templatetags/__init__.py first seen with mtime 1723888178.7932873
File /home/gitpod/.pyenv/versions/3.12.2/lib/python3.12/asyncio/unix_events.py first seen with mtime 1723887435.0
File /home/gitpod/.pyenv/versions/3.12.2/lib/python3.12/lib-dynload/zlib.cpython-312-x86_64-linux-gnu.so first seen with mtime 1723887446.0
File /workspace/pauls-pizzeria/booking/views.py first seen with mtime 1724068562.7625272
File /workspace/.pip-modules/lib/python3.12/site-packages/django/contrib/auth/forms.py first seen with mtime 1723888178.48529
File /workspace/.pip-modules/lib/python3.12/site-packages/django/db/models/constraints.py first seen with mtime 1723888178.7692876
File /workspace/.pip-modules/lib/python3.12/site-packages/django_summernote/widgets.py first seen with mtime 1723888179.9492772
File /home/gitpod/.pyenv/versions/3.12.2/lib/python3.12/site-packages/babel/localedata.py first seen with mtime 1723887465.0
File /home/gitpod/.pyenv/versions/3.12.2/lib/python3.12/string.py first seen with mtime 1723887435.0
File /workspace/.pip-modules/lib/python3.12/site-packages/django/utils/html.py first seen with mtime 1723888178.8012872
File /home/gitpod/.pyenv/versions/3.12.2/lib/python3.12/email/message.py first seen with mtime 1723887435.0
File /home/gitpod/.pyenv/versions/3.12.2/lib/python3.12/lib-dynload/_json.cpython-312-x86_64-linux-gnu.so first seen with mtime 1723887446.0
File /workspace/.pip-modules/lib/python3.12/site-packages/phonenumber_field/__init__.py first seen with mtime 1723888179.9772768
File /home/gitpod/.pyenv/versions/3.12.2/lib/python3.12/re/_constants.py first seen with mtime 1723887435.0
File /workspace/.pip-modules/lib/python3.12/site-packages/django/contrib/contenttypes/views.py first seen with mtime 1723888178.5212896
File /workspace/.pip-modules/lib/python3.12/site-packages/django/core/mail/message.py first seen with mtime 1723888178.7492876
File /workspace/.pip-modules/lib/python3.12/site-packages/django/core/files/uploadedfile.py first seen with mtime 1723888178.7492876
File /workspace/.pip-modules/lib/python3.12/site-packages/django/db/utils.py first seen with mtime 1723888178.7572875
File /home/gitpod/.pyenv/versions/3.12.2/lib/python3.12/heapq.py first seen with mtime 1723887435.0
File /home/gitpod/.pyenv/versions/3.12.2/lib/python3.12/asyncio/protocols.py first seen with mtime 1723887435.0
File /workspace/.pip-modules/lib/python3.12/site-packages/psycopg2/_json.py first seen with mtime 1723888178.0692937
File /home/gitpod/.pyenv/versions/3.12.2/lib/python3.12/functools.py first seen with mtime 1723887435.0
File /workspace/.pip-modules/lib/python3.12/site-packages/django/core/checks/compatibility/__init__.py first seen with mtime 1723888178.7452877
File /workspace/.pip-modules/lib/python3.12/site-packages/phonenumbers/util.py first seen with mtime 1723888173.2773361
File /workspace/.pip-modules/lib/python3.12/site-packages/django/conf/urls/__init__.py first seen with mtime 1723888178.3612912
File /workspace/.pip-modules/lib/python3.12/site-packages/django/db/backends/__init__.py first seen with mtime 1723888178.7572875
File /workspace/.pip-modules/lib/python3.12/site-packages/django/core/serializers/python.py first seen with mtime 1723888178.7572875
File /workspace/.pip-modules/lib/python3.12/site-packages/django/db/backends/base/operations.py first seen with mtime 1723888178.7572875
File /workspace/.pip-modules/lib/python3.12/site-packages/crispy_forms/templatetags/crispy_forms_utils.py first seen with mtime 1723888179.9972765
File /workspace/.pip-modules/lib/python3.12/site-packages/django/contrib/admin/actions.py first seen with mtime 1723888178.3612912
File /workspace/.pip-modules/lib/python3.12/site-packages/django/db/models/options.py first seen with mtime 1723888178.7692876
File /workspace/.pip-modules/lib/python3.12/site-packages/django/db/backends/base/schema.py first seen with mtime 1723888178.7572875
File /workspace/.pip-modules/lib/python3.12/site-packages/django/db/models/indexes.py first seen with mtime 1723888178.7692876
File /home/gitpod/.pyenv/versions/3.12.2/lib/python3.12/ssl.py first seen with mtime 1723887435.0
File /workspace/.pip-modules/lib/python3.12/site-packages/django/db/models/sql/datastructures.py first seen with mtime 1723888178.7732875
File /workspace/.pip-modules/lib/python3.12/site-packages/phonenumber_field/widgets.py first seen with mtime 1723888179.9772768
File /home/gitpod/.pyenv/versions/3.12.2/lib/python3.12/logging/handlers.py first seen with mtime 1723887435.0
File /home/gitpod/.pyenv/versions/3.12.2/lib/python3.12/lib-dynload/termios.cpython-312-x86_64-linux-gnu.so first seen with mtime 1723887446.0
File /workspace/.pip-modules/lib/python3.12/site-packages/django/core/files/storage/memory.py first seen with mtime 1723888178.7492876
File /workspace/.pip-modules/lib/python3.12/site-packages/django/contrib/sites/checks.py first seen with mtime 1723888178.717288
File /workspace/.pip-modules/lib/python3.12/site-packages/psycopg2/_psycopg.cpython-312-x86_64-linux-gnu.so first seen with mtime 1723888178.0772936
File /workspace/.pip-modules/lib/python3.12/site-packages/django/core/checks/messages.py first seen with mtime 1723888178.7452877
File /workspace/.pip-modules/lib/python3.12/site-packages/django/core/checks/templates.py first seen with mtime 1723888178.7452877
File /workspace/.pip-modules/lib/python3.12/site-packages/phonenumbers/phonenumber.py first seen with mtime 1723888173.2733362
File /workspace/.pip-modules/lib/python3.12/site-packages/django/contrib/auth/password_validation.py first seen with mtime 1723888178.48529
File /home/gitpod/.pyenv/versions/3.12.2/lib/python3.12/weakref.py first seen with mtime 1723887435.0
File /workspace/.pip-modules/lib/python3.12/site-packages/phonenumbers/data/alt_format_61.py first seen with mtime 1723888173.285336
File /home/gitpod/.pyenv/versions/3.12.2/lib/python3.12/selectors.py first seen with mtime 1723887435.0
File /home/gitpod/.pyenv/versions/3.12.2/lib/python3.12/subprocess.py first seen with mtime 1723887435.0
File /home/gitpod/.pyenv/versions/3.12.2/lib/python3.12/site-packages/babel/core.py first seen with mtime 1723887465.0
File /workspace/.pip-modules/lib/python3.12/site-packages/django/template/library.py first seen with mtime 1723888178.7932873
File /workspace/.pip-modules/lib/python3.12/site-packages/django/views/defaults.py first seen with mtime 1723888178.8052871
File /home/gitpod/.pyenv/versions/3.12.2/lib/python3.12/zoneinfo/_common.py first seen with mtime 1723887435.0
File /home/gitpod/.pyenv/versions/3.12.2/lib/python3.12/asyncio/constants.py first seen with mtime 1723887435.0
File /workspace/.pip-modules/lib/python3.12/site-packages/phonenumbers/data/alt_format_971.py first seen with mtime 1723888173.285336
File /workspace/.pip-modules/lib/python3.12/site-packages/django/contrib/admin/views/autocomplete.py first seen with mtime 1723888178.4532902
File /workspace/.pip-modules/lib/python3.12/site-packages/allauth/app_settings.py first seen with mtime 1723888180.0252764
File /home/gitpod/.pyenv/versions/3.12.2/lib/python3.12/json/__init__.py first seen with mtime 1723887435.0
File /workspace/.pip-modules/lib/python3.12/site-packages/sqlparse/engine/grouping.py first seen with mtime 1723888177.941295
File /workspace/.pip-modules/lib/python3.12/site-packages/django/contrib/admin/utils.py first seen with mtime 1723888178.3612912
File /workspace/.pip-modules/lib/python3.12/site-packages/phonenumbers/data/alt_format_352.py first seen with mtime 1723888173.281336
File /workspace/.pip-modules/lib/python3.12/site-packages/django/utils/inspect.py first seen with mtime 1723888178.8012872
File /home/gitpod/.pyenv/versions/3.12.2/lib/python3.12/operator.py first seen with mtime 1723887435.0
File /home/gitpod/.pyenv/versions/3.12.2/lib/python3.12/uuid.py first seen with mtime 1723887435.0
File /workspace/.pip-modules/lib/python3.12/site-packages/crispy_forms/templatetags/__init__.py first seen with mtime 1723888179.9972765
File /workspace/.pip-modules/lib/python3.12/site-packages/django/core/checks/caches.py first seen with mtime 1723888178.7452877
File /workspace/.pip-modules/lib/python3.12/site-packages/django/contrib/sites/__init__.py first seen with mtime 1723888178.717288
File /home/gitpod/.pyenv/versions/3.12.2/lib/python3.12/email/charset.py first seen with mtime 1723887435.0
File /workspace/.pip-modules/lib/python3.12/site-packages/django/core/mail/__init__.py first seen with mtime 1723888178.7492876
File /home/gitpod/.pyenv/versions/3.12.2/lib/python3.12/gzip.py first seen with mtime 1723887435.0
File /workspace/.pip-modules/lib/python3.12/site-packages/django/db/models/sql/constants.py first seen with mtime 1723888178.7732875
File /workspace/.pip-modules/lib/python3.12/site-packages/allauth/socialaccount/urls.py first seen with mtime 1723888180.057276
File /workspace/.pip-modules/lib/python3.12/site-packages/django/dispatch/__init__.py first seen with mtime 1723888178.7772875
File /workspace/pauls-pizzeria/contact/forms.py first seen with mtime 1724069870.4956186
File /workspace/.pip-modules/lib/python3.12/site-packages/psycopg2/sql.py first seen with mtime 1723888178.0772936
File /workspace/.pip-modules/lib/python3.12/site-packages/django/core/handlers/base.py first seen with mtime 1723888178.7492876
File /workspace/.pip-modules/lib/python3.12/site-packages/django/template/engine.py first seen with mtime 1723888178.7932873
File /workspace/.pip-modules/lib/python3.12/site-packages/django/contrib/messages/utils.py first seen with mtime 1723888178.6412885
File /home/gitpod/.pyenv/versions/3.12.2/lib/python3.12/lib-dynload/_bisect.cpython-312-x86_64-linux-gnu.so first seen with mtime 1723887446.0
File /workspace/.pip-modules/lib/python3.12/site-packages/django/template/defaulttags.py first seen with mtime 1723888178.7932873
File /home/gitpod/.pyenv/versions/3.12.2/lib/python3.12/urllib/__init__.py first seen with mtime 1723887435.0
File /workspace/.pip-modules/lib/python3.12/site-packages/allauth/core/__init__.py first seen with mtime 1723888180.0332763
File /workspace/pauls-pizzeria/booking/forms.py first seen with mtime 1724068766.876826
File /workspace/.pip-modules/lib/python3.12/site-packages/django/views/generic/detail.py first seen with mtime 1723888178.8052871
File /workspace/.pip-modules/lib/python3.12/site-packages/django/contrib/auth/signals.py first seen with mtime 1723888178.48529
File /workspace/.pip-modules/lib/python3.12/site-packages/whitenoise/base.py first seen with mtime 1723888177.9252949
File /workspace/.pip-modules/lib/python3.12/site-packages/django/contrib/admin/sites.py first seen with mtime 1723888178.3612912
File /home/gitpod/.pyenv/versions/3.12.2/lib/python3.12/lib-dynload/_heapq.cpython-312-x86_64-linux-gnu.so first seen with mtime 1723887446.0
File /workspace/.pip-modules/lib/python3.12/site-packages/django/views/csrf.py first seen with mtime 1723888178.8052871
File /workspace/.pip-modules/lib/python3.12/site-packages/django_summernote/forms.py first seen with mtime 1723888179.9492772
File /workspace/.pip-modules/lib/python3.12/site-packages/psycopg2/errors.py first seen with mtime 1723888178.0772936
File /workspace/.pip-modules/lib/python3.12/site-packages/django/core/checks/model_checks.py first seen with mtime 1723888178.7452877
File /workspace/pauls-pizzeria/home/models.py first seen with mtime 1723887567.5066938
File /home/gitpod/.pyenv/versions/3.12.2/lib/python3.12/pprint.py first seen with mtime 1723887435.0
File /workspace/.pip-modules/lib/python3.12/site-packages/django/utils/functional.py first seen with mtime 1723888178.8012872
File /workspace/.pip-modules/lib/python3.12/site-packages/django/utils/deconstruct.py first seen with mtime 1723888178.8012872
File /workspace/.pip-modules/lib/python3.12/site-packages/allauth/socialaccount/admin.py first seen with mtime 1723888180.057276
File /home/gitpod/.pyenv/versions/3.12.2/lib/python3.12/platform.py first seen with mtime 1723887435.0
File /workspace/.pip-modules/lib/python3.12/site-packages/allauth/socialaccount/models.py first seen with mtime 1723888180.057276
File /workspace/.pip-modules/lib/python3.12/site-packages/phonenumbers/data/alt_format_856.py first seen with mtime 1723888173.285336
File /home/gitpod/.pyenv/versions/3.12.2/lib/python3.12/gettext.py first seen with mtime 1723887435.0
File /workspace/.pip-modules/lib/python3.12/site-packages/django/core/servers/basehttp.py first seen with mtime 1723888178.7572875
File /workspace/.pip-modules/lib/python3.12/site-packages/phonenumbers/data/alt_format_44.py first seen with mtime 1723888173.281336
File /home/gitpod/.pyenv/versions/3.12.2/lib/python3.12/__future__.py first seen with mtime 1723887435.0
File /workspace/.pip-modules/lib/python3.12/site-packages/django/middleware/__init__.py first seen with mtime 1723888178.7892873
File /home/gitpod/.pyenv/versions/3.12.2/lib/python3.12/re/_casefix.py first seen with mtime 1723887435.0
File /home/gitpod/.pyenv/versions/3.12.2/lib/python3.12/asyncio/coroutines.py first seen with mtime 1723887435.0
File /home/gitpod/.pyenv/versions/3.12.2/lib/python3.12/wsgiref/__init__.py first seen with mtime 1723887435.0
File /workspace/.pip-modules/lib/python3.12/site-packages/django/contrib/contenttypes/models.py first seen with mtime 1723888178.5212896
File /workspace/.pip-modules/lib/python3.12/site-packages/django/utils/topological_sort.py first seen with mtime 1723888178.8012872
File /workspace/.pip-modules/lib/python3.12/site-packages/allauth/account/urls.py first seen with mtime 1723888180.0292764
File /workspace/.pip-modules/lib/python3.12/site-packages/phonenumbers/phonenumberutil.py first seen with mtime 1723888173.2773361
File /workspace/.pip-modules/lib/python3.12/site-packages/crispy_forms/utils.py first seen with mtime 1723888179.9972765
File /workspace/.pip-modules/lib/python3.12/site-packages/django/utils/module_loading.py first seen with mtime 1723888178.8012872
File /home/gitpod/.pyenv/versions/3.12.2/lib/python3.12/pickle.py first seen with mtime 1723887435.0
File /workspace/.pip-modules/lib/python3.12/site-packages/django/db/models/lookups.py first seen with mtime 1723888178.7692876
File /home/gitpod/.pyenv/versions/3.12.2/lib/python3.12/re/_parser.py first seen with mtime 1723887435.0
File /workspace/.pip-modules/lib/python3.12/site-packages/django/core/signals.py first seen with mtime 1723888178.7452877
File /workspace/.pip-modules/lib/python3.12/site-packages/django/utils/deprecation.py first seen with mtime 1723888178.8012872
File /workspace/.pip-modules/lib/python3.12/site-packages/django/db/backends/postgresql/__init__.py first seen with mtime 1723888178.7612875
File /workspace/.pip-modules/lib/python3.12/site-packages/django/contrib/admin/templatetags/base.py first seen with mtime 1723888178.4532902
File /workspace/.pip-modules/lib/python3.12/site-packages/django/utils/text.py first seen with mtime 1723888178.8012872
File /home/gitpod/.pyenv/versions/3.12.2/lib/python3.12/email/header.py first seen with mtime 1723887435.0
File /workspace/.pip-modules/lib/python3.12/site-packages/allauth/account/apps.py first seen with mtime 1723888180.0292764
File /workspace/.pip-modules/lib/python3.12/site-packages/django/db/models/query_utils.py first seen with mtime 1723888178.7692876
File /workspace/.pip-modules/lib/python3.12/site-packages/psycopg2/extensions.py first seen with mtime 1723888178.0772936
File /workspace/.pip-modules/lib/python3.12/site-packages/phonenumbers/asyoutypeformatter.py first seen with mtime 1723888173.2733362
File /workspace/.pip-modules/lib/python3.12/site-packages/phonenumbers/data/alt_format_90.py first seen with mtime 1723888173.285336
File /home/gitpod/.pyenv/versions/3.12.2/lib/python3.12/email/_header_value_parser.py first seen with mtime 1723887435.0
File /workspace/pauls-pizzeria/booking/admin.py first seen with mtime 1723887990.1789575
File /home/gitpod/.pyenv/versions/3.12.2/lib/python3.12/lib-dynload/_lzma.cpython-312-x86_64-linux-gnu.so first seen with mtime 1723887446.0
File /home/gitpod/.pyenv/versions/3.12.2/lib/python3.12/copy.py first seen with mtime 1723887435.0
File /home/gitpod/.pyenv/versions/3.12.2/lib/python3.12/zoneinfo/__init__.py first seen with mtime 1723887435.0
File /workspace/.pip-modules/lib/python3.12/site-packages/django/db/models/signals.py first seen with mtime 1723888178.7692876
File /home/gitpod/.pyenv/versions/3.12.2/lib/python3.12/email/mime/text.py first seen with mtime 1723887435.0
File /home/gitpod/.pyenv/versions/3.12.2/lib/python3.12/asyncio/tasks.py first seen with mtime 1723887435.0
File /workspace/.pip-modules/lib/python3.12/site-packages/django/contrib/staticfiles/apps.py first seen with mtime 1723888178.7412877
File /workspace/.pip-modules/lib/python3.12/site-packages/django/contrib/sessions/models.py first seen with mtime 1723888178.6892881
File /workspace/.pip-modules/lib/python3.12/site-packages/crispy_forms/exceptions.py first seen with mtime 1723888179.9972765
File /workspace/.pip-modules/lib/python3.12/site-packages/phonenumbers/data/alt_format_39.py first seen with mtime 1723888173.281336
File /home/gitpod/.pyenv/versions/3.12.2/lib/python3.12/concurrent/futures/_base.py first seen with mtime 1723887435.0
File /workspace/.pip-modules/lib/python3.12/site-packages/django/db/backends/base/validation.py first seen with mtime 1723888178.7572875
File /workspace/.pip-modules/lib/python3.12/site-packages/phonenumbers/data/alt_format_380.py first seen with mtime 1723888173.281336
File /workspace/.pip-modules/lib/python3.12/site-packages/crispy_forms/templatetags/crispy_forms_tags.py first seen with mtime 1723888179.9972765
File /workspace/.pip-modules/lib/python3.12/site-packages/django/utils/log.py first seen with mtime 1723888178.8012872
File /workspace/.pip-modules/lib/python3.12/site-packages/django/views/decorators/debug.py first seen with mtime 1723888178.8052871
File /home/gitpod/.pyenv/versions/3.12.2/lib/python3.12/getpass.py first seen with mtime 1723887435.0
File /workspace/.pip-modules/lib/python3.12/site-packages/sqlparse/filters/aligned_indent.py first seen with mtime 1723888177.941295
File /home/gitpod/.pyenv/versions/3.12.2/lib/python3.12/http/server.py first seen with mtime 1723887435.0
File /home/gitpod/.pyenv/versions/3.12.2/lib/python3.12/asyncio/taskgroups.py first seen with mtime 1723887435.0
File /workspace/.pip-modules/lib/python3.12/site-packages/django/urls/converters.py first seen with mtime 1723888178.7972872
File /workspace/.pip-modules/lib/python3.12/site-packages/allauth/socialaccount/app_settings.py first seen with mtime 1723888180.057276
File /workspace/.pip-modules/lib/python3.12/site-packages/phonenumbers/data/alt_format_381.py first seen with mtime 1723888173.281336
File /workspace/.pip-modules/lib/python3.12/site-packages/django/utils/formats.py first seen with mtime 1723888178.8012872
File /workspace/.pip-modules/lib/python3.12/site-packages/django/views/i18n.py first seen with mtime 1723888178.8052871
File /workspace/.pip-modules/lib/python3.12/site-packages/django/urls/__init__.py first seen with mtime 1723888178.7972872
File /home/gitpod/.pyenv/versions/3.12.2/lib/python3.12/asyncio/mixins.py first seen with mtime 1723887435.0
File /workspace/.pip-modules/lib/python3.12/site-packages/django/db/models/fields/__init__.py first seen with mtime 1723888178.7732875
File /home/gitpod/.pyenv/versions/3.12.2/lib/python3.12/lib-dynload/_asyncio.cpython-312-x86_64-linux-gnu.so first seen with mtime 1723887446.0
File /workspace/.pip-modules/lib/python3.12/site-packages/django/core/signing.py first seen with mtime 1723888178.7452877
File /workspace/.pip-modules/lib/python3.12/site-packages/django/utils/numberformat.py first seen with mtime 1723888178.8012872
File /workspace/.pip-modules/lib/python3.12/site-packages/django/views/debug.py first seen with mtime 1723888178.8052871
File /workspace/.pip-modules/lib/python3.12/site-packages/django/forms/fields.py first seen with mtime 1723888178.7772875
File /home/gitpod/.pyenv/versions/3.12.2/lib/python3.12/logging/__init__.py first seen with mtime 1723887435.0
File /workspace/.pip-modules/lib/python3.12/site-packages/django/utils/dateformat.py first seen with mtime 1723888178.7972872
File /workspace/.pip-modules/lib/python3.12/site-packages/django/contrib/messages/storage/__init__.py first seen with mtime 1723888178.6412885
File /workspace/.pip-modules/lib/python3.12/site-packages/django/db/backends/postgresql/features.py first seen with mtime 1723888178.7612875
File /workspace/.pip-modules/lib/python3.12/site-packages/django/contrib/admin/checks.py first seen with mtime 1723888178.3612912
File /workspace/.pip-modules/lib/python3.12/site-packages/django/core/management/__init__.py first seen with mtime 1723888178.7492876
File /workspace/.pip-modules/lib/python3.12/site-packages/django/apps/__init__.py first seen with mtime 1723888178.2972918
File /workspace/.pip-modules/lib/python3.12/site-packages/django/contrib/staticfiles/__init__.py first seen with mtime 1723888178.7412877
File /workspace/.pip-modules/lib/python3.12/site-packages/phonenumbers/data/alt_format_350.py first seen with mtime 1723888173.281336
File /workspace/pauls-pizzeria/contact/models.py first seen with mtime 1724069918.5112183
File /workspace/.pip-modules/lib/python3.12/site-packages/django/utils/translation/trans_real.py first seen with mtime 1723888178.8052871
File /home/gitpod/.pyenv/versions/3.12.2/lib/python3.12/email/errors.py first seen with mtime 1723887435.0
File /workspace/.pip-modules/lib/python3.12/site-packages/django/core/wsgi.py first seen with mtime 1723888178.7452877
File /home/gitpod/.pyenv/versions/3.12.2/lib/python3.12/email/base64mime.py first seen with mtime 1723887435.0
File /workspace/.pip-modules/lib/python3.12/site-packages/django/utils/datastructures.py first seen with mtime 1723888178.7972872
File /workspace/.pip-modules/lib/python3.12/site-packages/django/core/files/base.py first seen with mtime 1723888178.7452877
File /workspace/.pip-modules/lib/python3.12/site-packages/allauth/models.py first seen with mtime 1723888180.0252764
File /workspace/.pip-modules/lib/python3.12/site-packages/django/http/__init__.py first seen with mtime 1723888178.7892873
File /home/gitpod/.pyenv/versions/3.12.2/lib/python3.12/lib-dynload/select.cpython-312-x86_64-linux-gnu.so first seen with mtime 1723887446.0
File /home/gitpod/.pyenv/versions/3.12.2/lib/python3.12/lib-dynload/array.cpython-312-x86_64-linux-gnu.so first seen with mtime 1723887446.0
File /workspace/.pip-modules/lib/python3.12/site-packages/allauth/socialaccount/signals.py first seen with mtime 1723888180.057276
File /workspace/.pip-modules/lib/python3.12/site-packages/django/forms/__init__.py first seen with mtime 1723888178.7772875
File /workspace/.pip-modules/lib/python3.12/site-packages/crispy_forms/__init__.py first seen with mtime 1723888179.9972765
File /workspace/.pip-modules/lib/python3.12/site-packages/django/utils/asyncio.py first seen with mtime 1723888178.7972872
File /home/gitpod/.pyenv/versions/3.12.2/lib/python3.12/http/client.py first seen with mtime 1723887435.0
File /home/gitpod/.pyenv/versions/3.12.2/lib/python3.12/dis.py first seen with mtime 1723887435.0
File /workspace/.pip-modules/lib/python3.12/site-packages/django/contrib/staticfiles/utils.py first seen with mtime 1723888178.7412877
File /workspace/.pip-modules/lib/python3.12/site-packages/django/urls/exceptions.py first seen with mtime 1723888178.7972872
File /home/gitpod/.pyenv/versions/3.12.2/lib/python3.12/importlib/__init__.py first seen with mtime 1723887435.0
File /workspace/.pip-modules/lib/python3.12/site-packages/allauth/account/__init__.py first seen with mtime 1723888180.0292764
File /home/gitpod/.pyenv/versions/3.12.2/lib/python3.12/asyncio/base_futures.py first seen with mtime 1723887435.0
File /workspace/.pip-modules/lib/python3.12/site-packages/django/contrib/admin/views/main.py first seen with mtime 1723888178.4532902
File /workspace/.pip-modules/lib/python3.12/site-packages/django/contrib/sites/models.py first seen with mtime 1723888178.717288
File /workspace/.pip-modules/lib/python3.12/site-packages/django_summernote/apps.py first seen with mtime 1723888179.9492772
File /home/gitpod/.pyenv/versions/3.12.2/lib/python3.12/re/_compiler.py first seen with mtime 1723887435.0
File /workspace/.pip-modules/lib/python3.12/site-packages/sqlparse/filters/tokens.py first seen with mtime 1723888177.941295
File /workspace/.pip-modules/lib/python3.12/site-packages/psycopg2/_range.py first seen with mtime 1723888178.0772936
File /home/gitpod/.pyenv/versions/3.12.2/lib/python3.12/html/entities.py first seen with mtime 1723887435.0
File /workspace/.pip-modules/lib/python3.12/site-packages/phonenumber_field/formfields.py first seen with mtime 1723888179.9772768
File /workspace/.pip-modules/lib/python3.12/site-packages/django/contrib/messages/constants.py first seen with mtime 1723888178.6412885
File /home/gitpod/.pyenv/versions/3.12.2/lib/python3.12/re/__init__.py first seen with mtime 1723887435.0
File /workspace/.pip-modules/lib/python3.12/site-packages/django/core/checks/__init__.py first seen with mtime 1723888178.7452877
File /workspace/.pip-modules/lib/python3.12/site-packages/django/contrib/admin/exceptions.py first seen with mtime 1723888178.3612912
File /workspace/.pip-modules/lib/python3.12/site-packages/allauth/socialaccount/__init__.py first seen with mtime 1723888180.057276
File /workspace/.pip-modules/lib/python3.12/site-packages/phonenumbers/data/alt_format_675.py first seen with mtime 1723888173.285336
File /home/gitpod/.pyenv/versions/3.12.2/lib/python3.12/hashlib.py first seen with mtime 1723887435.0
File /home/gitpod/.pyenv/versions/3.12.2/lib/python3.12/urllib/response.py first seen with mtime 1723887435.0
File /workspace/.pip-modules/lib/python3.12/site-packages/phonenumbers/data/alt_format_676.py first seen with mtime 1723888173.285336
File /workspace/.pip-modules/lib/python3.12/site-packages/django/template/loaders/cached.py first seen with mtime 1723888178.7932873
File /workspace/.pip-modules/lib/python3.12/site-packages/allauth/socialaccount/providers/base/__init__.py first seen with mtime 1723888180.065276
File /workspace/.pip-modules/lib/python3.12/site-packages/phonenumbers/data/alt_format_995.py first seen with mtime 1723888173.285336
File /workspace/.pip-modules/lib/python3.12/site-packages/phonenumbers/data/alt_format_972.py first seen with mtime 1723888173.285336
File /workspace/.pip-modules/lib/python3.12/site-packages/django/db/migrations/operations/fields.py first seen with mtime 1723888178.7692876
File /workspace/.pip-modules/lib/python3.12/site-packages/django/contrib/sites/admin.py first seen with mtime 1723888178.717288
File /home/gitpod/.pyenv/versions/3.12.2/lib/python3.12/html/parser.py first seen with mtime 1723887435.0
File /workspace/.pip-modules/lib/python3.12/site-packages/phonenumbers/data/alt_format_30.py first seen with mtime 1723888173.281336
File /workspace/.pip-modules/lib/python3.12/site-packages/allauth/core/exceptions.py first seen with mtime 1723888180.0332763
File /workspace/.pip-modules/lib/python3.12/site-packages/django/core/checks/compatibility/django_4_0.py first seen with mtime 1723888178.7452877
File /workspace/.pip-modules/lib/python3.12/site-packages/django/template/context.py first seen with mtime 1723888178.7892873
File /workspace/.pip-modules/lib/python3.12/site-packages/django/utils/translation/__init__.py first seen with mtime 1723888178.8012872
File /workspace/.pip-modules/lib/python3.12/site-packages/allauth/socialaccount/views.py first seen with mtime 1723888180.057276
File /workspace/.pip-modules/lib/python3.12/site-packages/django/contrib/admin/templatetags/admin_modify.py first seen with mtime 1723888178.4532902
File /home/gitpod/.pyenv/versions/3.12.2/lib/python3.12/lib-dynload/unicodedata.cpython-312-x86_64-linux-gnu.so first seen with mtime 1723887446.0
File /workspace/.pip-modules/lib/python3.12/site-packages/sqlparse/sql.py first seen with mtime 1723888177.941295
File /workspace/.pip-modules/lib/python3.12/site-packages/django/db/models/functions/datetime.py first seen with mtime 1723888178.7732875
File /home/gitpod/.pyenv/versions/3.12.2/lib/python3.12/email/policy.py first seen with mtime 1723887435.0
File /workspace/.pip-modules/lib/python3.12/site-packages/django/contrib/auth/models.py first seen with mtime 1723888178.48529
File /workspace/.pip-modules/lib/python3.12/site-packages/asgiref/local.py first seen with mtime 1723888178.2332923
File /home/gitpod/.pyenv/versions/3.12.2/lib/python3.12/glob.py first seen with mtime 1723887435.0
File /workspace/.pip-modules/lib/python3.12/site-packages/django/utils/lorem_ipsum.py first seen with mtime 1723888178.8012872
File /workspace/pauls-pizzeria/manage.py first seen with mtime 1723887567.5066938
File /workspace/.pip-modules/lib/python3.12/site-packages/django/db/models/fields/related.py first seen with mtime 1723888178.7732875
File /workspace/pauls-pizzeria/home/__init__.py first seen with mtime 1723887567.5066938
File /workspace/.pip-modules/lib/python3.12/site-packages/django/forms/widgets.py first seen with mtime 1723888178.7772875
File /workspace/.pip-modules/lib/python3.12/site-packages/django/core/management/base.py first seen with mtime 1723888178.7492876
File /workspace/.pip-modules/lib/python3.12/site-packages/phonenumbers/data/alt_format_351.py first seen with mtime 1723888173.281336
File /workspace/.pip-modules/lib/python3.12/site-packages/django/db/backends/postgresql/base.py first seen with mtime 1723888178.7612875
File /workspace/.pip-modules/lib/python3.12/site-packages/django/urls/conf.py first seen with mtime 1723888178.7972872
File /workspace/.pip-modules/lib/python3.12/site-packages/allauth/socialaccount/fields.py first seen with mtime 1723888180.057276
File /workspace/.pip-modules/lib/python3.12/site-packages/crispy_bootstrap5/__init__.py first seen with mtime 1723888180.4852724
File /workspace/.pip-modules/lib/python3.12/site-packages/django/contrib/staticfiles/views.py first seen with mtime 1723888178.7412877
File /workspace/.pip-modules/lib/python3.12/site-packages/asgiref/current_thread_executor.py first seen with mtime 1723888178.2332923
File /workspace/.pip-modules/lib/python3.12/site-packages/django/db/backends/base/__init__.py first seen with mtime 1723888178.7572875
File /home/gitpod/.pyenv/versions/3.12.2/lib/python3.12/opcode.py first seen with mtime 1723887435.0
File /workspace/.pip-modules/lib/python3.12/site-packages/django/db/migrations/__init__.py first seen with mtime 1723888178.7652876
File /workspace/.pip-modules/lib/python3.12/site-packages/django/utils/cache.py first seen with mtime 1723888178.7972872
File /workspace/.pip-modules/lib/python3.12/site-packages/django/contrib/auth/middleware.py first seen with mtime 1723888178.48529
File /home/gitpod/.pyenv/versions/3.12.2/lib/python3.12/email/mime/multipart.py first seen with mtime 1723887435.0
File /workspace/.pip-modules/lib/python3.12/site-packages/django/db/backends/base/base.py first seen with mtime 1723888178.7572875
File /workspace/.pip-modules/lib/python3.12/site-packages/allauth/account/app_settings.py first seen with mtime 1723888180.0292764
File /workspace/.pip-modules/lib/python3.12/site-packages/django/contrib/auth/apps.py first seen with mtime 1723888178.48529
File /workspace/.pip-modules/lib/python3.12/site-packages/sqlparse/filters/others.py first seen with mtime 1723888177.941295
File /home/gitpod/.pyenv/versions/3.12.2/lib/python3.12/lib-dynload/_random.cpython-312-x86_64-linux-gnu.so first seen with mtime 1723887446.0
File /workspace/.pip-modules/lib/python3.12/site-packages/django/views/generic/edit.py first seen with mtime 1723888178.8052871
File /home/gitpod/.pyenv/versions/3.12.2/lib/python3.12/calendar.py first seen with mtime 1723887435.0
File /workspace/.pip-modules/lib/python3.12/site-packages/phonenumbers/data/alt_format_255.py first seen with mtime 1723888173.281336
File /workspace/.pip-modules/lib/python3.12/site-packages/django/contrib/messages/apps.py first seen with mtime 1723888178.6412885
File /workspace/.pip-modules/lib/python3.12/site-packages/django/contrib/auth/base_user.py first seen with mtime 1723888178.48529
File /home/gitpod/.pyenv/versions/3.12.2/lib/python3.12/lzma.py first seen with mtime 1723887435.0
File /home/gitpod/.pyenv/versions/3.12.2/lib/python3.12/concurrent/futures/__init__.py first seen with mtime 1723887435.0
File /workspace/.pip-modules/lib/python3.12/site-packages/django/db/migrations/operations/__init__.py first seen with mtime 1723888178.7652876
File /workspace/.pip-modules/lib/python3.12/site-packages/allauth/account/templatetags/__init__.py first seen with mtime 1723888180.0292764
File /workspace/.pip-modules/lib/python3.12/site-packages/django/db/models/enums.py first seen with mtime 1723888178.7692876
File /workspace/.pip-modules/lib/python3.12/site-packages/sqlparse/keywords.py first seen with mtime 1723888177.941295
File /workspace/.pip-modules/lib/python3.12/site-packages/django/utils/connection.py first seen with mtime 1723888178.7972872
File /workspace/.pip-modules/lib/python3.12/site-packages/django/contrib/sessions/base_session.py first seen with mtime 1723888178.6892881
File /home/gitpod/.pyenv/versions/3.12.2/lib/python3.12/locale.py first seen with mtime 1723887435.0
File /home/gitpod/.pyenv/versions/3.12.2/lib/python3.12/http/cookies.py first seen with mtime 1723887435.0
File /workspace/.pip-modules/lib/python3.12/site-packages/crispy_forms/layout_slice.py first seen with mtime 1723888179.9972765
File /workspace/.pip-modules/lib/python3.12/site-packages/django/contrib/contenttypes/forms.py first seen with mtime 1723888178.5212896
File /home/gitpod/.pyenv/versions/3.12.2/lib/python3.12/warnings.py first seen with mtime 1723887435.0
File /home/gitpod/.pyenv/versions/3.12.2/lib/python3.12/reprlib.py first seen with mtime 1723887435.0
File /home/gitpod/.pyenv/versions/3.12.2/lib/python3.12/lib-dynload/math.cpython-312-x86_64-linux-gnu.so first seen with mtime 1723887446.0
File /workspace/.pip-modules/lib/python3.12/site-packages/sqlparse/engine/filter_stack.py first seen with mtime 1723888177.941295
File /home/gitpod/.pyenv/versions/3.12.2/lib/python3.12/lib-dynload/_opcode.cpython-312-x86_64-linux-gnu.so first seen with mtime 1723887446.0
File /workspace/pauls-pizzeria/contact/apps.py first seen with mtime 1723887567.4386945
File /workspace/.pip-modules/lib/python3.12/site-packages/crispy_forms/layout.py first seen with mtime 1723888179.9972765
File /workspace/.pip-modules/lib/python3.12/site-packages/phonenumbers/data/alt_format_95.py first seen with mtime 1723888173.285336
File /workspace/.pip-modules/lib/python3.12/site-packages/django/conf/global_settings.py first seen with mtime 1723888178.2972918
File /workspace/.pip-modules/lib/python3.12/site-packages/django/core/files/move.py first seen with mtime 1723888178.7492876
File /workspace/.pip-modules/lib/python3.12/site-packages/allauth/account/admin.py first seen with mtime 1723888180.0292764
File /home/gitpod/.pyenv/versions/3.12.2/lib/python3.12/_sysconfigdata__linux_x86_64-linux-gnu.py first seen with mtime 1723887437.0
File /home/gitpod/.pyenv/versions/3.12.2/lib/python3.12/email/headerregistry.py first seen with mtime 1723887435.0
File /workspace/.pip-modules/lib/python3.12/site-packages/django/core/management/commands/__init__.py first seen with mtime 1723888178.7532876
File /workspace/.pip-modules/lib/python3.12/site-packages/django/http/request.py first seen with mtime 1723888178.7892873
File /workspace/.pip-modules/lib/python3.12/site-packages/django/contrib/auth/backends.py first seen with mtime 1723888178.48529
File /workspace/.pip-modules/lib/python3.12/site-packages/django/views/generic/list.py first seen with mtime 1723888178.8052871
File /workspace/.pip-modules/lib/python3.12/site-packages/django/core/checks/registry.py first seen with mtime 1723888178.7452877
File /home/gitpod/.pyenv/versions/3.12.2/lib/python3.12/textwrap.py first seen with mtime 1723887435.0
File /workspace/.pip-modules/lib/python3.12/site-packages/crispy_forms/templatetags/crispy_forms_filters.py first seen with mtime 1723888179.9972765
File /home/gitpod/.pyenv/versions/3.12.2/lib/python3.12/wsgiref/handlers.py first seen with mtime 1723887435.0
File /workspace/.pip-modules/lib/python3.12/site-packages/allauth/account/models.py first seen with mtime 1723888180.0292764
File /workspace/.pip-modules/lib/python3.12/site-packages/django/http/response.py first seen with mtime 1723888178.7892873
File /home/gitpod/.pyenv/versions/3.12.2/lib/python3.12/email/_encoded_words.py first seen with mtime 1723887435.0
File /home/gitpod/.pyenv/versions/3.12.2/lib/python3.12/email/mime/nonmultipart.py first seen with mtime 1723887435.0
File /workspace/.pip-modules/lib/python3.12/site-packages/phonenumbers/data/alt_format_373.py first seen with mtime 1723888173.281336
File /workspace/.pip-modules/lib/python3.12/site-packages/django/template/backends/base.py first seen with mtime 1723888178.7932873
File /workspace/.pip-modules/lib/python3.12/site-packages/django/views/static.py first seen with mtime 1723888178.8052871
File /workspace/.pip-modules/lib/python3.12/site-packages/django/contrib/admin/options.py first seen with mtime 1723888178.3612912
File /workspace/.pip-modules/lib/python3.12/site-packages/django/contrib/sites/requests.py first seen with mtime 1723888178.717288
File /workspace/pauls-pizzeria/my_project/__init__.py first seen with mtime 1723887567.5066938
File /workspace/.pip-modules/lib/python3.12/site-packages/django/core/files/images.py first seen with mtime 1723888178.7492876
File /home/gitpod/.pyenv/versions/3.12.2/lib/python3.12/asyncio/exceptions.py first seen with mtime 1723887435.0
File /workspace/.pip-modules/lib/python3.12/site-packages/django/contrib/staticfiles/management/__init__.py first seen with mtime 1723888178.7412877
File /workspace/.pip-modules/lib/python3.12/site-packages/phonenumbers/data/alt_format_372.py first seen with mtime 1723888173.281336
File /home/gitpod/.pyenv/versions/3.12.2/lib/python3.12/encodings/aliases.py first seen with mtime 1723887435.0
File /home/gitpod/.pyenv/versions/3.12.2/lib/python3.12/zoneinfo/_tzpath.py first seen with mtime 1723887435.0
File /workspace/.pip-modules/lib/python3.12/site-packages/django/core/checks/async_checks.py first seen with mtime 1723888178.7452877
File /home/gitpod/.pyenv/versions/3.12.2/lib/python3.12/json/encoder.py first seen with mtime 1723887435.0
File /workspace/.pip-modules/lib/python3.12/site-packages/phonenumbers/unicode_util.py first seen with mtime 1723888173.2773361
File /home/gitpod/.pyenv/versions/3.12.2/lib/python3.12/ipaddress.py first seen with mtime 1723887435.0
File /home/gitpod/.pyenv/versions/3.12.2/lib/python3.12/random.py first seen with mtime 1723887435.0
File /home/gitpod/.pyenv/versions/3.12.2/lib/python3.12/lib-dynload/binascii.cpython-312-x86_64-linux-gnu.so first seen with mtime 1723887446.0
File /workspace/pauls-pizzeria/booking/models.py first seen with mtime 1724068621.162042
File /workspace/.pip-modules/lib/python3.12/site-packages/django/db/backends/postgresql/client.py first seen with mtime 1723888178.7612875
File /workspace/.pip-modules/lib/python3.12/site-packages/django/db/migrations/operations/models.py first seen with mtime 1723888178.7692876
File /workspace/.pip-modules/lib/python3.12/site-packages/django/core/mail/utils.py first seen with mtime 1723888178.7492876
File /home/gitpod/.pyenv/versions/3.12.2/lib/python3.12/lib-dynload/_datetime.cpython-312-x86_64-linux-gnu.so first seen with mtime 1723887446.0
File /home/gitpod/.pyenv/versions/3.12.2/lib/python3.12/lib-dynload/_hashlib.cpython-312-x86_64-linux-gnu.so first seen with mtime 1723887446.0
File /home/gitpod/.pyenv/versions/3.12.2/lib/python3.12/pathlib.py first seen with mtime 1723887435.0
File /workspace/.pip-modules/lib/python3.12/site-packages/django/middleware/csrf.py first seen with mtime 1723888178.7892873
File /workspace/.pip-modules/lib/python3.12/site-packages/django/contrib/auth/__init__.py first seen with mtime 1723888178.48529
File /workspace/pauls-pizzeria/templates/account first seen with mtime 1723887567.594693
File /workspace/pauls-pizzeria/templates/base.html first seen with mtime 1724071084.4455028
File /workspace/pauls-pizzeria/templates/mfa first seen with mtime 1723887567.594693
File /workspace/pauls-pizzeria/templates/openid first seen with mtime 1723887567.594693
File /workspace/pauls-pizzeria/templates/socialaccount first seen with mtime 1723887567.594693
File /workspace/pauls-pizzeria/templates/tests first seen with mtime 1723887567.594693
File /workspace/pauls-pizzeria/templates/account/account_inactive.html first seen with mtime 1723887567.590693
File /workspace/pauls-pizzeria/templates/account/base.html first seen with mtime 1723887567.590693
File /workspace/pauls-pizzeria/templates/account/email first seen with mtime 1723887567.594693
File /workspace/pauls-pizzeria/templates/account/email.html first seen with mtime 1723887567.590693
File /workspace/pauls-pizzeria/templates/account/email_change.html first seen with mtime 1723887567.594693
File /workspace/pauls-pizzeria/templates/account/email_confirm.html first seen with mtime 1723887567.594693
File /workspace/pauls-pizzeria/templates/account/login.html first seen with mtime 1724070293.2521017
File /workspace/pauls-pizzeria/templates/account/logout.html first seen with mtime 1724070306.559991
File /workspace/pauls-pizzeria/templates/account/messages first seen with mtime 1723887567.594693
File /workspace/pauls-pizzeria/templates/account/password_change.html first seen with mtime 1723887567.594693
File /workspace/pauls-pizzeria/templates/account/password_reset.html first seen with mtime 1723887567.594693
File /workspace/pauls-pizzeria/templates/account/password_reset_done.html first seen with mtime 1723887567.594693
File /workspace/pauls-pizzeria/templates/account/password_reset_from_key.html first seen with mtime 1723887567.594693
File /workspace/pauls-pizzeria/templates/account/password_reset_from_key_done.html first seen with mtime 1723887567.594693
File /workspace/pauls-pizzeria/templates/account/password_set.html first seen with mtime 1723887567.594693
File /workspace/pauls-pizzeria/templates/account/reauthenticate.html first seen with mtime 1723887567.594693
File /workspace/pauls-pizzeria/templates/account/signup.html first seen with mtime 1724070323.1518528
File /workspace/pauls-pizzeria/templates/account/signup_closed.html first seen with mtime 1723887567.594693
File /workspace/pauls-pizzeria/templates/account/snippets first seen with mtime 1723887567.594693
File /workspace/pauls-pizzeria/templates/account/verification_sent.html first seen with mtime 1723887567.594693
File /workspace/pauls-pizzeria/templates/account/verified_email_required.html first seen with mtime 1723887567.594693
File /workspace/pauls-pizzeria/templates/mfa/authenticate.html first seen with mtime 1723887567.594693
File /workspace/pauls-pizzeria/templates/mfa/index.html first seen with mtime 1723887567.594693
File /workspace/pauls-pizzeria/templates/mfa/messages first seen with mtime 1723887567.594693
File /workspace/pauls-pizzeria/templates/mfa/recovery_codes first seen with mtime 1723887567.594693
File /workspace/pauls-pizzeria/templates/mfa/totp first seen with mtime 1723887567.594693
File /workspace/pauls-pizzeria/templates/openid/base.html first seen with mtime 1723887567.594693
File /workspace/pauls-pizzeria/templates/openid/login.html first seen with mtime 1723887567.594693
File /workspace/pauls-pizzeria/templates/socialaccount/authentication_error.html first seen with mtime 1723887567.594693
File /workspace/pauls-pizzeria/templates/socialaccount/base.html first seen with mtime 1723887567.594693
File /workspace/pauls-pizzeria/templates/socialaccount/connections.html first seen with mtime 1723887567.594693
File /workspace/pauls-pizzeria/templates/socialaccount/login.html first seen with mtime 1723887567.594693
File /workspace/pauls-pizzeria/templates/socialaccount/login_cancelled.html first seen with mtime 1723887567.594693
File /workspace/pauls-pizzeria/templates/socialaccount/messages first seen with mtime 1723887567.594693
File /workspace/pauls-pizzeria/templates/socialaccount/signup.html first seen with mtime 1723887567.594693
File /workspace/pauls-pizzeria/templates/socialaccount/snippets first seen with mtime 1723887567.594693
File /workspace/pauls-pizzeria/templates/tests/test_403_csrf.html first seen with mtime 1723887567.594693
File /workspace/pauls-pizzeria/templates/account/email/account_already_exists_message.txt first seen with mtime 1723887567.594693
File /workspace/pauls-pizzeria/templates/account/email/account_already_exists_subject.txt first seen with mtime 1723887567.594693
File /workspace/pauls-pizzeria/templates/account/email/base_message.txt first seen with mtime 1723887567.594693
File /workspace/pauls-pizzeria/templates/account/email/email_confirmation_message.txt first seen with mtime 1723887567.594693
File /workspace/pauls-pizzeria/templates/account/email/email_confirmation_signup_message.txt first seen with mtime 1723887567.594693
File /workspace/pauls-pizzeria/templates/account/email/email_confirmation_signup_subject.txt first seen with mtime 1723887567.594693
File /workspace/pauls-pizzeria/templates/account/email/email_confirmation_subject.txt first seen with mtime 1723887567.594693
File /workspace/pauls-pizzeria/templates/account/email/password_reset_key_message.txt first seen with mtime 1723887567.594693
File /workspace/pauls-pizzeria/templates/account/email/password_reset_key_subject.txt first seen with mtime 1723887567.594693
File /workspace/pauls-pizzeria/templates/account/email/unknown_account_message.txt first seen with mtime 1723887567.594693
File /workspace/pauls-pizzeria/templates/account/email/unknown_account_subject.txt first seen with mtime 1723887567.594693
File /workspace/pauls-pizzeria/templates/account/messages/cannot_delete_primary_email.txt first seen with mtime 1723887567.594693
File /workspace/pauls-pizzeria/templates/account/messages/email_confirmation_failed.txt first seen with mtime 1723887567.594693
File /workspace/pauls-pizzeria/templates/account/messages/email_confirmation_sent.txt first seen with mtime 1723887567.594693
File /workspace/pauls-pizzeria/templates/account/messages/email_confirmed.txt first seen with mtime 1723887567.594693
File /workspace/pauls-pizzeria/templates/account/messages/email_deleted.txt first seen with mtime 1723887567.594693
File /workspace/pauls-pizzeria/templates/account/messages/logged_in.txt first seen with mtime 1723887567.594693
File /workspace/pauls-pizzeria/templates/account/messages/logged_out.txt first seen with mtime 1723887567.594693
File /workspace/pauls-pizzeria/templates/account/messages/password_changed.txt first seen with mtime 1723887567.594693
File /workspace/pauls-pizzeria/templates/account/messages/password_set.txt first seen with mtime 1723887567.594693
File /workspace/pauls-pizzeria/templates/account/messages/primary_email_set.txt first seen with mtime 1723887567.594693
File /workspace/pauls-pizzeria/templates/account/messages/unverified_primary_email.txt first seen with mtime 1723887567.594693
File /workspace/pauls-pizzeria/templates/account/snippets/already_logged_in.html first seen with mtime 1723887567.594693
File /workspace/pauls-pizzeria/templates/account/snippets/warn_no_email.html first seen with mtime 1723887567.594693
File /workspace/pauls-pizzeria/templates/mfa/messages/recovery_codes_generated.txt first seen with mtime 1723887567.594693
File /workspace/pauls-pizzeria/templates/mfa/messages/totp_activated.txt first seen with mtime 1723887567.594693
File /workspace/pauls-pizzeria/templates/mfa/messages/totp_deactivated.txt first seen with mtime 1723887567.594693
File /workspace/pauls-pizzeria/templates/mfa/recovery_codes/base.html first seen with mtime 1723887567.594693
File /workspace/pauls-pizzeria/templates/mfa/recovery_codes/download.txt first seen with mtime 1723887567.594693
File /workspace/pauls-pizzeria/templates/mfa/recovery_codes/generate.html first seen with mtime 1723887567.594693
File /workspace/pauls-pizzeria/templates/mfa/recovery_codes/index.html first seen with mtime 1723887567.594693
File /workspace/pauls-pizzeria/templates/mfa/totp/activate_form.html first seen with mtime 1723887567.594693
File /workspace/pauls-pizzeria/templates/mfa/totp/base.html first seen with mtime 1723887567.594693
File /workspace/pauls-pizzeria/templates/mfa/totp/deactivate_form.html first seen with mtime 1723887567.594693
File /workspace/pauls-pizzeria/templates/socialaccount/messages/account_connected.txt first seen with mtime 1723887567.594693
File /workspace/pauls-pizzeria/templates/socialaccount/messages/account_connected_other.txt first seen with mtime 1723887567.594693
File /workspace/pauls-pizzeria/templates/socialaccount/messages/account_connected_updated.txt first seen with mtime 1723887567.594693
File /workspace/pauls-pizzeria/templates/socialaccount/messages/account_disconnected.txt first seen with mtime 1723887567.594693
File /workspace/pauls-pizzeria/templates/socialaccount/snippets/login_extra.html first seen with mtime 1723887567.594693
File /workspace/pauls-pizzeria/templates/socialaccount/snippets/provider_list.html first seen with mtime 1723887567.594693
File /workspace/.pip-modules/lib/python3.12/site-packages/crispy_bootstrap5/templates/bootstrap5 first seen with mtime 1723888180.4892724
File /workspace/.pip-modules/lib/python3.12/site-packages/crispy_bootstrap5/templates/bootstrap5/accordion-group.html first seen with mtime 1723888180.4852724
File /workspace/.pip-modules/lib/python3.12/site-packages/crispy_bootstrap5/templates/bootstrap5/accordion.html first seen with mtime 1723888180.4852724
File /workspace/.pip-modules/lib/python3.12/site-packages/crispy_bootstrap5/templates/bootstrap5/betterform.html first seen with mtime 1723888180.4852724
File /workspace/.pip-modules/lib/python3.12/site-packages/crispy_bootstrap5/templates/bootstrap5/display_form.html first seen with mtime 1723888180.4852724
File /workspace/.pip-modules/lib/python3.12/site-packages/crispy_bootstrap5/templates/bootstrap5/errors.html first seen with mtime 1723888180.4852724
File /workspace/.pip-modules/lib/python3.12/site-packages/crispy_bootstrap5/templates/bootstrap5/errors_formset.html first seen with mtime 1723888180.4852724
File /workspace/.pip-modules/lib/python3.12/site-packages/crispy_bootstrap5/templates/bootstrap5/field.html first seen with mtime 1723888180.4852724
File /workspace/.pip-modules/lib/python3.12/site-packages/crispy_bootstrap5/templates/bootstrap5/inputs.html first seen with mtime 1723888180.4852724
File /workspace/.pip-modules/lib/python3.12/site-packages/crispy_bootstrap5/templates/bootstrap5/layout first seen with mtime 1723888180.4892724
File /workspace/.pip-modules/lib/python3.12/site-packages/crispy_bootstrap5/templates/bootstrap5/table_inline_formset.html first seen with mtime 1723888180.4852724
File /workspace/.pip-modules/lib/python3.12/site-packages/crispy_bootstrap5/templates/bootstrap5/uni_form.html first seen with mtime 1723888180.4852724
File /workspace/.pip-modules/lib/python3.12/site-packages/crispy_bootstrap5/templates/bootstrap5/uni_formset.html first seen with mtime 1723888180.4852724
File /workspace/.pip-modules/lib/python3.12/site-packages/crispy_bootstrap5/templates/bootstrap5/whole_uni_form.html first seen with mtime 1723888180.4892724
File /workspace/.pip-modules/lib/python3.12/site-packages/crispy_bootstrap5/templates/bootstrap5/whole_uni_formset.html first seen with mtime 1723888180.4892724
File /workspace/.pip-modules/lib/python3.12/site-packages/crispy_bootstrap5/templates/bootstrap5/layout/alert.html first seen with mtime 1723888180.4892724
File /workspace/.pip-modules/lib/python3.12/site-packages/crispy_bootstrap5/templates/bootstrap5/layout/attrs.html first seen with mtime 1723888180.4892724
File /workspace/.pip-modules/lib/python3.12/site-packages/crispy_bootstrap5/templates/bootstrap5/layout/baseinput.html first seen with mtime 1723888180.4892724
File /workspace/.pip-modules/lib/python3.12/site-packages/crispy_bootstrap5/templates/bootstrap5/layout/button.html first seen with mtime 1723888180.4892724
File /workspace/.pip-modules/lib/python3.12/site-packages/crispy_bootstrap5/templates/bootstrap5/layout/buttonholder.html first seen with mtime 1723888180.4892724
File /workspace/.pip-modules/lib/python3.12/site-packages/crispy_bootstrap5/templates/bootstrap5/layout/checkboxselectmultiple_inline.html first seen with mtime 1723888180.4892724
File /workspace/.pip-modules/lib/python3.12/site-packages/crispy_bootstrap5/templates/bootstrap5/layout/column.html first seen with mtime 1723888180.4892724
File /workspace/.pip-modules/lib/python3.12/site-packages/crispy_bootstrap5/templates/bootstrap5/layout/div.html first seen with mtime 1723888180.4892724
File /workspace/.pip-modules/lib/python3.12/site-packages/crispy_bootstrap5/templates/bootstrap5/layout/field_errors.html first seen with mtime 1723888180.4892724
File /workspace/.pip-modules/lib/python3.12/site-packages/crispy_bootstrap5/templates/bootstrap5/layout/field_errors_block.html first seen with mtime 1723888180.4892724
File /workspace/.pip-modules/lib/python3.12/site-packages/crispy_bootstrap5/templates/bootstrap5/layout/field_file.html first seen with mtime 1723888180.4892724
File /workspace/.pip-modules/lib/python3.12/site-packages/crispy_bootstrap5/templates/bootstrap5/layout/field_with_buttons.html first seen with mtime 1723888180.4892724
File /workspace/.pip-modules/lib/python3.12/site-packages/crispy_bootstrap5/templates/bootstrap5/layout/fieldset.html first seen with mtime 1723888180.4892724
File /workspace/.pip-modules/lib/python3.12/site-packages/crispy_bootstrap5/templates/bootstrap5/layout/floating_field.html first seen with mtime 1723888180.4892724
File /workspace/.pip-modules/lib/python3.12/site-packages/crispy_bootstrap5/templates/bootstrap5/layout/formactions.html first seen with mtime 1723888180.4892724
File /workspace/.pip-modules/lib/python3.12/site-packages/crispy_bootstrap5/templates/bootstrap5/layout/help_text.html first seen with mtime 1723888180.4892724
File /workspace/.pip-modules/lib/python3.12/site-packages/crispy_bootstrap5/templates/bootstrap5/layout/help_text_and_errors.html first seen with mtime 1723888180.4892724
File /workspace/.pip-modules/lib/python3.12/site-packages/crispy_bootstrap5/templates/bootstrap5/layout/inline_field.html first seen with mtime 1723888180.4892724
File /workspace/.pip-modules/lib/python3.12/site-packages/crispy_bootstrap5/templates/bootstrap5/layout/modal.html first seen with mtime 1723888180.4892724
File /workspace/.pip-modules/lib/python3.12/site-packages/crispy_bootstrap5/templates/bootstrap5/layout/multifield.html first seen with mtime 1723888180.4892724
File /workspace/.pip-modules/lib/python3.12/site-packages/crispy_bootstrap5/templates/bootstrap5/layout/prepended_appended_text.html first seen with mtime 1723888180.4892724
File /workspace/.pip-modules/lib/python3.12/site-packages/crispy_bootstrap5/templates/bootstrap5/layout/radio_checkbox_select.html first seen with mtime 1723888180.4892724
File /workspace/.pip-modules/lib/python3.12/site-packages/crispy_bootstrap5/templates/bootstrap5/layout/radioselect_inline.html first seen with mtime 1723888180.4892724
File /workspace/.pip-modules/lib/python3.12/site-packages/crispy_bootstrap5/templates/bootstrap5/layout/row.html first seen with mtime 1723888180.4892724
File /workspace/.pip-modules/lib/python3.12/site-packages/crispy_bootstrap5/templates/bootstrap5/layout/switch.html first seen with mtime 1723888180.4892724
File /workspace/.pip-modules/lib/python3.12/site-packages/crispy_bootstrap5/templates/bootstrap5/layout/tab-link.html first seen with mtime 1723888180.4892724
File /workspace/.pip-modules/lib/python3.12/site-packages/crispy_bootstrap5/templates/bootstrap5/layout/tab.html first seen with mtime 1723888180.4892724
File /workspace/.pip-modules/lib/python3.12/site-packages/crispy_bootstrap5/templates/bootstrap5/layout/uneditable_input.html first seen with mtime 1723888180.4892724
File /workspace/pauls-pizzeria/contact/templates/contact first seen with mtime 1723887567.4386945
File /workspace/pauls-pizzeria/contact/templates/contact/contact.html first seen with mtime 1724069848.9317982
File /workspace/.pip-modules/lib/python3.12/site-packages/allauth/templates/account first seen with mtime 1723888180.1292756
File /workspace/.pip-modules/lib/python3.12/site-packages/allauth/templates/mfa first seen with mtime 1723888180.1292756
File /workspace/.pip-modules/lib/python3.12/site-packages/allauth/templates/openid first seen with mtime 1723888180.1292756
File /workspace/.pip-modules/lib/python3.12/site-packages/allauth/templates/socialaccount first seen with mtime 1723888180.1292756
File /workspace/.pip-modules/lib/python3.12/site-packages/allauth/templates/tests first seen with mtime 1723888180.1292756
File /workspace/.pip-modules/lib/python3.12/site-packages/allauth/templates/account/account_inactive.html first seen with mtime 1723888180.1252756
File /workspace/.pip-modules/lib/python3.12/site-packages/allauth/templates/account/base.html first seen with mtime 1723888180.1252756
File /workspace/.pip-modules/lib/python3.12/site-packages/allauth/templates/account/email first seen with mtime 1723888180.1252756
File /workspace/.pip-modules/lib/python3.12/site-packages/allauth/templates/account/email.html first seen with mtime 1723888180.1252756
File /workspace/.pip-modules/lib/python3.12/site-packages/allauth/templates/account/email_change.html first seen with mtime 1723888180.1252756
File /workspace/.pip-modules/lib/python3.12/site-packages/allauth/templates/account/email_confirm.html first seen with mtime 1723888180.1252756
File /workspace/.pip-modules/lib/python3.12/site-packages/allauth/templates/account/login.html first seen with mtime 1723888180.1252756
File /workspace/.pip-modules/lib/python3.12/site-packages/allauth/templates/account/logout.html first seen with mtime 1723888180.1252756
File /workspace/.pip-modules/lib/python3.12/site-packages/allauth/templates/account/messages first seen with mtime 1723888180.1292756
File /workspace/.pip-modules/lib/python3.12/site-packages/allauth/templates/account/password_change.html first seen with mtime 1723888180.1252756
File /workspace/.pip-modules/lib/python3.12/site-packages/allauth/templates/account/password_reset.html first seen with mtime 1723888180.1252756
File /workspace/.pip-modules/lib/python3.12/site-packages/allauth/templates/account/password_reset_done.html first seen with mtime 1723888180.1252756
File /workspace/.pip-modules/lib/python3.12/site-packages/allauth/templates/account/password_reset_from_key.html first seen with mtime 1723888180.1252756
File /workspace/.pip-modules/lib/python3.12/site-packages/allauth/templates/account/password_reset_from_key_done.html first seen with mtime 1723888180.1252756
File /workspace/.pip-modules/lib/python3.12/site-packages/allauth/templates/account/password_set.html first seen with mtime 1723888180.1252756
File /workspace/.pip-modules/lib/python3.12/site-packages/allauth/templates/account/reauthenticate.html first seen with mtime 1723888180.1252756
File /workspace/.pip-modules/lib/python3.12/site-packages/allauth/templates/account/signup.html first seen with mtime 1723888180.1252756
File /workspace/.pip-modules/lib/python3.12/site-packages/allauth/templates/account/signup_closed.html first seen with mtime 1723888180.1252756
File /workspace/.pip-modules/lib/python3.12/site-packages/allauth/templates/account/snippets first seen with mtime 1723888180.1292756
File /workspace/.pip-modules/lib/python3.12/site-packages/allauth/templates/account/verification_sent.html first seen with mtime 1723888180.1252756
File /workspace/.pip-modules/lib/python3.12/site-packages/allauth/templates/account/verified_email_required.html first seen with mtime 1723888180.1252756
File /workspace/.pip-modules/lib/python3.12/site-packages/allauth/templates/mfa/authenticate.html first seen with mtime 1723888180.1292756
File /workspace/.pip-modules/lib/python3.12/site-packages/allauth/templates/mfa/index.html first seen with mtime 1723888180.1292756
File /workspace/.pip-modules/lib/python3.12/site-packages/allauth/templates/mfa/messages first seen with mtime 1723888180.1292756
File /workspace/.pip-modules/lib/python3.12/site-packages/allauth/templates/mfa/recovery_codes first seen with mtime 1723888180.1292756
File /workspace/.pip-modules/lib/python3.12/site-packages/allauth/templates/mfa/totp first seen with mtime 1723888180.1292756
File /workspace/.pip-modules/lib/python3.12/site-packages/allauth/templates/openid/base.html first seen with mtime 1723888180.1292756
File /workspace/.pip-modules/lib/python3.12/site-packages/allauth/templates/openid/login.html first seen with mtime 1723888180.1292756
File /workspace/.pip-modules/lib/python3.12/site-packages/allauth/templates/socialaccount/authentication_error.html first seen with mtime 1723888180.1292756
File /workspace/.pip-modules/lib/python3.12/site-packages/allauth/templates/socialaccount/base.html first seen with mtime 1723888180.1292756
File /workspace/.pip-modules/lib/python3.12/site-packages/allauth/templates/socialaccount/connections.html first seen with mtime 1723888180.1292756
File /workspace/.pip-modules/lib/python3.12/site-packages/allauth/templates/socialaccount/login.html first seen with mtime 1723888180.1292756
File /workspace/.pip-modules/lib/python3.12/site-packages/allauth/templates/socialaccount/login_cancelled.html first seen with mtime 1723888180.1292756
File /workspace/.pip-modules/lib/python3.12/site-packages/allauth/templates/socialaccount/messages first seen with mtime 1723888180.1292756
File /workspace/.pip-modules/lib/python3.12/site-packages/allauth/templates/socialaccount/signup.html first seen with mtime 1723888180.1292756
File /workspace/.pip-modules/lib/python3.12/site-packages/allauth/templates/socialaccount/snippets first seen with mtime 1723888180.1292756
File /workspace/.pip-modules/lib/python3.12/site-packages/allauth/templates/tests/test_403_csrf.html first seen with mtime 1723888180.1292756
File /workspace/.pip-modules/lib/python3.12/site-packages/allauth/templates/account/email/account_already_exists_message.txt first seen with mtime 1723888180.1252756
File /workspace/.pip-modules/lib/python3.12/site-packages/allauth/templates/account/email/account_already_exists_subject.txt first seen with mtime 1723888180.1252756
File /workspace/.pip-modules/lib/python3.12/site-packages/allauth/templates/account/email/base_message.txt first seen with mtime 1723888180.1252756
File /workspace/.pip-modules/lib/python3.12/site-packages/allauth/templates/account/email/email_confirmation_message.txt first seen with mtime 1723888180.1252756
File /workspace/.pip-modules/lib/python3.12/site-packages/allauth/templates/account/email/email_confirmation_signup_message.txt first seen with mtime 1723888180.1252756
File /workspace/.pip-modules/lib/python3.12/site-packages/allauth/templates/account/email/email_confirmation_signup_subject.txt first seen with mtime 1723888180.1252756
File /workspace/.pip-modules/lib/python3.12/site-packages/allauth/templates/account/email/email_confirmation_subject.txt first seen with mtime 1723888180.1252756
File /workspace/.pip-modules/lib/python3.12/site-packages/allauth/templates/account/email/password_reset_key_message.txt first seen with mtime 1723888180.1252756
File /workspace/.pip-modules/lib/python3.12/site-packages/allauth/templates/account/email/password_reset_key_subject.txt first seen with mtime 1723888180.1252756
File /workspace/.pip-modules/lib/python3.12/site-packages/allauth/templates/account/email/unknown_account_message.txt first seen with mtime 1723888180.1252756
File /workspace/.pip-modules/lib/python3.12/site-packages/allauth/templates/account/email/unknown_account_subject.txt first seen with mtime 1723888180.1252756
File /workspace/.pip-modules/lib/python3.12/site-packages/allauth/templates/account/messages/cannot_delete_primary_email.txt first seen with mtime 1723888180.1252756
File /workspace/.pip-modules/lib/python3.12/site-packages/allauth/templates/account/messages/email_confirmation_failed.txt first seen with mtime 1723888180.1252756
File /workspace/.pip-modules/lib/python3.12/site-packages/allauth/templates/account/messages/email_confirmation_sent.txt first seen with mtime 1723888180.1252756
File /workspace/.pip-modules/lib/python3.12/site-packages/allauth/templates/account/messages/email_confirmed.txt first seen with mtime 1723888180.1292756
File /workspace/.pip-modules/lib/python3.12/site-packages/allauth/templates/account/messages/email_deleted.txt first seen with mtime 1723888180.1292756
File /workspace/.pip-modules/lib/python3.12/site-packages/allauth/templates/account/messages/logged_in.txt first seen with mtime 1723888180.1292756
File /workspace/.pip-modules/lib/python3.12/site-packages/allauth/templates/account/messages/logged_out.txt first seen with mtime 1723888180.1292756
File /workspace/.pip-modules/lib/python3.12/site-packages/allauth/templates/account/messages/password_changed.txt first seen with mtime 1723888180.1292756
File /workspace/.pip-modules/lib/python3.12/site-packages/allauth/templates/account/messages/password_set.txt first seen with mtime 1723888180.1292756
File /workspace/.pip-modules/lib/python3.12/site-packages/allauth/templates/account/messages/primary_email_set.txt first seen with mtime 1723888180.1292756
File /workspace/.pip-modules/lib/python3.12/site-packages/allauth/templates/account/messages/unverified_primary_email.txt first seen with mtime 1723888180.1292756
File /workspace/.pip-modules/lib/python3.12/site-packages/allauth/templates/account/snippets/already_logged_in.html first seen with mtime 1723888180.1292756
File /workspace/.pip-modules/lib/python3.12/site-packages/allauth/templates/account/snippets/warn_no_email.html first seen with mtime 1723888180.1292756
File /workspace/.pip-modules/lib/python3.12/site-packages/allauth/templates/mfa/messages/recovery_codes_generated.txt first seen with mtime 1723888180.1292756
File /workspace/.pip-modules/lib/python3.12/site-packages/allauth/templates/mfa/messages/totp_activated.txt first seen with mtime 1723888180.1292756
File /workspace/.pip-modules/lib/python3.12/site-packages/allauth/templates/mfa/messages/totp_deactivated.txt first seen with mtime 1723888180.1292756
File /workspace/.pip-modules/lib/python3.12/site-packages/allauth/templates/mfa/recovery_codes/base.html first seen with mtime 1723888180.1292756
File /workspace/.pip-modules/lib/python3.12/site-packages/allauth/templates/mfa/recovery_codes/download.txt first seen with mtime 1723888180.1292756
File /workspace/.pip-modules/lib/python3.12/site-packages/allauth/templates/mfa/recovery_codes/generate.html first seen with mtime 1723888180.1292756
File /workspace/.pip-modules/lib/python3.12/site-packages/allauth/templates/mfa/recovery_codes/index.html first seen with mtime 1723888180.1292756
File /workspace/.pip-modules/lib/python3.12/site-packages/allauth/templates/mfa/totp/activate_form.html first seen with mtime 1723888180.1292756
File /workspace/.pip-modules/lib/python3.12/site-packages/allauth/templates/mfa/totp/base.html first seen with mtime 1723888180.1292756
File /workspace/.pip-modules/lib/python3.12/site-packages/allauth/templates/mfa/totp/deactivate_form.html first seen with mtime 1723888180.1292756
File /workspace/.pip-modules/lib/python3.12/site-packages/allauth/templates/socialaccount/messages/account_connected.txt first seen with mtime 1723888180.1292756
File /workspace/.pip-modules/lib/python3.12/site-packages/allauth/templates/socialaccount/messages/account_connected_other.txt first seen with mtime 1723888180.1292756
File /workspace/.pip-modules/lib/python3.12/site-packages/allauth/templates/socialaccount/messages/account_connected_updated.txt first seen with mtime 1723888180.1292756
File /workspace/.pip-modules/lib/python3.12/site-packages/allauth/templates/socialaccount/messages/account_disconnected.txt first seen with mtime 1723888180.1292756
File /workspace/.pip-modules/lib/python3.12/site-packages/allauth/templates/socialaccount/snippets/login_extra.html first seen with mtime 1723888180.1292756
File /workspace/.pip-modules/lib/python3.12/site-packages/allauth/templates/socialaccount/snippets/provider_list.html first seen with mtime 1723888180.1292756
File /workspace/pauls-pizzeria/booking/templates/booking first seen with mtime 1723890427.317361
File /workspace/pauls-pizzeria/booking/templates/booking/booking.html first seen with mtime 1724068844.688176
File /workspace/pauls-pizzeria/booking/templates/booking/cancel_reservation.html first seen with mtime 1723892111.950427
File /workspace/pauls-pizzeria/booking/templates/booking/edit_reservation.html first seen with mtime 1724068868.3239787
File /workspace/pauls-pizzeria/booking/templates/booking/reservations.html first seen with mtime 1724068899.4517183
File /workspace/pauls-pizzeria/home/templates/home first seen with mtime 1723887567.5066938
File /workspace/pauls-pizzeria/home/templates/home.html first seen with mtime 1724069449.0391338
File /workspace/pauls-pizzeria/home/templates/home/menu.html first seen with mtime 1724069793.6682594
File /workspace/.pip-modules/lib/python3.12/site-packages/django_summernote/templates/django_summernote first seen with mtime 1723888179.965277
File /workspace/.pip-modules/lib/python3.12/site-packages/django_summernote/templates/django_summernote/upload_attachment.json first seen with mtime 1723888179.965277
File /workspace/.pip-modules/lib/python3.12/site-packages/django_summernote/templates/django_summernote/widget_common.html first seen with mtime 1723888179.965277
File /workspace/.pip-modules/lib/python3.12/site-packages/django_summernote/templates/django_summernote/widget_iframe.html first seen with mtime 1723888179.965277
File /workspace/.pip-modules/lib/python3.12/site-packages/django_summernote/templates/django_summernote/widget_iframe_editor.html first seen with mtime 1723888179.965277
File /workspace/.pip-modules/lib/python3.12/site-packages/django_summernote/templates/django_summernote/widget_inplace.html first seen with mtime 1723888179.965277
File /workspace/.pip-modules/lib/python3.12/site-packages/allauth/locale/ar/LC_MESSAGES/django.mo first seen with mtime 1723888180.0332763
File /workspace/.pip-modules/lib/python3.12/site-packages/allauth/locale/az/LC_MESSAGES/django.mo first seen with mtime 1723888180.0332763
File /workspace/.pip-modules/lib/python3.12/site-packages/allauth/locale/bg/LC_MESSAGES/django.mo first seen with mtime 1723888180.0332763
File /workspace/.pip-modules/lib/python3.12/site-packages/allauth/locale/ca/LC_MESSAGES/django.mo first seen with mtime 1723888180.0332763
File /workspace/.pip-modules/lib/python3.12/site-packages/allauth/locale/cs/LC_MESSAGES/django.mo first seen with mtime 1723888180.0332763
File /workspace/.pip-modules/lib/python3.12/site-packages/allauth/locale/da/LC_MESSAGES/django.mo first seen with mtime 1723888180.0332763
File /workspace/.pip-modules/lib/python3.12/site-packages/allauth/locale/de/LC_MESSAGES/django.mo first seen with mtime 1723888180.0372763
File /workspace/.pip-modules/lib/python3.12/site-packages/allauth/locale/el/LC_MESSAGES/django.mo first seen with mtime 1723888180.0372763
File /workspace/.pip-modules/lib/python3.12/site-packages/allauth/locale/en/LC_MESSAGES/django.mo first seen with mtime 1723888180.0372763
File /workspace/.pip-modules/lib/python3.12/site-packages/allauth/locale/es/LC_MESSAGES/django.mo first seen with mtime 1723888180.0372763
File /workspace/.pip-modules/lib/python3.12/site-packages/allauth/locale/eu/LC_MESSAGES/django.mo first seen with mtime 1723888180.0372763
File /workspace/.pip-modules/lib/python3.12/site-packages/allauth/locale/fa/LC_MESSAGES/django.mo first seen with mtime 1723888180.0372763
File /workspace/.pip-modules/lib/python3.12/site-packages/allauth/locale/fi/LC_MESSAGES/django.mo first seen with mtime 1723888180.0372763
File /workspace/.pip-modules/lib/python3.12/site-packages/allauth/locale/fr/LC_MESSAGES/django.mo first seen with mtime 1723888180.0372763
File /workspace/.pip-modules/lib/python3.12/site-packages/allauth/locale/he/LC_MESSAGES/django.mo first seen with mtime 1723888180.0412762
File /workspace/.pip-modules/lib/python3.12/site-packages/allauth/locale/hr/LC_MESSAGES/django.mo first seen with mtime 1723888180.0412762
File /workspace/.pip-modules/lib/python3.12/site-packages/allauth/locale/hu/LC_MESSAGES/django.mo first seen with mtime 1723888180.0412762
File /workspace/.pip-modules/lib/python3.12/site-packages/allauth/locale/id/LC_MESSAGES/django.mo first seen with mtime 1723888180.0412762
File /workspace/.pip-modules/lib/python3.12/site-packages/allauth/locale/it/LC_MESSAGES/django.mo first seen with mtime 1723888180.0412762
File /workspace/.pip-modules/lib/python3.12/site-packages/allauth/locale/ja/LC_MESSAGES/django.mo first seen with mtime 1723888180.0412762
File /workspace/.pip-modules/lib/python3.12/site-packages/allauth/locale/ka/LC_MESSAGES/django.mo first seen with mtime 1723888180.0412762
File /workspace/.pip-modules/lib/python3.12/site-packages/allauth/locale/ko/LC_MESSAGES/django.mo first seen with mtime 1723888180.0412762
File /workspace/.pip-modules/lib/python3.12/site-packages/allauth/locale/ky/LC_MESSAGES/django.mo first seen with mtime 1723888180.0412762
File /workspace/.pip-modules/lib/python3.12/site-packages/allauth/locale/lt/LC_MESSAGES/django.mo first seen with mtime 1723888180.0452762
File /workspace/.pip-modules/lib/python3.12/site-packages/allauth/locale/lv/LC_MESSAGES/django.mo first seen with mtime 1723888180.0452762
File /workspace/.pip-modules/lib/python3.12/site-packages/allauth/locale/mn/LC_MESSAGES/django.mo first seen with mtime 1723888180.0452762
File /workspace/.pip-modules/lib/python3.12/site-packages/allauth/locale/nb/LC_MESSAGES/django.mo first seen with mtime 1723888180.0452762
File /workspace/.pip-modules/lib/python3.12/site-packages/allauth/locale/nl/LC_MESSAGES/django.mo first seen with mtime 1723888180.0452762
File /workspace/.pip-modules/lib/python3.12/site-packages/allauth/locale/pl/LC_MESSAGES/django.mo first seen with mtime 1723888180.0452762
File /workspace/.pip-modules/lib/python3.12/site-packages/allauth/locale/pt_BR/LC_MESSAGES/django.mo first seen with mtime 1723888180.0452762
File /workspace/.pip-modules/lib/python3.12/site-packages/allauth/locale/pt_PT/LC_MESSAGES/django.mo first seen with mtime 1723888180.0452762
File /workspace/.pip-modules/lib/python3.12/site-packages/allauth/locale/ro/LC_MESSAGES/django.mo first seen with mtime 1723888180.049276
File /workspace/.pip-modules/lib/python3.12/site-packages/allauth/locale/ru/LC_MESSAGES/django.mo first seen with mtime 1723888180.049276
File /workspace/.pip-modules/lib/python3.12/site-packages/allauth/locale/sk/LC_MESSAGES/django.mo first seen with mtime 1723888180.049276
File /workspace/.pip-modules/lib/python3.12/site-packages/allauth/locale/sl/LC_MESSAGES/django.mo first seen with mtime 1723888180.049276
File /workspace/.pip-modules/lib/python3.12/site-packages/allauth/locale/sr/LC_MESSAGES/django.mo first seen with mtime 1723888180.049276
File /workspace/.pip-modules/lib/python3.12/site-packages/allauth/locale/sr_Latn/LC_MESSAGES/django.mo first seen with mtime 1723888180.049276
File /workspace/.pip-modules/lib/python3.12/site-packages/allauth/locale/sv/LC_MESSAGES/django.mo first seen with mtime 1723888180.049276
File /workspace/.pip-modules/lib/python3.12/site-packages/allauth/locale/th/LC_MESSAGES/django.mo first seen with mtime 1723888180.049276
File /workspace/.pip-modules/lib/python3.12/site-packages/allauth/locale/tr/LC_MESSAGES/django.mo first seen with mtime 1723888180.049276
File /workspace/.pip-modules/lib/python3.12/site-packages/allauth/locale/uk/LC_MESSAGES/django.mo first seen with mtime 1723888180.053276
File /workspace/.pip-modules/lib/python3.12/site-packages/allauth/locale/zh_CN/LC_MESSAGES/django.mo first seen with mtime 1723888180.053276
File /workspace/.pip-modules/lib/python3.12/site-packages/allauth/locale/zh_Hans/LC_MESSAGES/django.mo first seen with mtime 1723888180.053276
File /workspace/.pip-modules/lib/python3.12/site-packages/allauth/locale/zh_Hant/LC_MESSAGES/django.mo first seen with mtime 1723888180.053276
File /workspace/.pip-modules/lib/python3.12/site-packages/allauth/locale/zh_TW/LC_MESSAGES/django.mo first seen with mtime 1723888180.053276
File /workspace/.pip-modules/lib/python3.12/site-packages/phonenumber_field/locale/ar/LC_MESSAGES/django.mo first seen with mtime 1723888179.9772768
File /workspace/.pip-modules/lib/python3.12/site-packages/phonenumber_field/locale/az/LC_MESSAGES/django.mo first seen with mtime 1723888179.9772768
File /workspace/.pip-modules/lib/python3.12/site-packages/phonenumber_field/locale/bg/LC_MESSAGES/django.mo first seen with mtime 1723888179.9772768
File /workspace/.pip-modules/lib/python3.12/site-packages/phonenumber_field/locale/bn/LC_MESSAGES/django.mo first seen with mtime 1723888179.9772768
File /workspace/.pip-modules/lib/python3.12/site-packages/phonenumber_field/locale/cs/LC_MESSAGES/django.mo first seen with mtime 1723888179.9772768
File /workspace/.pip-modules/lib/python3.12/site-packages/phonenumber_field/locale/da/LC_MESSAGES/django.mo first seen with mtime 1723888179.9772768
File /workspace/.pip-modules/lib/python3.12/site-packages/phonenumber_field/locale/de/LC_MESSAGES/django.mo first seen with mtime 1723888179.9812768
File /workspace/.pip-modules/lib/python3.12/site-packages/phonenumber_field/locale/eo/LC_MESSAGES/django.mo first seen with mtime 1723888179.9812768
File /workspace/.pip-modules/lib/python3.12/site-packages/phonenumber_field/locale/es/LC_MESSAGES/django.mo first seen with mtime 1723888179.9812768
File /workspace/.pip-modules/lib/python3.12/site-packages/phonenumber_field/locale/es_AR/LC_MESSAGES/django.mo first seen with mtime 1723888179.9812768
File /workspace/.pip-modules/lib/python3.12/site-packages/phonenumber_field/locale/fa/LC_MESSAGES/django.mo first seen with mtime 1723888179.9812768
File /workspace/.pip-modules/lib/python3.12/site-packages/phonenumber_field/locale/fi/LC_MESSAGES/django.mo first seen with mtime 1723888179.9812768
File /workspace/.pip-modules/lib/python3.12/site-packages/phonenumber_field/locale/fr/LC_MESSAGES/django.mo first seen with mtime 1723888179.9812768
File /workspace/.pip-modules/lib/python3.12/site-packages/phonenumber_field/locale/he/LC_MESSAGES/django.mo first seen with mtime 1723888179.9812768
File /workspace/.pip-modules/lib/python3.12/site-packages/phonenumber_field/locale/hy/LC_MESSAGES/django.mo first seen with mtime 1723888179.9812768
File /workspace/.pip-modules/lib/python3.12/site-packages/phonenumber_field/locale/id/LC_MESSAGES/django.mo first seen with mtime 1723888179.9812768
File /workspace/.pip-modules/lib/python3.12/site-packages/phonenumber_field/locale/it/LC_MESSAGES/django.mo first seen with mtime 1723888179.9812768
File /workspace/.pip-modules/lib/python3.12/site-packages/phonenumber_field/locale/ko/LC_MESSAGES/django.mo first seen with mtime 1723888179.9812768
File /workspace/.pip-modules/lib/python3.12/site-packages/phonenumber_field/locale/lt/LC_MESSAGES/django.mo first seen with mtime 1723888179.9812768
File /workspace/.pip-modules/lib/python3.12/site-packages/phonenumber_field/locale/nb/LC_MESSAGES/django.mo first seen with mtime 1723888179.9812768
File /workspace/.pip-modules/lib/python3.12/site-packages/phonenumber_field/locale/nl/LC_MESSAGES/django.mo first seen with mtime 1723888179.9812768
File /workspace/.pip-modules/lib/python3.12/site-packages/phonenumber_field/locale/pl/LC_MESSAGES/django.mo first seen with mtime 1723888179.9812768
File /workspace/.pip-modules/lib/python3.12/site-packages/phonenumber_field/locale/pt/LC_MESSAGES/django.mo first seen with mtime 1723888179.9852767
File /workspace/.pip-modules/lib/python3.12/site-packages/phonenumber_field/locale/pt_BR/LC_MESSAGES/django.mo first seen with mtime 1723888179.9852767
File /workspace/.pip-modules/lib/python3.12/site-packages/phonenumber_field/locale/ro/LC_MESSAGES/django.mo first seen with mtime 1723888179.9852767
File /workspace/.pip-modules/lib/python3.12/site-packages/phonenumber_field/locale/ru/LC_MESSAGES/django.mo first seen with mtime 1723888179.9852767
File /workspace/.pip-modules/lib/python3.12/site-packages/phonenumber_field/locale/sk/LC_MESSAGES/django.mo first seen with mtime 1723888179.9852767
File /workspace/.pip-modules/lib/python3.12/site-packages/phonenumber_field/locale/sv/LC_MESSAGES/django.mo first seen with mtime 1723888179.9852767
File /workspace/.pip-modules/lib/python3.12/site-packages/phonenumber_field/locale/tr/LC_MESSAGES/django.mo first seen with mtime 1723888179.9852767
File /workspace/.pip-modules/lib/python3.12/site-packages/phonenumber_field/locale/uk/LC_MESSAGES/django.mo first seen with mtime 1723888179.9852767
File /workspace/.pip-modules/lib/python3.12/site-packages/phonenumber_field/locale/uk_UA/LC_MESSAGES/django.mo first seen with mtime 1723888179.9852767
File /workspace/.pip-modules/lib/python3.12/site-packages/phonenumber_field/locale/zh_Hans/LC_MESSAGES/django.mo first seen with mtime 1723888179.9852767
File /workspace/.pip-modules/lib/python3.12/site-packages/django/contrib/admin/migrations/__init__.py first seen with mtime 1723888178.4292905
File /workspace/.pip-modules/lib/python3.12/site-packages/django/contrib/auth/migrations/0003_alter_user_email_max_length.py first seen with mtime 1723888178.5172896
File /workspace/.pip-modules/lib/python3.12/site-packages/django_summernote/migrations/__init__.py first seen with mtime 1723888179.953277
File /workspace/.pip-modules/lib/python3.12/site-packages/allauth/socialaccount/migrations/__init__.py first seen with mtime 1723888180.057276
File /workspace/.pip-modules/lib/python3.12/site-packages/django/contrib/auth/migrations/__init__.py first seen with mtime 1723888178.5212896
File /workspace/pauls-pizzeria/booking/migrations/0003_table.py first seen with mtime 1723887567.4386945
File /workspace/.pip-modules/lib/python3.12/site-packages/allauth/socialaccount/migrations/0005_socialtoken_nullable_app.py first seen with mtime 1723888180.057276
File /workspace/pauls-pizzeria/contact/migrations/0002_alter_contact_phone.py first seen with mtime 1723887567.4386945
File /workspace/pauls-pizzeria/booking/migrations/0007_bookingassignment_time.py first seen with mtime 1723887567.4386945
File /workspace/pauls-pizzeria/booking/migrations/0004_bookingassignment.py first seen with mtime 1723887567.4386945
File /workspace/.pip-modules/lib/python3.12/site-packages/django/contrib/auth/migrations/0011_update_proxy_permissions.py first seen with mtime 1723888178.5212896
File /workspace/pauls-pizzeria/booking/migrations/0009_bookingassignment.py first seen with mtime 1723887567.4386945
File /workspace/.pip-modules/lib/python3.12/site-packages/allauth/account/migrations/0001_initial.py first seen with mtime 1723888180.0292764
File /workspace/pauls-pizzeria/contact/migrations/__init__.py first seen with mtime 1723887567.4386945
File /workspace/.pip-modules/lib/python3.12/site-packages/django/contrib/contenttypes/migrations/0002_remove_content_type_name.py first seen with mtime 1723888178.5452895
File /home/gitpod/.pyenv/versions/3.12.2/lib/python3.12/encodings/idna.py first seen with mtime 1723887435.0
File /workspace/pauls-pizzeria/booking/migrations/__init__.py first seen with mtime 1723887567.4386945
File /workspace/.pip-modules/lib/python3.12/site-packages/django/contrib/sessions/migrations/0001_initial.py first seen with mtime 1723888178.713288
File /workspace/.pip-modules/lib/python3.12/site-packages/django/contrib/sites/migrations/0001_initial.py first seen with mtime 1723888178.7412877
File /workspace/.pip-modules/lib/python3.12/site-packages/django/middleware/clickjacking.py first seen with mtime 1723888178.7892873
File /workspace/pauls-pizzeria/booking/migrations/0013_remove_table_is_reserved_remove_table_reserved_by_and_more.py first seen with mtime 1723887567.4386945
File /workspace/.pip-modules/lib/python3.12/site-packages/django/contrib/contenttypes/migrations/__init__.py first seen with mtime 1723888178.5452895
File /workspace/.pip-modules/lib/python3.12/site-packages/allauth/account/middleware.py first seen with mtime 1723888180.0292764
File /workspace/.pip-modules/lib/python3.12/site-packages/django/contrib/auth/migrations/0005_alter_user_last_login_null.py first seen with mtime 1723888178.5212896
File /workspace/pauls-pizzeria/booking/migrations/0008_delete_bookingassignment.py first seen with mtime 1723887567.4386945
File /workspace/.pip-modules/lib/python3.12/site-packages/allauth/socialaccount/migrations/0002_token_max_lengths.py first seen with mtime 1723888180.057276
File /workspace/.pip-modules/lib/python3.12/site-packages/allauth/account/migrations/0003_alter_emailaddress_create_unique_verified_email.py first seen with mtime 1723888180.0292764
File /workspace/.pip-modules/lib/python3.12/site-packages/django_summernote/migrations/0002_update-help_text.py first seen with mtime 1723888179.9492772
File /workspace/pauls-pizzeria/booking/migrations/0010_bookingassignment_end_time_bookingform_end_time.py first seen with mtime 1723887567.4386945
File /workspace/.pip-modules/lib/python3.12/site-packages/django/contrib/sessions/backends/__init__.py first seen with mtime 1723888178.6892881
File /workspace/.pip-modules/lib/python3.12/site-packages/allauth/account/migrations/__init__.py first seen with mtime 1723888180.0292764
File /workspace/pauls-pizzeria/contact/migrations/0001_initial.py first seen with mtime 1723887567.4386945
File /workspace/.pip-modules/lib/python3.12/site-packages/django/db/migrations/graph.py first seen with mtime 1723888178.7652876
File /workspace/pauls-pizzeria/booking/migrations/0005_alter_bookingassignment_date_and_more.py first seen with mtime 1723887567.4386945
File /workspace/.pip-modules/lib/python3.12/site-packages/django/contrib/messages/middleware.py first seen with mtime 1723888178.6412885
File /workspace/.pip-modules/lib/python3.12/site-packages/django/contrib/auth/migrations/0002_alter_permission_name_max_length.py first seen with mtime 1723888178.5172896
File /workspace/.pip-modules/lib/python3.12/site-packages/whitenoise/middleware.py first seen with mtime 1723888177.9252949
File /workspace/.pip-modules/lib/python3.12/site-packages/django/contrib/sessions/middleware.py first seen with mtime 1723888178.6892881
File /workspace/.pip-modules/lib/python3.12/site-packages/whitenoise/string_utils.py first seen with mtime 1723888177.9252949
File /workspace/.pip-modules/lib/python3.12/site-packages/allauth/socialaccount/migrations/0001_initial.py first seen with mtime 1723888180.057276
File /workspace/.pip-modules/lib/python3.12/site-packages/django/contrib/sessions/backends/base.py first seen with mtime 1723888178.6892881
File /workspace/.pip-modules/lib/python3.12/site-packages/django/contrib/auth/migrations/0006_require_contenttypes_0002.py first seen with mtime 1723888178.5212896
File /workspace/.pip-modules/lib/python3.12/site-packages/allauth/account/migrations/0004_alter_emailaddress_drop_unique_email.py first seen with mtime 1723888180.0292764
File /workspace/.pip-modules/lib/python3.12/site-packages/django/contrib/sessions/backends/db.py first seen with mtime 1723888178.6892881
File /workspace/.pip-modules/lib/python3.12/site-packages/django_summernote/migrations/0003_alter_attachment_id.py first seen with mtime 1723888878.2870784
File /workspace/.pip-modules/lib/python3.12/site-packages/django/contrib/admin/migrations/0003_logentry_add_action_flag_choices.py first seen with mtime 1723888178.4292905
File /workspace/.pip-modules/lib/python3.12/site-packages/django/contrib/auth/migrations/0007_alter_validators_add_error_messages.py first seen with mtime 1723888178.5212896
File /workspace/pauls-pizzeria/my_project/wsgi.py first seen with mtime 1723887567.5066938
File /workspace/pauls-pizzeria/booking/migrations/0001_initial.py first seen with mtime 1723887567.4386945
File /workspace/pauls-pizzeria/booking/migrations/0014_bookingform_user.py first seen with mtime 1723892694.361248
File /workspace/.pip-modules/lib/python3.12/site-packages/django/middleware/common.py first seen with mtime 1723888178.7892873
File /workspace/.pip-modules/lib/python3.12/site-packages/django/contrib/auth/migrations/0001_initial.py first seen with mtime 1723888178.5172896
File /workspace/.pip-modules/lib/python3.12/site-packages/django/contrib/admin/migrations/0001_initial.py first seen with mtime 1723888178.4292905
File /workspace/.pip-modules/lib/python3.12/site-packages/whitenoise/responders.py first seen with mtime 1723888177.9252949
File /workspace/.pip-modules/lib/python3.12/site-packages/django_summernote/migrations/0001_initial.py first seen with mtime 1723888179.9492772
File /workspace/.pip-modules/lib/python3.12/site-packages/django/contrib/auth/migrations/0009_alter_user_last_name_max_length.py first seen with mtime 1723888178.5212896
File /home/gitpod/.pyenv/versions/3.12.2/lib/python3.12/stringprep.py first seen with mtime 1723887435.0
File /workspace/pauls-pizzeria/booking/migrations/0015_alter_bookingform_user.py first seen with mtime 1723892912.2393134
File /workspace/.pip-modules/lib/python3.12/site-packages/django/db/migrations/executor.py first seen with mtime 1723888178.7652876
File /workspace/pauls-pizzeria/booking/migrations/0012_reservation.py first seen with mtime 1723887567.4386945
File /workspace/.pip-modules/lib/python3.12/site-packages/django/contrib/auth/migrations/0004_alter_user_username_opts.py first seen with mtime 1723888178.5212896
File /workspace/.pip-modules/lib/python3.12/site-packages/django/contrib/auth/migrations/0008_alter_user_username_max_length.py first seen with mtime 1723888178.5212896
File /workspace/.pip-modules/lib/python3.12/site-packages/django/contrib/sites/migrations/__init__.py first seen with mtime 1723888178.7412877
File /workspace/.pip-modules/lib/python3.12/site-packages/django/contrib/sites/migrations/0002_alter_domain_unique.py first seen with mtime 1723888178.7412877
File /workspace/pauls-pizzeria/booking/migrations/0011_remove_bookingassignment_end_time.py first seen with mtime 1723887567.4386945
File /workspace/.pip-modules/lib/python3.12/site-packages/django/contrib/auth/migrations/0012_alter_user_first_name_max_length.py first seen with mtime 1723888178.5212896
File /workspace/.pip-modules/lib/python3.12/site-packages/django/contrib/staticfiles/storage.py first seen with mtime 1723888178.7412877
File /workspace/.pip-modules/lib/python3.12/site-packages/django/contrib/contenttypes/migrations/0001_initial.py first seen with mtime 1723888178.5452895
File /workspace/pauls-pizzeria/booking/migrations/0006_remove_bookingassignment_time_and_more.py first seen with mtime 1723887567.4386945
File /workspace/pauls-pizzeria/booking/migrations/0002_bookingform_guests.py first seen with mtime 1723887567.4386945
File /workspace/.pip-modules/lib/python3.12/site-packages/django/db/models/sql/compiler.py first seen with mtime 1723888178.7732875
File /workspace/.pip-modules/lib/python3.12/site-packages/django/contrib/admin/migrations/0002_logentry_remove_auto_add.py first seen with mtime 1723888178.4292905
File /workspace/.pip-modules/lib/python3.12/site-packages/django/db/migrations/recorder.py first seen with mtime 1723888178.7652876
File /workspace/pauls-pizzeria/home/migrations/__init__.py first seen with mtime 1723887567.5066938
File /workspace/.pip-modules/lib/python3.12/site-packages/allauth/account/migrations/0005_emailaddress_idx_upper_email.py first seen with mtime 1723888180.0292764
File /workspace/.pip-modules/lib/python3.12/site-packages/allauth/socialaccount/migrations/0003_extra_data_default_dict.py first seen with mtime 1723888180.057276
File /workspace/.pip-modules/lib/python3.12/site-packages/allauth/account/migrations/0002_email_max_length.py first seen with mtime 1723888180.0292764
File /workspace/.pip-modules/lib/python3.12/site-packages/django/contrib/sessions/migrations/__init__.py first seen with mtime 1723888178.713288
File /workspace/pauls-pizzeria/contact/migrations/0004_contact_created_on.py first seen with mtime 1723887567.4386945
File /workspace/.pip-modules/lib/python3.12/site-packages/django/contrib/sessions/exceptions.py first seen with mtime 1723888178.6892881
File /workspace/.pip-modules/lib/python3.12/site-packages/allauth/socialaccount/migrations/0004_app_provider_id_settings.py first seen with mtime 1723888180.057276
File /workspace/pauls-pizzeria/contact/migrations/0003_alter_contact_phone.py first seen with mtime 1723887567.4386945
File /workspace/.pip-modules/lib/python3.12/site-packages/django/db/migrations/loader.py first seen with mtime 1723888178.7652876
File /workspace/.pip-modules/lib/python3.12/site-packages/django/contrib/auth/migrations/0010_alter_group_name_max_length.py first seen with mtime 1723888178.5212896
File /workspace/.pip-modules/lib/python3.12/site-packages/django/contrib/messages/storage/session.py first seen with mtime 1723888178.6412885
File /workspace/.pip-modules/lib/python3.12/site-packages/django/contrib/messages/context_processors.py first seen with mtime 1723888178.6412885
File /workspace/.pip-modules/lib/python3.12/site-packages/django/contrib/messages/storage/fallback.py first seen with mtime 1723888178.6412885
File /workspace/.pip-modules/lib/python3.12/site-packages/django/contrib/messages/storage/cookie.py first seen with mtime 1723888178.6412885
File /workspace/.pip-modules/lib/python3.12/site-packages/django/template/context_processors.py first seen with mtime 1723888178.7892873
File /workspace/.pip-modules/lib/python3.12/site-packages/django/contrib/auth/context_processors.py first seen with mtime 1723888178.48529
File /workspace/.pip-modules/lib/python3.12/site-packages/django/contrib/sessions/serializers.py first seen with mtime 1723888178.6892881
Exception while resolving variable 'success_message' in template 'home.html'.
Traceback (most recent call last):
  File "/workspace/.pip-modules/lib/python3.12/site-packages/django/template/base.py", line 880, in _resolve_lookup
    current = current[bit]
              ~~~~~~~^^^^^
  File "/workspace/.pip-modules/lib/python3.12/site-packages/django/template/context.py", line 83, in __getitem__
    raise KeyError(key)
KeyError: 'success_message'

During handling of the above exception, another exception occurred:

Traceback (most recent call last):
  File "/workspace/.pip-modules/lib/python3.12/site-packages/django/template/base.py", line 886, in _resolve_lookup
    if isinstance(current, BaseContext) and getattr(
                                            ^^^^^^^^
AttributeError: type object 'RequestContext' has no attribute 'success_message'

During handling of the above exception, another exception occurred:

Traceback (most recent call last):
  File "/workspace/.pip-modules/lib/python3.12/site-packages/django/template/base.py", line 896, in _resolve_lookup
    current = current[int(bit)]
                      ^^^^^^^^
ValueError: invalid literal for int() with base 10: 'success_message'

During handling of the above exception, another exception occurred:

Traceback (most recent call last):
  File "/workspace/.pip-modules/lib/python3.12/site-packages/django/template/base.py", line 903, in _resolve_lookup
    raise VariableDoesNotExist(
django.template.base.VariableDoesNotExist: Failed lookup for key [success_message] in [{'True': True, 'False': False, 'None': None}, {'csrf_token': <SimpleLazyObject: <function csrf.<locals>._get_val at 0x7ff6f8a2e5c0>>, 'request': <WSGIRequest: GET '/'>, 'user': <SimpleLazyObject: <User: PaulRussell>>, 'perms': PermWrapper(<SimpleLazyObject: <User: PaulRussell>>), 'messages': <FallbackStorage: request=<WSGIRequest: GET '/'>>, 'DEFAULT_MESSAGE_LEVELS': {'DEBUG': 10, 'INFO': 20, 'SUCCESS': 25, 'WARNING': 30, 'ERROR': 40}}, {'contact_url': '/contact/', 'booking_url': '/booking/', 'login_url': '/accounts/login/', 'signup_url': '/accounts/signup/', 'logout_url': '/accounts/logout/'}, {'block': <Block Node: content. Contents: [<TextNode: '\n'>, <django.template.defaulttags.LoadNode object at 0x7ff6f891a060>, <TextNode: '\n\n<div class="container">'>, <IfNode>, <TextNode: '\n    '>, <IfNode>, <TextNode: '\n    '>, <IfNode>, <TextNode: '\n    '>, <IfNode>, <TextNode: '\n    <div>\n        <div c'>, StaticNode(varname=None, path=<FilterExpression "'images/pizzeria.png'">), <TextNode: '" alt="">\n               '>, <URLNode view_name=''menu'' args=[] kwargs={} as=None>, <TextNode: '" class="btn btn-primary '>, <URLNode view_name=''booking'' args=[] kwargs={} as=None>, <TextNode: '" class="btn btn-primary '>, <URLNode view_name=''menu'' args=[] kwargs={} as=None>, <TextNode: '" class="btn btn-primary '>, <URLNode view_name=''booking'' args=[] kwargs={} as=None>, <TextNode: '" class="btn btn-primary '>]>}]
Exception while resolving variable 'booking_message' in template 'home.html'.
Traceback (most recent call last):
  File "/workspace/.pip-modules/lib/python3.12/site-packages/django/template/base.py", line 880, in _resolve_lookup
    current = current[bit]
              ~~~~~~~^^^^^
  File "/workspace/.pip-modules/lib/python3.12/site-packages/django/template/context.py", line 83, in __getitem__
    raise KeyError(key)
KeyError: 'booking_message'

During handling of the above exception, another exception occurred:

Traceback (most recent call last):
  File "/workspace/.pip-modules/lib/python3.12/site-packages/django/template/base.py", line 886, in _resolve_lookup
    if isinstance(current, BaseContext) and getattr(
                                            ^^^^^^^^
AttributeError: type object 'RequestContext' has no attribute 'booking_message'

During handling of the above exception, another exception occurred:

Traceback (most recent call last):
  File "/workspace/.pip-modules/lib/python3.12/site-packages/django/template/base.py", line 896, in _resolve_lookup
    current = current[int(bit)]
                      ^^^^^^^^
ValueError: invalid literal for int() with base 10: 'booking_message'

During handling of the above exception, another exception occurred:

Traceback (most recent call last):
  File "/workspace/.pip-modules/lib/python3.12/site-packages/django/template/base.py", line 903, in _resolve_lookup
    raise VariableDoesNotExist(
django.template.base.VariableDoesNotExist: Failed lookup for key [booking_message] in [{'True': True, 'False': False, 'None': None}, {'csrf_token': <SimpleLazyObject: <function csrf.<locals>._get_val at 0x7ff6f8a2e5c0>>, 'request': <WSGIRequest: GET '/'>, 'user': <SimpleLazyObject: <User: PaulRussell>>, 'perms': PermWrapper(<SimpleLazyObject: <User: PaulRussell>>), 'messages': <FallbackStorage: request=<WSGIRequest: GET '/'>>, 'DEFAULT_MESSAGE_LEVELS': {'DEBUG': 10, 'INFO': 20, 'SUCCESS': 25, 'WARNING': 30, 'ERROR': 40}}, {'contact_url': '/contact/', 'booking_url': '/booking/', 'login_url': '/accounts/login/', 'signup_url': '/accounts/signup/', 'logout_url': '/accounts/logout/'}, {'block': <Block Node: content. Contents: [<TextNode: '\n'>, <django.template.defaulttags.LoadNode object at 0x7ff6f891a060>, <TextNode: '\n\n<div class="container">'>, <IfNode>, <TextNode: '\n    '>, <IfNode>, <TextNode: '\n    '>, <IfNode>, <TextNode: '\n    '>, <IfNode>, <TextNode: '\n    <div>\n        <div c'>, StaticNode(varname=None, path=<FilterExpression "'images/pizzeria.png'">), <TextNode: '" alt="">\n               '>, <URLNode view_name=''menu'' args=[] kwargs={} as=None>, <TextNode: '" class="btn btn-primary '>, <URLNode view_name=''booking'' args=[] kwargs={} as=None>, <TextNode: '" class="btn btn-primary '>, <URLNode view_name=''menu'' args=[] kwargs={} as=None>, <TextNode: '" class="btn btn-primary '>, <URLNode view_name=''booking'' args=[] kwargs={} as=None>, <TextNode: '" class="btn btn-primary '>]>}]
Exception while resolving variable 'edit_message' in template 'home.html'.
Traceback (most recent call last):
  File "/workspace/.pip-modules/lib/python3.12/site-packages/django/template/base.py", line 880, in _resolve_lookup
    current = current[bit]
              ~~~~~~~^^^^^
  File "/workspace/.pip-modules/lib/python3.12/site-packages/django/template/context.py", line 83, in __getitem__
    raise KeyError(key)
KeyError: 'edit_message'

During handling of the above exception, another exception occurred:

Traceback (most recent call last):
  File "/workspace/.pip-modules/lib/python3.12/site-packages/django/template/base.py", line 886, in _resolve_lookup
    if isinstance(current, BaseContext) and getattr(
                                            ^^^^^^^^
AttributeError: type object 'RequestContext' has no attribute 'edit_message'

During handling of the above exception, another exception occurred:

Traceback (most recent call last):
  File "/workspace/.pip-modules/lib/python3.12/site-packages/django/template/base.py", line 896, in _resolve_lookup
    current = current[int(bit)]
                      ^^^^^^^^
ValueError: invalid literal for int() with base 10: 'edit_message'

During handling of the above exception, another exception occurred:

Traceback (most recent call last):
  File "/workspace/.pip-modules/lib/python3.12/site-packages/django/template/base.py", line 903, in _resolve_lookup
    raise VariableDoesNotExist(
django.template.base.VariableDoesNotExist: Failed lookup for key [edit_message] in [{'True': True, 'False': False, 'None': None}, {'csrf_token': <SimpleLazyObject: <function csrf.<locals>._get_val at 0x7ff6f8a2e5c0>>, 'request': <WSGIRequest: GET '/'>, 'user': <SimpleLazyObject: <User: PaulRussell>>, 'perms': PermWrapper(<SimpleLazyObject: <User: PaulRussell>>), 'messages': <FallbackStorage: request=<WSGIRequest: GET '/'>>, 'DEFAULT_MESSAGE_LEVELS': {'DEBUG': 10, 'INFO': 20, 'SUCCESS': 25, 'WARNING': 30, 'ERROR': 40}}, {'contact_url': '/contact/', 'booking_url': '/booking/', 'login_url': '/accounts/login/', 'signup_url': '/accounts/signup/', 'logout_url': '/accounts/logout/'}, {'block': <Block Node: content. Contents: [<TextNode: '\n'>, <django.template.defaulttags.LoadNode object at 0x7ff6f891a060>, <TextNode: '\n\n<div class="container">'>, <IfNode>, <TextNode: '\n    '>, <IfNode>, <TextNode: '\n    '>, <IfNode>, <TextNode: '\n    '>, <IfNode>, <TextNode: '\n    <div>\n        <div c'>, StaticNode(varname=None, path=<FilterExpression "'images/pizzeria.png'">), <TextNode: '" alt="">\n               '>, <URLNode view_name=''menu'' args=[] kwargs={} as=None>, <TextNode: '" class="btn btn-primary '>, <URLNode view_name=''booking'' args=[] kwargs={} as=None>, <TextNode: '" class="btn btn-primary '>, <URLNode view_name=''menu'' args=[] kwargs={} as=None>, <TextNode: '" class="btn btn-primary '>, <URLNode view_name=''booking'' args=[] kwargs={} as=None>, <TextNode: '" class="btn btn-primary '>]>}]
Exception while resolving variable 'cancel_message' in template 'home.html'.
Traceback (most recent call last):
  File "/workspace/.pip-modules/lib/python3.12/site-packages/django/template/base.py", line 880, in _resolve_lookup
    current = current[bit]
              ~~~~~~~^^^^^
  File "/workspace/.pip-modules/lib/python3.12/site-packages/django/template/context.py", line 83, in __getitem__
    raise KeyError(key)
KeyError: 'cancel_message'

During handling of the above exception, another exception occurred:

Traceback (most recent call last):
  File "/workspace/.pip-modules/lib/python3.12/site-packages/django/template/base.py", line 886, in _resolve_lookup
    if isinstance(current, BaseContext) and getattr(
                                            ^^^^^^^^
AttributeError: type object 'RequestContext' has no attribute 'cancel_message'

During handling of the above exception, another exception occurred:

Traceback (most recent call last):
  File "/workspace/.pip-modules/lib/python3.12/site-packages/django/template/base.py", line 896, in _resolve_lookup
    current = current[int(bit)]
                      ^^^^^^^^
ValueError: invalid literal for int() with base 10: 'cancel_message'

During handling of the above exception, another exception occurred:

Traceback (most recent call last):
  File "/workspace/.pip-modules/lib/python3.12/site-packages/django/template/base.py", line 903, in _resolve_lookup
    raise VariableDoesNotExist(
django.template.base.VariableDoesNotExist: Failed lookup for key [cancel_message] in [{'True': True, 'False': False, 'None': None}, {'csrf_token': <SimpleLazyObject: <function csrf.<locals>._get_val at 0x7ff6f8a2e5c0>>, 'request': <WSGIRequest: GET '/'>, 'user': <SimpleLazyObject: <User: PaulRussell>>, 'perms': PermWrapper(<SimpleLazyObject: <User: PaulRussell>>), 'messages': <FallbackStorage: request=<WSGIRequest: GET '/'>>, 'DEFAULT_MESSAGE_LEVELS': {'DEBUG': 10, 'INFO': 20, 'SUCCESS': 25, 'WARNING': 30, 'ERROR': 40}}, {'contact_url': '/contact/', 'booking_url': '/booking/', 'login_url': '/accounts/login/', 'signup_url': '/accounts/signup/', 'logout_url': '/accounts/logout/'}, {'block': <Block Node: content. Contents: [<TextNode: '\n'>, <django.template.defaulttags.LoadNode object at 0x7ff6f891a060>, <TextNode: '\n\n<div class="container">'>, <IfNode>, <TextNode: '\n    '>, <IfNode>, <TextNode: '\n    '>, <IfNode>, <TextNode: '\n    '>, <IfNode>, <TextNode: '\n    <div>\n        <div c'>, StaticNode(varname=None, path=<FilterExpression "'images/pizzeria.png'">), <TextNode: '" alt="">\n               '>, <URLNode view_name=''menu'' args=[] kwargs={} as=None>, <TextNode: '" class="btn btn-primary '>, <URLNode view_name=''booking'' args=[] kwargs={} as=None>, <TextNode: '" class="btn btn-primary '>, <URLNode view_name=''menu'' args=[] kwargs={} as=None>, <TextNode: '" class="btn btn-primary '>, <URLNode view_name=''booking'' args=[] kwargs={} as=None>, <TextNode: '" class="btn btn-primary '>]>}]
"GET / HTTP/1.1" 200 9815
Exception while resolving variable 'helper' in template 'contact/contact.html'.
Traceback (most recent call last):
  File "/workspace/.pip-modules/lib/python3.12/site-packages/django/forms/forms.py", line 178, in __getitem__
    field = self.fields[name]
            ~~~~~~~~~~~^^^^^^
KeyError: 'helper'

During handling of the above exception, another exception occurred:

Traceback (most recent call last):
  File "/workspace/.pip-modules/lib/python3.12/site-packages/django/template/base.py", line 880, in _resolve_lookup
    current = current[bit]
              ~~~~~~~^^^^^
  File "/workspace/.pip-modules/lib/python3.12/site-packages/django/forms/forms.py", line 180, in __getitem__
    raise KeyError(
KeyError: "Key 'helper' not found in 'Contact'. Choices are: email, message, name, phone, subject."

During handling of the above exception, another exception occurred:

Traceback (most recent call last):
  File "/workspace/.pip-modules/lib/python3.12/site-packages/django/template/base.py", line 890, in _resolve_lookup
    current = getattr(current, bit)
              ^^^^^^^^^^^^^^^^^^^^^
AttributeError: 'Contact' object has no attribute 'helper'

During handling of the above exception, another exception occurred:

Traceback (most recent call last):
  File "/workspace/.pip-modules/lib/python3.12/site-packages/django/template/base.py", line 896, in _resolve_lookup
    current = current[int(bit)]
                      ^^^^^^^^
ValueError: invalid literal for int() with base 10: 'helper'

During handling of the above exception, another exception occurred:

Traceback (most recent call last):
  File "/workspace/.pip-modules/lib/python3.12/site-packages/django/template/base.py", line 903, in _resolve_lookup
    raise VariableDoesNotExist(
django.template.base.VariableDoesNotExist: Failed lookup for key [helper] in <Contact bound=False, valid=Unknown, fields=(name;email;phone;subject;message)>
Exception while resolving variable 'include_media' in template 'bootstrap5/uni_form.html'.
Traceback (most recent call last):
  File "/workspace/.pip-modules/lib/python3.12/site-packages/django/template/base.py", line 880, in _resolve_lookup
    current = current[bit]
              ~~~~~~~^^^^^
  File "/workspace/.pip-modules/lib/python3.12/site-packages/django/template/context.py", line 83, in __getitem__
    raise KeyError(key)
KeyError: 'include_media'

During handling of the above exception, another exception occurred:

Traceback (most recent call last):
  File "/workspace/.pip-modules/lib/python3.12/site-packages/django/template/base.py", line 886, in _resolve_lookup
    if isinstance(current, BaseContext) and getattr(
                                            ^^^^^^^^
AttributeError: type object 'Context' has no attribute 'include_media'

During handling of the above exception, another exception occurred:

Traceback (most recent call last):
  File "/workspace/.pip-modules/lib/python3.12/site-packages/django/template/base.py", line 896, in _resolve_lookup
    current = current[int(bit)]
                      ^^^^^^^^
ValueError: invalid literal for int() with base 10: 'include_media'

During handling of the above exception, another exception occurred:

Traceback (most recent call last):
  File "/workspace/.pip-modules/lib/python3.12/site-packages/django/template/base.py", line 903, in _resolve_lookup
    raise VariableDoesNotExist(
django.template.base.VariableDoesNotExist: Failed lookup for key [include_media] in [{'True': True, 'False': False, 'None': None}, {'field_class': '', 'field_template': 'bootstrap5/field.html', 'form_show_errors': True, 'form_show_labels': True, 'label_class': '', 'form': <Contact bound=False, valid=Unknown, fields=(name;email;phone;subject;message)>}]
Exception while resolving variable 'tag' in template 'bootstrap5/uni_form.html'.
Traceback (most recent call last):
  File "/workspace/.pip-modules/lib/python3.12/site-packages/django/template/base.py", line 880, in _resolve_lookup
    current = current[bit]
              ~~~~~~~^^^^^
  File "/workspace/.pip-modules/lib/python3.12/site-packages/django/template/context.py", line 83, in __getitem__
    raise KeyError(key)
KeyError: 'tag'

During handling of the above exception, another exception occurred:

Traceback (most recent call last):
  File "/workspace/.pip-modules/lib/python3.12/site-packages/django/template/base.py", line 886, in _resolve_lookup
    if isinstance(current, BaseContext) and getattr(
                                            ^^^^^^^^
AttributeError: type object 'Context' has no attribute 'tag'

During handling of the above exception, another exception occurred:

Traceback (most recent call last):
  File "/workspace/.pip-modules/lib/python3.12/site-packages/django/template/base.py", line 896, in _resolve_lookup
    current = current[int(bit)]
                      ^^^^^^^^
ValueError: invalid literal for int() with base 10: 'tag'

During handling of the above exception, another exception occurred:

Traceback (most recent call last):
  File "/workspace/.pip-modules/lib/python3.12/site-packages/django/template/base.py", line 903, in _resolve_lookup
    raise VariableDoesNotExist(
django.template.base.VariableDoesNotExist: Failed lookup for key [tag] in [{'True': True, 'False': False, 'None': None}, {'field_class': '', 'field_template': 'bootstrap5/field.html', 'form_show_errors': True, 'form_show_labels': True, 'label_class': '', 'form': <Contact bound=False, valid=False, fields=(name;email;phone;subject;message)>}, {'forloop': {'parentloop': {}, 'counter0': 0, 'counter': 1, 'revcounter': 5, 'revcounter0': 4, 'first': True, 'last': False}, 'field': <django.forms.boundfield.BoundField object at 0x7ff6f892af90>}, {}]
Exception while resolving variable 'form_class' in template 'bootstrap5/uni_form.html'.
Traceback (most recent call last):
  File "/workspace/.pip-modules/lib/python3.12/site-packages/django/template/base.py", line 880, in _resolve_lookup
    current = current[bit]
              ~~~~~~~^^^^^
  File "/workspace/.pip-modules/lib/python3.12/site-packages/django/template/context.py", line 83, in __getitem__
    raise KeyError(key)
KeyError: 'form_class'

During handling of the above exception, another exception occurred:

Traceback (most recent call last):
  File "/workspace/.pip-modules/lib/python3.12/site-packages/django/template/base.py", line 886, in _resolve_lookup
    if isinstance(current, BaseContext) and getattr(
                                            ^^^^^^^^
AttributeError: type object 'Context' has no attribute 'form_class'

During handling of the above exception, another exception occurred:

Traceback (most recent call last):
  File "/workspace/.pip-modules/lib/python3.12/site-packages/django/template/base.py", line 896, in _resolve_lookup
    current = current[int(bit)]
                      ^^^^^^^^
ValueError: invalid literal for int() with base 10: 'form_class'

During handling of the above exception, another exception occurred:

Traceback (most recent call last):
  File "/workspace/.pip-modules/lib/python3.12/site-packages/django/template/base.py", line 903, in _resolve_lookup
    raise VariableDoesNotExist(
django.template.base.VariableDoesNotExist: Failed lookup for key [form_class] in [{'True': True, 'False': False, 'None': None}, {'field_class': '', 'field_template': 'bootstrap5/field.html', 'form_show_errors': True, 'form_show_labels': True, 'label_class': '', 'form': <Contact bound=False, valid=False, fields=(name;email;phone;subject;message)>}, {'forloop': {'parentloop': {}, 'counter0': 0, 'counter': 1, 'revcounter': 5, 'revcounter0': 4, 'first': True, 'last': False}, 'field': <django.forms.boundfield.BoundField object at 0x7ff6f892af90>}, {}]
Exception while resolving variable 'wrapper_class' in template 'bootstrap5/uni_form.html'.
Traceback (most recent call last):
  File "/workspace/.pip-modules/lib/python3.12/site-packages/django/template/base.py", line 880, in _resolve_lookup
    current = current[bit]
              ~~~~~~~^^^^^
  File "/workspace/.pip-modules/lib/python3.12/site-packages/django/template/context.py", line 83, in __getitem__
    raise KeyError(key)
KeyError: 'wrapper_class'

During handling of the above exception, another exception occurred:

Traceback (most recent call last):
  File "/workspace/.pip-modules/lib/python3.12/site-packages/django/template/base.py", line 886, in _resolve_lookup
    if isinstance(current, BaseContext) and getattr(
                                            ^^^^^^^^
AttributeError: type object 'Context' has no attribute 'wrapper_class'

During handling of the above exception, another exception occurred:

Traceback (most recent call last):
  File "/workspace/.pip-modules/lib/python3.12/site-packages/django/template/base.py", line 896, in _resolve_lookup
    current = current[int(bit)]
                      ^^^^^^^^
ValueError: invalid literal for int() with base 10: 'wrapper_class'

During handling of the above exception, another exception occurred:

Traceback (most recent call last):
  File "/workspace/.pip-modules/lib/python3.12/site-packages/django/template/base.py", line 903, in _resolve_lookup
    raise VariableDoesNotExist(
django.template.base.VariableDoesNotExist: Failed lookup for key [wrapper_class] in [{'True': True, 'False': False, 'None': None}, {'field_class': '', 'field_template': 'bootstrap5/field.html', 'form_show_errors': True, 'form_show_labels': True, 'label_class': '', 'form': <Contact bound=False, valid=False, fields=(name;email;phone;subject;message)>}, {'forloop': {'parentloop': {}, 'counter0': 0, 'counter': 1, 'revcounter': 5, 'revcounter0': 4, 'first': True, 'last': False}, 'field': <django.forms.boundfield.BoundField object at 0x7ff6f892af90>}, {}]
Exception while resolving variable 'form_class' in template 'bootstrap5/uni_form.html'.
Traceback (most recent call last):
  File "/workspace/.pip-modules/lib/python3.12/site-packages/django/template/base.py", line 880, in _resolve_lookup
    current = current[bit]
              ~~~~~~~^^^^^
  File "/workspace/.pip-modules/lib/python3.12/site-packages/django/template/context.py", line 83, in __getitem__
    raise KeyError(key)
KeyError: 'form_class'

During handling of the above exception, another exception occurred:

Traceback (most recent call last):
  File "/workspace/.pip-modules/lib/python3.12/site-packages/django/template/base.py", line 886, in _resolve_lookup
    if isinstance(current, BaseContext) and getattr(
                                            ^^^^^^^^
AttributeError: type object 'Context' has no attribute 'form_class'

During handling of the above exception, another exception occurred:

Traceback (most recent call last):
  File "/workspace/.pip-modules/lib/python3.12/site-packages/django/template/base.py", line 896, in _resolve_lookup
    current = current[int(bit)]
                      ^^^^^^^^
ValueError: invalid literal for int() with base 10: 'form_class'

During handling of the above exception, another exception occurred:

Traceback (most recent call last):
  File "/workspace/.pip-modules/lib/python3.12/site-packages/django/template/base.py", line 903, in _resolve_lookup
    raise VariableDoesNotExist(
django.template.base.VariableDoesNotExist: Failed lookup for key [form_class] in [{'True': True, 'False': False, 'None': None}, {'field_class': '', 'field_template': 'bootstrap5/field.html', 'form_show_errors': True, 'form_show_labels': True, 'label_class': '', 'form': <Contact bound=False, valid=False, fields=(name;email;phone;subject;message)>}, {'forloop': {'parentloop': {}, 'counter0': 0, 'counter': 1, 'revcounter': 5, 'revcounter0': 4, 'first': True, 'last': False}, 'field': <django.forms.boundfield.BoundField object at 0x7ff6f892af90>}, {}]
Exception while resolving variable 'help_text_inline' in template 'bootstrap5/uni_form.html'.
Traceback (most recent call last):
  File "/workspace/.pip-modules/lib/python3.12/site-packages/django/template/base.py", line 880, in _resolve_lookup
    current = current[bit]
              ~~~~~~~^^^^^
  File "/workspace/.pip-modules/lib/python3.12/site-packages/django/template/context.py", line 83, in __getitem__
    raise KeyError(key)
KeyError: 'help_text_inline'

During handling of the above exception, another exception occurred:

Traceback (most recent call last):
  File "/workspace/.pip-modules/lib/python3.12/site-packages/django/template/base.py", line 886, in _resolve_lookup
    if isinstance(current, BaseContext) and getattr(
                                            ^^^^^^^^
AttributeError: type object 'Context' has no attribute 'help_text_inline'

During handling of the above exception, another exception occurred:

Traceback (most recent call last):
  File "/workspace/.pip-modules/lib/python3.12/site-packages/django/template/base.py", line 896, in _resolve_lookup
    current = current[int(bit)]
                      ^^^^^^^^
ValueError: invalid literal for int() with base 10: 'help_text_inline'

During handling of the above exception, another exception occurred:

Traceback (most recent call last):
  File "/workspace/.pip-modules/lib/python3.12/site-packages/django/template/base.py", line 903, in _resolve_lookup
    raise VariableDoesNotExist(
django.template.base.VariableDoesNotExist: Failed lookup for key [help_text_inline] in [{'True': True, 'False': False, 'None': None}, {'field_class': '', 'field_template': 'bootstrap5/field.html', 'form_show_errors': True, 'form_show_labels': True, 'label_class': '', 'form': <Contact bound=False, valid=False, fields=(name;email;phone;subject;message)>}, {'forloop': {'parentloop': {}, 'counter0': 0, 'counter': 1, 'revcounter': 5, 'revcounter0': 4, 'first': True, 'last': False}, 'field': <django.forms.boundfield.BoundField object at 0x7ff6f892af90>}, {}, {}]
Exception while resolving variable 'error_text_inline' in template 'bootstrap5/uni_form.html'.
Traceback (most recent call last):
  File "/workspace/.pip-modules/lib/python3.12/site-packages/django/template/base.py", line 880, in _resolve_lookup
    current = current[bit]
              ~~~~~~~^^^^^
  File "/workspace/.pip-modules/lib/python3.12/site-packages/django/template/context.py", line 83, in __getitem__
    raise KeyError(key)
KeyError: 'error_text_inline'

During handling of the above exception, another exception occurred:

Traceback (most recent call last):
  File "/workspace/.pip-modules/lib/python3.12/site-packages/django/template/base.py", line 886, in _resolve_lookup
    if isinstance(current, BaseContext) and getattr(
                                            ^^^^^^^^
AttributeError: type object 'Context' has no attribute 'error_text_inline'

During handling of the above exception, another exception occurred:

Traceback (most recent call last):
  File "/workspace/.pip-modules/lib/python3.12/site-packages/django/template/base.py", line 896, in _resolve_lookup
    current = current[int(bit)]
                      ^^^^^^^^
ValueError: invalid literal for int() with base 10: 'error_text_inline'

During handling of the above exception, another exception occurred:

Traceback (most recent call last):
  File "/workspace/.pip-modules/lib/python3.12/site-packages/django/template/base.py", line 903, in _resolve_lookup
    raise VariableDoesNotExist(
django.template.base.VariableDoesNotExist: Failed lookup for key [error_text_inline] in [{'True': True, 'False': False, 'None': None}, {'field_class': '', 'field_template': 'bootstrap5/field.html', 'form_show_errors': True, 'form_show_labels': True, 'label_class': '', 'form': <Contact bound=False, valid=False, fields=(name;email;phone;subject;message)>}, {'forloop': {'parentloop': {}, 'counter0': 0, 'counter': 1, 'revcounter': 5, 'revcounter0': 4, 'first': True, 'last': False}, 'field': <django.forms.boundfield.BoundField object at 0x7ff6f892af90>}, {}, {}]
Exception while resolving variable 'help_text_inline' in template 'bootstrap5/uni_form.html'.
Traceback (most recent call last):
  File "/workspace/.pip-modules/lib/python3.12/site-packages/django/template/base.py", line 880, in _resolve_lookup
    current = current[bit]
              ~~~~~~~^^^^^
  File "/workspace/.pip-modules/lib/python3.12/site-packages/django/template/context.py", line 83, in __getitem__
    raise KeyError(key)
KeyError: 'help_text_inline'

During handling of the above exception, another exception occurred:

Traceback (most recent call last):
  File "/workspace/.pip-modules/lib/python3.12/site-packages/django/template/base.py", line 886, in _resolve_lookup
    if isinstance(current, BaseContext) and getattr(
                                            ^^^^^^^^
AttributeError: type object 'Context' has no attribute 'help_text_inline'

During handling of the above exception, another exception occurred:

Traceback (most recent call last):
  File "/workspace/.pip-modules/lib/python3.12/site-packages/django/template/base.py", line 896, in _resolve_lookup
    current = current[int(bit)]
                      ^^^^^^^^
ValueError: invalid literal for int() with base 10: 'help_text_inline'

During handling of the above exception, another exception occurred:

Traceback (most recent call last):
  File "/workspace/.pip-modules/lib/python3.12/site-packages/django/template/base.py", line 903, in _resolve_lookup
    raise VariableDoesNotExist(
django.template.base.VariableDoesNotExist: Failed lookup for key [help_text_inline] in [{'True': True, 'False': False, 'None': None}, {'field_class': '', 'field_template': 'bootstrap5/field.html', 'form_show_errors': True, 'form_show_labels': True, 'label_class': '', 'form': <Contact bound=False, valid=False, fields=(name;email;phone;subject;message)>}, {'forloop': {'parentloop': {}, 'counter0': 0, 'counter': 1, 'revcounter': 5, 'revcounter0': 4, 'first': True, 'last': False}, 'field': <django.forms.boundfield.BoundField object at 0x7ff6f892af90>}, {}, {}]
Exception while resolving variable 'tag' in template 'bootstrap5/uni_form.html'.
Traceback (most recent call last):
  File "/workspace/.pip-modules/lib/python3.12/site-packages/django/template/base.py", line 880, in _resolve_lookup
    current = current[bit]
              ~~~~~~~^^^^^
  File "/workspace/.pip-modules/lib/python3.12/site-packages/django/template/context.py", line 83, in __getitem__
    raise KeyError(key)
KeyError: 'tag'

During handling of the above exception, another exception occurred:

Traceback (most recent call last):
  File "/workspace/.pip-modules/lib/python3.12/site-packages/django/template/base.py", line 886, in _resolve_lookup
    if isinstance(current, BaseContext) and getattr(
                                            ^^^^^^^^
AttributeError: type object 'Context' has no attribute 'tag'

During handling of the above exception, another exception occurred:

Traceback (most recent call last):
  File "/workspace/.pip-modules/lib/python3.12/site-packages/django/template/base.py", line 896, in _resolve_lookup
    current = current[int(bit)]
                      ^^^^^^^^
ValueError: invalid literal for int() with base 10: 'tag'

During handling of the above exception, another exception occurred:

Traceback (most recent call last):
  File "/workspace/.pip-modules/lib/python3.12/site-packages/django/template/base.py", line 903, in _resolve_lookup
    raise VariableDoesNotExist(
django.template.base.VariableDoesNotExist: Failed lookup for key [tag] in [{'True': True, 'False': False, 'None': None}, {'field_class': '', 'field_template': 'bootstrap5/field.html', 'form_show_errors': True, 'form_show_labels': True, 'label_class': '', 'form': <Contact bound=False, valid=False, fields=(name;email;phone;subject;message)>}, {'forloop': {'parentloop': {}, 'counter0': 0, 'counter': 1, 'revcounter': 5, 'revcounter0': 4, 'first': True, 'last': False}, 'field': <django.forms.boundfield.BoundField object at 0x7ff6f892af90>}, {}]
Exception while resolving variable 'tag' in template 'bootstrap5/uni_form.html'.
Traceback (most recent call last):
  File "/workspace/.pip-modules/lib/python3.12/site-packages/django/template/base.py", line 880, in _resolve_lookup
    current = current[bit]
              ~~~~~~~^^^^^
  File "/workspace/.pip-modules/lib/python3.12/site-packages/django/template/context.py", line 83, in __getitem__
    raise KeyError(key)
KeyError: 'tag'

During handling of the above exception, another exception occurred:

Traceback (most recent call last):
  File "/workspace/.pip-modules/lib/python3.12/site-packages/django/template/base.py", line 886, in _resolve_lookup
    if isinstance(current, BaseContext) and getattr(
                                            ^^^^^^^^
AttributeError: type object 'Context' has no attribute 'tag'

During handling of the above exception, another exception occurred:

Traceback (most recent call last):
  File "/workspace/.pip-modules/lib/python3.12/site-packages/django/template/base.py", line 896, in _resolve_lookup
    current = current[int(bit)]
                      ^^^^^^^^
ValueError: invalid literal for int() with base 10: 'tag'

During handling of the above exception, another exception occurred:

Traceback (most recent call last):
  File "/workspace/.pip-modules/lib/python3.12/site-packages/django/template/base.py", line 903, in _resolve_lookup
    raise VariableDoesNotExist(
django.template.base.VariableDoesNotExist: Failed lookup for key [tag] in [{'True': True, 'False': False, 'None': None}, {'field_class': '', 'field_template': 'bootstrap5/field.html', 'form_show_errors': True, 'form_show_labels': True, 'label_class': '', 'form': <Contact bound=False, valid=False, fields=(name;email;phone;subject;message)>}, {'forloop': {'parentloop': {}, 'counter0': 1, 'counter': 2, 'revcounter': 4, 'revcounter0': 3, 'first': False, 'last': False}, 'field': <django.forms.boundfield.BoundField object at 0x7ff6f89f6c90>}, {}]
Exception while resolving variable 'form_class' in template 'bootstrap5/uni_form.html'.
Traceback (most recent call last):
  File "/workspace/.pip-modules/lib/python3.12/site-packages/django/template/base.py", line 880, in _resolve_lookup
    current = current[bit]
              ~~~~~~~^^^^^
  File "/workspace/.pip-modules/lib/python3.12/site-packages/django/template/context.py", line 83, in __getitem__
    raise KeyError(key)
KeyError: 'form_class'

During handling of the above exception, another exception occurred:

Traceback (most recent call last):
  File "/workspace/.pip-modules/lib/python3.12/site-packages/django/template/base.py", line 886, in _resolve_lookup
    if isinstance(current, BaseContext) and getattr(
                                            ^^^^^^^^
AttributeError: type object 'Context' has no attribute 'form_class'

During handling of the above exception, another exception occurred:

Traceback (most recent call last):
  File "/workspace/.pip-modules/lib/python3.12/site-packages/django/template/base.py", line 896, in _resolve_lookup
    current = current[int(bit)]
                      ^^^^^^^^
ValueError: invalid literal for int() with base 10: 'form_class'

During handling of the above exception, another exception occurred:

Traceback (most recent call last):
  File "/workspace/.pip-modules/lib/python3.12/site-packages/django/template/base.py", line 903, in _resolve_lookup
    raise VariableDoesNotExist(
django.template.base.VariableDoesNotExist: Failed lookup for key [form_class] in [{'True': True, 'False': False, 'None': None}, {'field_class': '', 'field_template': 'bootstrap5/field.html', 'form_show_errors': True, 'form_show_labels': True, 'label_class': '', 'form': <Contact bound=False, valid=False, fields=(name;email;phone;subject;message)>}, {'forloop': {'parentloop': {}, 'counter0': 1, 'counter': 2, 'revcounter': 4, 'revcounter0': 3, 'first': False, 'last': False}, 'field': <django.forms.boundfield.BoundField object at 0x7ff6f89f6c90>}, {}]
Exception while resolving variable 'wrapper_class' in template 'bootstrap5/uni_form.html'.
Traceback (most recent call last):
  File "/workspace/.pip-modules/lib/python3.12/site-packages/django/template/base.py", line 880, in _resolve_lookup
    current = current[bit]
              ~~~~~~~^^^^^
  File "/workspace/.pip-modules/lib/python3.12/site-packages/django/template/context.py", line 83, in __getitem__
    raise KeyError(key)
KeyError: 'wrapper_class'

During handling of the above exception, another exception occurred:

Traceback (most recent call last):
  File "/workspace/.pip-modules/lib/python3.12/site-packages/django/template/base.py", line 886, in _resolve_lookup
    if isinstance(current, BaseContext) and getattr(
                                            ^^^^^^^^
AttributeError: type object 'Context' has no attribute 'wrapper_class'

During handling of the above exception, another exception occurred:

Traceback (most recent call last):
  File "/workspace/.pip-modules/lib/python3.12/site-packages/django/template/base.py", line 896, in _resolve_lookup
    current = current[int(bit)]
                      ^^^^^^^^
ValueError: invalid literal for int() with base 10: 'wrapper_class'

During handling of the above exception, another exception occurred:

Traceback (most recent call last):
  File "/workspace/.pip-modules/lib/python3.12/site-packages/django/template/base.py", line 903, in _resolve_lookup
    raise VariableDoesNotExist(
django.template.base.VariableDoesNotExist: Failed lookup for key [wrapper_class] in [{'True': True, 'False': False, 'None': None}, {'field_class': '', 'field_template': 'bootstrap5/field.html', 'form_show_errors': True, 'form_show_labels': True, 'label_class': '', 'form': <Contact bound=False, valid=False, fields=(name;email;phone;subject;message)>}, {'forloop': {'parentloop': {}, 'counter0': 1, 'counter': 2, 'revcounter': 4, 'revcounter0': 3, 'first': False, 'last': False}, 'field': <django.forms.boundfield.BoundField object at 0x7ff6f89f6c90>}, {}]
Exception while resolving variable 'form_class' in template 'bootstrap5/uni_form.html'.
Traceback (most recent call last):
  File "/workspace/.pip-modules/lib/python3.12/site-packages/django/template/base.py", line 880, in _resolve_lookup
    current = current[bit]
              ~~~~~~~^^^^^
  File "/workspace/.pip-modules/lib/python3.12/site-packages/django/template/context.py", line 83, in __getitem__
    raise KeyError(key)
KeyError: 'form_class'

During handling of the above exception, another exception occurred:

Traceback (most recent call last):
  File "/workspace/.pip-modules/lib/python3.12/site-packages/django/template/base.py", line 886, in _resolve_lookup
    if isinstance(current, BaseContext) and getattr(
                                            ^^^^^^^^
AttributeError: type object 'Context' has no attribute 'form_class'

During handling of the above exception, another exception occurred:

Traceback (most recent call last):
  File "/workspace/.pip-modules/lib/python3.12/site-packages/django/template/base.py", line 896, in _resolve_lookup
    current = current[int(bit)]
                      ^^^^^^^^
ValueError: invalid literal for int() with base 10: 'form_class'

During handling of the above exception, another exception occurred:

Traceback (most recent call last):
  File "/workspace/.pip-modules/lib/python3.12/site-packages/django/template/base.py", line 903, in _resolve_lookup
    raise VariableDoesNotExist(
django.template.base.VariableDoesNotExist: Failed lookup for key [form_class] in [{'True': True, 'False': False, 'None': None}, {'field_class': '', 'field_template': 'bootstrap5/field.html', 'form_show_errors': True, 'form_show_labels': True, 'label_class': '', 'form': <Contact bound=False, valid=False, fields=(name;email;phone;subject;message)>}, {'forloop': {'parentloop': {}, 'counter0': 1, 'counter': 2, 'revcounter': 4, 'revcounter0': 3, 'first': False, 'last': False}, 'field': <django.forms.boundfield.BoundField object at 0x7ff6f89f6c90>}, {}]
Exception while resolving variable 'help_text_inline' in template 'bootstrap5/uni_form.html'.
Traceback (most recent call last):
  File "/workspace/.pip-modules/lib/python3.12/site-packages/django/template/base.py", line 880, in _resolve_lookup
    current = current[bit]
              ~~~~~~~^^^^^
  File "/workspace/.pip-modules/lib/python3.12/site-packages/django/template/context.py", line 83, in __getitem__
    raise KeyError(key)
KeyError: 'help_text_inline'

During handling of the above exception, another exception occurred:

Traceback (most recent call last):
  File "/workspace/.pip-modules/lib/python3.12/site-packages/django/template/base.py", line 886, in _resolve_lookup
    if isinstance(current, BaseContext) and getattr(
                                            ^^^^^^^^
AttributeError: type object 'Context' has no attribute 'help_text_inline'

During handling of the above exception, another exception occurred:

Traceback (most recent call last):
  File "/workspace/.pip-modules/lib/python3.12/site-packages/django/template/base.py", line 896, in _resolve_lookup
    current = current[int(bit)]
                      ^^^^^^^^
ValueError: invalid literal for int() with base 10: 'help_text_inline'

During handling of the above exception, another exception occurred:

Traceback (most recent call last):
  File "/workspace/.pip-modules/lib/python3.12/site-packages/django/template/base.py", line 903, in _resolve_lookup
    raise VariableDoesNotExist(
django.template.base.VariableDoesNotExist: Failed lookup for key [help_text_inline] in [{'True': True, 'False': False, 'None': None}, {'field_class': '', 'field_template': 'bootstrap5/field.html', 'form_show_errors': True, 'form_show_labels': True, 'label_class': '', 'form': <Contact bound=False, valid=False, fields=(name;email;phone;subject;message)>}, {'forloop': {'parentloop': {}, 'counter0': 1, 'counter': 2, 'revcounter': 4, 'revcounter0': 3, 'first': False, 'last': False}, 'field': <django.forms.boundfield.BoundField object at 0x7ff6f89f6c90>}, {}, {}]
Exception while resolving variable 'error_text_inline' in template 'bootstrap5/uni_form.html'.
Traceback (most recent call last):
  File "/workspace/.pip-modules/lib/python3.12/site-packages/django/template/base.py", line 880, in _resolve_lookup
    current = current[bit]
              ~~~~~~~^^^^^
  File "/workspace/.pip-modules/lib/python3.12/site-packages/django/template/context.py", line 83, in __getitem__
    raise KeyError(key)
KeyError: 'error_text_inline'

During handling of the above exception, another exception occurred:

Traceback (most recent call last):
  File "/workspace/.pip-modules/lib/python3.12/site-packages/django/template/base.py", line 886, in _resolve_lookup
    if isinstance(current, BaseContext) and getattr(
                                            ^^^^^^^^
AttributeError: type object 'Context' has no attribute 'error_text_inline'

During handling of the above exception, another exception occurred:

Traceback (most recent call last):
  File "/workspace/.pip-modules/lib/python3.12/site-packages/django/template/base.py", line 896, in _resolve_lookup
    current = current[int(bit)]
                      ^^^^^^^^
ValueError: invalid literal for int() with base 10: 'error_text_inline'

During handling of the above exception, another exception occurred:

Traceback (most recent call last):
  File "/workspace/.pip-modules/lib/python3.12/site-packages/django/template/base.py", line 903, in _resolve_lookup
    raise VariableDoesNotExist(
django.template.base.VariableDoesNotExist: Failed lookup for key [error_text_inline] in [{'True': True, 'False': False, 'None': None}, {'field_class': '', 'field_template': 'bootstrap5/field.html', 'form_show_errors': True, 'form_show_labels': True, 'label_class': '', 'form': <Contact bound=False, valid=False, fields=(name;email;phone;subject;message)>}, {'forloop': {'parentloop': {}, 'counter0': 1, 'counter': 2, 'revcounter': 4, 'revcounter0': 3, 'first': False, 'last': False}, 'field': <django.forms.boundfield.BoundField object at 0x7ff6f89f6c90>}, {}, {}]
Exception while resolving variable 'help_text_inline' in template 'bootstrap5/uni_form.html'.
Traceback (most recent call last):
  File "/workspace/.pip-modules/lib/python3.12/site-packages/django/template/base.py", line 880, in _resolve_lookup
    current = current[bit]
              ~~~~~~~^^^^^
  File "/workspace/.pip-modules/lib/python3.12/site-packages/django/template/context.py", line 83, in __getitem__
    raise KeyError(key)
KeyError: 'help_text_inline'

During handling of the above exception, another exception occurred:

Traceback (most recent call last):
  File "/workspace/.pip-modules/lib/python3.12/site-packages/django/template/base.py", line 886, in _resolve_lookup
    if isinstance(current, BaseContext) and getattr(
                                            ^^^^^^^^
AttributeError: type object 'Context' has no attribute 'help_text_inline'

During handling of the above exception, another exception occurred:

Traceback (most recent call last):
  File "/workspace/.pip-modules/lib/python3.12/site-packages/django/template/base.py", line 896, in _resolve_lookup
    current = current[int(bit)]
                      ^^^^^^^^
ValueError: invalid literal for int() with base 10: 'help_text_inline'

During handling of the above exception, another exception occurred:

Traceback (most recent call last):
  File "/workspace/.pip-modules/lib/python3.12/site-packages/django/template/base.py", line 903, in _resolve_lookup
    raise VariableDoesNotExist(
django.template.base.VariableDoesNotExist: Failed lookup for key [help_text_inline] in [{'True': True, 'False': False, 'None': None}, {'field_class': '', 'field_template': 'bootstrap5/field.html', 'form_show_errors': True, 'form_show_labels': True, 'label_class': '', 'form': <Contact bound=False, valid=False, fields=(name;email;phone;subject;message)>}, {'forloop': {'parentloop': {}, 'counter0': 1, 'counter': 2, 'revcounter': 4, 'revcounter0': 3, 'first': False, 'last': False}, 'field': <django.forms.boundfield.BoundField object at 0x7ff6f89f6c90>}, {}, {}]
Exception while resolving variable 'tag' in template 'bootstrap5/uni_form.html'.
Traceback (most recent call last):
  File "/workspace/.pip-modules/lib/python3.12/site-packages/django/template/base.py", line 880, in _resolve_lookup
    current = current[bit]
              ~~~~~~~^^^^^
  File "/workspace/.pip-modules/lib/python3.12/site-packages/django/template/context.py", line 83, in __getitem__
    raise KeyError(key)
KeyError: 'tag'

During handling of the above exception, another exception occurred:

Traceback (most recent call last):
  File "/workspace/.pip-modules/lib/python3.12/site-packages/django/template/base.py", line 886, in _resolve_lookup
    if isinstance(current, BaseContext) and getattr(
                                            ^^^^^^^^
AttributeError: type object 'Context' has no attribute 'tag'

During handling of the above exception, another exception occurred:

Traceback (most recent call last):
  File "/workspace/.pip-modules/lib/python3.12/site-packages/django/template/base.py", line 896, in _resolve_lookup
    current = current[int(bit)]
                      ^^^^^^^^
ValueError: invalid literal for int() with base 10: 'tag'

During handling of the above exception, another exception occurred:

Traceback (most recent call last):
  File "/workspace/.pip-modules/lib/python3.12/site-packages/django/template/base.py", line 903, in _resolve_lookup
    raise VariableDoesNotExist(
django.template.base.VariableDoesNotExist: Failed lookup for key [tag] in [{'True': True, 'False': False, 'None': None}, {'field_class': '', 'field_template': 'bootstrap5/field.html', 'form_show_errors': True, 'form_show_labels': True, 'label_class': '', 'form': <Contact bound=False, valid=False, fields=(name;email;phone;subject;message)>}, {'forloop': {'parentloop': {}, 'counter0': 1, 'counter': 2, 'revcounter': 4, 'revcounter0': 3, 'first': False, 'last': False}, 'field': <django.forms.boundfield.BoundField object at 0x7ff6f89f6c90>}, {}]
Exception while resolving variable 'tag' in template 'bootstrap5/uni_form.html'.
Traceback (most recent call last):
  File "/workspace/.pip-modules/lib/python3.12/site-packages/django/template/base.py", line 880, in _resolve_lookup
    current = current[bit]
              ~~~~~~~^^^^^
  File "/workspace/.pip-modules/lib/python3.12/site-packages/django/template/context.py", line 83, in __getitem__
    raise KeyError(key)
KeyError: 'tag'

During handling of the above exception, another exception occurred:

Traceback (most recent call last):
  File "/workspace/.pip-modules/lib/python3.12/site-packages/django/template/base.py", line 886, in _resolve_lookup
    if isinstance(current, BaseContext) and getattr(
                                            ^^^^^^^^
AttributeError: type object 'Context' has no attribute 'tag'

During handling of the above exception, another exception occurred:

Traceback (most recent call last):
  File "/workspace/.pip-modules/lib/python3.12/site-packages/django/template/base.py", line 896, in _resolve_lookup
    current = current[int(bit)]
                      ^^^^^^^^
ValueError: invalid literal for int() with base 10: 'tag'

During handling of the above exception, another exception occurred:

Traceback (most recent call last):
  File "/workspace/.pip-modules/lib/python3.12/site-packages/django/template/base.py", line 903, in _resolve_lookup
    raise VariableDoesNotExist(
django.template.base.VariableDoesNotExist: Failed lookup for key [tag] in [{'True': True, 'False': False, 'None': None}, {'field_class': '', 'field_template': 'bootstrap5/field.html', 'form_show_errors': True, 'form_show_labels': True, 'label_class': '', 'form': <Contact bound=False, valid=False, fields=(name;email;phone;subject;message)>}, {'forloop': {'parentloop': {}, 'counter0': 2, 'counter': 3, 'revcounter': 3, 'revcounter0': 2, 'first': False, 'last': False}, 'field': <django.forms.boundfield.BoundField object at 0x7ff6f89f5dc0>}, {}]
Exception while resolving variable 'form_class' in template 'bootstrap5/uni_form.html'.
Traceback (most recent call last):
  File "/workspace/.pip-modules/lib/python3.12/site-packages/django/template/base.py", line 880, in _resolve_lookup
    current = current[bit]
              ~~~~~~~^^^^^
  File "/workspace/.pip-modules/lib/python3.12/site-packages/django/template/context.py", line 83, in __getitem__
    raise KeyError(key)
KeyError: 'form_class'

During handling of the above exception, another exception occurred:

Traceback (most recent call last):
  File "/workspace/.pip-modules/lib/python3.12/site-packages/django/template/base.py", line 886, in _resolve_lookup
    if isinstance(current, BaseContext) and getattr(
                                            ^^^^^^^^
AttributeError: type object 'Context' has no attribute 'form_class'

During handling of the above exception, another exception occurred:

Traceback (most recent call last):
  File "/workspace/.pip-modules/lib/python3.12/site-packages/django/template/base.py", line 896, in _resolve_lookup
    current = current[int(bit)]
                      ^^^^^^^^
ValueError: invalid literal for int() with base 10: 'form_class'

During handling of the above exception, another exception occurred:

Traceback (most recent call last):
  File "/workspace/.pip-modules/lib/python3.12/site-packages/django/template/base.py", line 903, in _resolve_lookup
    raise VariableDoesNotExist(
django.template.base.VariableDoesNotExist: Failed lookup for key [form_class] in [{'True': True, 'False': False, 'None': None}, {'field_class': '', 'field_template': 'bootstrap5/field.html', 'form_show_errors': True, 'form_show_labels': True, 'label_class': '', 'form': <Contact bound=False, valid=False, fields=(name;email;phone;subject;message)>}, {'forloop': {'parentloop': {}, 'counter0': 2, 'counter': 3, 'revcounter': 3, 'revcounter0': 2, 'first': False, 'last': False}, 'field': <django.forms.boundfield.BoundField object at 0x7ff6f89f5dc0>}, {}]
Exception while resolving variable 'wrapper_class' in template 'bootstrap5/uni_form.html'.
Traceback (most recent call last):
  File "/workspace/.pip-modules/lib/python3.12/site-packages/django/template/base.py", line 880, in _resolve_lookup
    current = current[bit]
              ~~~~~~~^^^^^
  File "/workspace/.pip-modules/lib/python3.12/site-packages/django/template/context.py", line 83, in __getitem__
    raise KeyError(key)
KeyError: 'wrapper_class'

During handling of the above exception, another exception occurred:

Traceback (most recent call last):
  File "/workspace/.pip-modules/lib/python3.12/site-packages/django/template/base.py", line 886, in _resolve_lookup
    if isinstance(current, BaseContext) and getattr(
                                            ^^^^^^^^
AttributeError: type object 'Context' has no attribute 'wrapper_class'

During handling of the above exception, another exception occurred:

Traceback (most recent call last):
  File "/workspace/.pip-modules/lib/python3.12/site-packages/django/template/base.py", line 896, in _resolve_lookup
    current = current[int(bit)]
                      ^^^^^^^^
ValueError: invalid literal for int() with base 10: 'wrapper_class'

During handling of the above exception, another exception occurred:

Traceback (most recent call last):
  File "/workspace/.pip-modules/lib/python3.12/site-packages/django/template/base.py", line 903, in _resolve_lookup
    raise VariableDoesNotExist(
django.template.base.VariableDoesNotExist: Failed lookup for key [wrapper_class] in [{'True': True, 'False': False, 'None': None}, {'field_class': '', 'field_template': 'bootstrap5/field.html', 'form_show_errors': True, 'form_show_labels': True, 'label_class': '', 'form': <Contact bound=False, valid=False, fields=(name;email;phone;subject;message)>}, {'forloop': {'parentloop': {}, 'counter0': 2, 'counter': 3, 'revcounter': 3, 'revcounter0': 2, 'first': False, 'last': False}, 'field': <django.forms.boundfield.BoundField object at 0x7ff6f89f5dc0>}, {}]
Exception while resolving variable 'form_class' in template 'bootstrap5/uni_form.html'.
Traceback (most recent call last):
  File "/workspace/.pip-modules/lib/python3.12/site-packages/django/template/base.py", line 880, in _resolve_lookup
    current = current[bit]
              ~~~~~~~^^^^^
  File "/workspace/.pip-modules/lib/python3.12/site-packages/django/template/context.py", line 83, in __getitem__
    raise KeyError(key)
KeyError: 'form_class'

During handling of the above exception, another exception occurred:

Traceback (most recent call last):
  File "/workspace/.pip-modules/lib/python3.12/site-packages/django/template/base.py", line 886, in _resolve_lookup
    if isinstance(current, BaseContext) and getattr(
                                            ^^^^^^^^
AttributeError: type object 'Context' has no attribute 'form_class'

During handling of the above exception, another exception occurred:

Traceback (most recent call last):
  File "/workspace/.pip-modules/lib/python3.12/site-packages/django/template/base.py", line 896, in _resolve_lookup
    current = current[int(bit)]
                      ^^^^^^^^
ValueError: invalid literal for int() with base 10: 'form_class'

During handling of the above exception, another exception occurred:

Traceback (most recent call last):
  File "/workspace/.pip-modules/lib/python3.12/site-packages/django/template/base.py", line 903, in _resolve_lookup
    raise VariableDoesNotExist(
django.template.base.VariableDoesNotExist: Failed lookup for key [form_class] in [{'True': True, 'False': False, 'None': None}, {'field_class': '', 'field_template': 'bootstrap5/field.html', 'form_show_errors': True, 'form_show_labels': True, 'label_class': '', 'form': <Contact bound=False, valid=False, fields=(name;email;phone;subject;message)>}, {'forloop': {'parentloop': {}, 'counter0': 2, 'counter': 3, 'revcounter': 3, 'revcounter0': 2, 'first': False, 'last': False}, 'field': <django.forms.boundfield.BoundField object at 0x7ff6f89f5dc0>}, {}]
Exception while resolving variable 'help_text_inline' in template 'bootstrap5/uni_form.html'.
Traceback (most recent call last):
  File "/workspace/.pip-modules/lib/python3.12/site-packages/django/template/base.py", line 880, in _resolve_lookup
    current = current[bit]
              ~~~~~~~^^^^^
  File "/workspace/.pip-modules/lib/python3.12/site-packages/django/template/context.py", line 83, in __getitem__
    raise KeyError(key)
KeyError: 'help_text_inline'

During handling of the above exception, another exception occurred:

Traceback (most recent call last):
  File "/workspace/.pip-modules/lib/python3.12/site-packages/django/template/base.py", line 886, in _resolve_lookup
    if isinstance(current, BaseContext) and getattr(
                                            ^^^^^^^^
AttributeError: type object 'Context' has no attribute 'help_text_inline'

During handling of the above exception, another exception occurred:

Traceback (most recent call last):
  File "/workspace/.pip-modules/lib/python3.12/site-packages/django/template/base.py", line 896, in _resolve_lookup
    current = current[int(bit)]
                      ^^^^^^^^
ValueError: invalid literal for int() with base 10: 'help_text_inline'

During handling of the above exception, another exception occurred:

Traceback (most recent call last):
  File "/workspace/.pip-modules/lib/python3.12/site-packages/django/template/base.py", line 903, in _resolve_lookup
    raise VariableDoesNotExist(
django.template.base.VariableDoesNotExist: Failed lookup for key [help_text_inline] in [{'True': True, 'False': False, 'None': None}, {'field_class': '', 'field_template': 'bootstrap5/field.html', 'form_show_errors': True, 'form_show_labels': True, 'label_class': '', 'form': <Contact bound=False, valid=False, fields=(name;email;phone;subject;message)>}, {'forloop': {'parentloop': {}, 'counter0': 2, 'counter': 3, 'revcounter': 3, 'revcounter0': 2, 'first': False, 'last': False}, 'field': <django.forms.boundfield.BoundField object at 0x7ff6f89f5dc0>}, {}, {}]
Exception while resolving variable 'error_text_inline' in template 'bootstrap5/uni_form.html'.
Traceback (most recent call last):
  File "/workspace/.pip-modules/lib/python3.12/site-packages/django/template/base.py", line 880, in _resolve_lookup
    current = current[bit]
              ~~~~~~~^^^^^
  File "/workspace/.pip-modules/lib/python3.12/site-packages/django/template/context.py", line 83, in __getitem__
    raise KeyError(key)
KeyError: 'error_text_inline'

During handling of the above exception, another exception occurred:

Traceback (most recent call last):
  File "/workspace/.pip-modules/lib/python3.12/site-packages/django/template/base.py", line 886, in _resolve_lookup
    if isinstance(current, BaseContext) and getattr(
                                            ^^^^^^^^
AttributeError: type object 'Context' has no attribute 'error_text_inline'

During handling of the above exception, another exception occurred:

Traceback (most recent call last):
  File "/workspace/.pip-modules/lib/python3.12/site-packages/django/template/base.py", line 896, in _resolve_lookup
    current = current[int(bit)]
                      ^^^^^^^^
ValueError: invalid literal for int() with base 10: 'error_text_inline'

During handling of the above exception, another exception occurred:

Traceback (most recent call last):
  File "/workspace/.pip-modules/lib/python3.12/site-packages/django/template/base.py", line 903, in _resolve_lookup
    raise VariableDoesNotExist(
django.template.base.VariableDoesNotExist: Failed lookup for key [error_text_inline] in [{'True': True, 'False': False, 'None': None}, {'field_class': '', 'field_template': 'bootstrap5/field.html', 'form_show_errors': True, 'form_show_labels': True, 'label_class': '', 'form': <Contact bound=False, valid=False, fields=(name;email;phone;subject;message)>}, {'forloop': {'parentloop': {}, 'counter0': 2, 'counter': 3, 'revcounter': 3, 'revcounter0': 2, 'first': False, 'last': False}, 'field': <django.forms.boundfield.BoundField object at 0x7ff6f89f5dc0>}, {}, {}]
Exception while resolving variable 'help_text_inline' in template 'bootstrap5/uni_form.html'.
Traceback (most recent call last):
  File "/workspace/.pip-modules/lib/python3.12/site-packages/django/template/base.py", line 880, in _resolve_lookup
    current = current[bit]
              ~~~~~~~^^^^^
  File "/workspace/.pip-modules/lib/python3.12/site-packages/django/template/context.py", line 83, in __getitem__
    raise KeyError(key)
KeyError: 'help_text_inline'

During handling of the above exception, another exception occurred:

Traceback (most recent call last):
  File "/workspace/.pip-modules/lib/python3.12/site-packages/django/template/base.py", line 886, in _resolve_lookup
    if isinstance(current, BaseContext) and getattr(
                                            ^^^^^^^^
AttributeError: type object 'Context' has no attribute 'help_text_inline'

During handling of the above exception, another exception occurred:

Traceback (most recent call last):
  File "/workspace/.pip-modules/lib/python3.12/site-packages/django/template/base.py", line 896, in _resolve_lookup
    current = current[int(bit)]
                      ^^^^^^^^
ValueError: invalid literal for int() with base 10: 'help_text_inline'

During handling of the above exception, another exception occurred:

Traceback (most recent call last):
  File "/workspace/.pip-modules/lib/python3.12/site-packages/django/template/base.py", line 903, in _resolve_lookup
    raise VariableDoesNotExist(
django.template.base.VariableDoesNotExist: Failed lookup for key [help_text_inline] in [{'True': True, 'False': False, 'None': None}, {'field_class': '', 'field_template': 'bootstrap5/field.html', 'form_show_errors': True, 'form_show_labels': True, 'label_class': '', 'form': <Contact bound=False, valid=False, fields=(name;email;phone;subject;message)>}, {'forloop': {'parentloop': {}, 'counter0': 2, 'counter': 3, 'revcounter': 3, 'revcounter0': 2, 'first': False, 'last': False}, 'field': <django.forms.boundfield.BoundField object at 0x7ff6f89f5dc0>}, {}, {}]
Exception while resolving variable 'tag' in template 'bootstrap5/uni_form.html'.
Traceback (most recent call last):
  File "/workspace/.pip-modules/lib/python3.12/site-packages/django/template/base.py", line 880, in _resolve_lookup
    current = current[bit]
              ~~~~~~~^^^^^
  File "/workspace/.pip-modules/lib/python3.12/site-packages/django/template/context.py", line 83, in __getitem__
    raise KeyError(key)
KeyError: 'tag'

During handling of the above exception, another exception occurred:

Traceback (most recent call last):
  File "/workspace/.pip-modules/lib/python3.12/site-packages/django/template/base.py", line 886, in _resolve_lookup
    if isinstance(current, BaseContext) and getattr(
                                            ^^^^^^^^
AttributeError: type object 'Context' has no attribute 'tag'

During handling of the above exception, another exception occurred:

Traceback (most recent call last):
  File "/workspace/.pip-modules/lib/python3.12/site-packages/django/template/base.py", line 896, in _resolve_lookup
    current = current[int(bit)]
                      ^^^^^^^^
ValueError: invalid literal for int() with base 10: 'tag'

During handling of the above exception, another exception occurred:

Traceback (most recent call last):
  File "/workspace/.pip-modules/lib/python3.12/site-packages/django/template/base.py", line 903, in _resolve_lookup
    raise VariableDoesNotExist(
django.template.base.VariableDoesNotExist: Failed lookup for key [tag] in [{'True': True, 'False': False, 'None': None}, {'field_class': '', 'field_template': 'bootstrap5/field.html', 'form_show_errors': True, 'form_show_labels': True, 'label_class': '', 'form': <Contact bound=False, valid=False, fields=(name;email;phone;subject;message)>}, {'forloop': {'parentloop': {}, 'counter0': 2, 'counter': 3, 'revcounter': 3, 'revcounter0': 2, 'first': False, 'last': False}, 'field': <django.forms.boundfield.BoundField object at 0x7ff6f89f5dc0>}, {}]
Exception while resolving variable 'tag' in template 'bootstrap5/uni_form.html'.
Traceback (most recent call last):
  File "/workspace/.pip-modules/lib/python3.12/site-packages/django/template/base.py", line 880, in _resolve_lookup
    current = current[bit]
              ~~~~~~~^^^^^
  File "/workspace/.pip-modules/lib/python3.12/site-packages/django/template/context.py", line 83, in __getitem__
    raise KeyError(key)
KeyError: 'tag'

During handling of the above exception, another exception occurred:

Traceback (most recent call last):
  File "/workspace/.pip-modules/lib/python3.12/site-packages/django/template/base.py", line 886, in _resolve_lookup
    if isinstance(current, BaseContext) and getattr(
                                            ^^^^^^^^
AttributeError: type object 'Context' has no attribute 'tag'

During handling of the above exception, another exception occurred:

Traceback (most recent call last):
  File "/workspace/.pip-modules/lib/python3.12/site-packages/django/template/base.py", line 896, in _resolve_lookup
    current = current[int(bit)]
                      ^^^^^^^^
ValueError: invalid literal for int() with base 10: 'tag'

During handling of the above exception, another exception occurred:

Traceback (most recent call last):
  File "/workspace/.pip-modules/lib/python3.12/site-packages/django/template/base.py", line 903, in _resolve_lookup
    raise VariableDoesNotExist(
django.template.base.VariableDoesNotExist: Failed lookup for key [tag] in [{'True': True, 'False': False, 'None': None}, {'field_class': '', 'field_template': 'bootstrap5/field.html', 'form_show_errors': True, 'form_show_labels': True, 'label_class': '', 'form': <Contact bound=False, valid=False, fields=(name;email;phone;subject;message)>}, {'forloop': {'parentloop': {}, 'counter0': 3, 'counter': 4, 'revcounter': 2, 'revcounter0': 1, 'first': False, 'last': False}, 'field': <django.forms.boundfield.BoundField object at 0x7ff6f89f6fc0>}, {}]
Exception while resolving variable 'form_class' in template 'bootstrap5/uni_form.html'.
Traceback (most recent call last):
  File "/workspace/.pip-modules/lib/python3.12/site-packages/django/template/base.py", line 880, in _resolve_lookup
    current = current[bit]
              ~~~~~~~^^^^^
  File "/workspace/.pip-modules/lib/python3.12/site-packages/django/template/context.py", line 83, in __getitem__
    raise KeyError(key)
KeyError: 'form_class'

During handling of the above exception, another exception occurred:

Traceback (most recent call last):
  File "/workspace/.pip-modules/lib/python3.12/site-packages/django/template/base.py", line 886, in _resolve_lookup
    if isinstance(current, BaseContext) and getattr(
                                            ^^^^^^^^
AttributeError: type object 'Context' has no attribute 'form_class'

During handling of the above exception, another exception occurred:

Traceback (most recent call last):
  File "/workspace/.pip-modules/lib/python3.12/site-packages/django/template/base.py", line 896, in _resolve_lookup
    current = current[int(bit)]
                      ^^^^^^^^
ValueError: invalid literal for int() with base 10: 'form_class'

During handling of the above exception, another exception occurred:

Traceback (most recent call last):
  File "/workspace/.pip-modules/lib/python3.12/site-packages/django/template/base.py", line 903, in _resolve_lookup
    raise VariableDoesNotExist(
django.template.base.VariableDoesNotExist: Failed lookup for key [form_class] in [{'True': True, 'False': False, 'None': None}, {'field_class': '', 'field_template': 'bootstrap5/field.html', 'form_show_errors': True, 'form_show_labels': True, 'label_class': '', 'form': <Contact bound=False, valid=False, fields=(name;email;phone;subject;message)>}, {'forloop': {'parentloop': {}, 'counter0': 3, 'counter': 4, 'revcounter': 2, 'revcounter0': 1, 'first': False, 'last': False}, 'field': <django.forms.boundfield.BoundField object at 0x7ff6f89f6fc0>}, {}]
Exception while resolving variable 'wrapper_class' in template 'bootstrap5/uni_form.html'.
Traceback (most recent call last):
  File "/workspace/.pip-modules/lib/python3.12/site-packages/django/template/base.py", line 880, in _resolve_lookup
    current = current[bit]
              ~~~~~~~^^^^^
  File "/workspace/.pip-modules/lib/python3.12/site-packages/django/template/context.py", line 83, in __getitem__
    raise KeyError(key)
KeyError: 'wrapper_class'

During handling of the above exception, another exception occurred:

Traceback (most recent call last):
  File "/workspace/.pip-modules/lib/python3.12/site-packages/django/template/base.py", line 886, in _resolve_lookup
    if isinstance(current, BaseContext) and getattr(
                                            ^^^^^^^^
AttributeError: type object 'Context' has no attribute 'wrapper_class'

During handling of the above exception, another exception occurred:

Traceback (most recent call last):
  File "/workspace/.pip-modules/lib/python3.12/site-packages/django/template/base.py", line 896, in _resolve_lookup
    current = current[int(bit)]
                      ^^^^^^^^
ValueError: invalid literal for int() with base 10: 'wrapper_class'

During handling of the above exception, another exception occurred:

Traceback (most recent call last):
  File "/workspace/.pip-modules/lib/python3.12/site-packages/django/template/base.py", line 903, in _resolve_lookup
    raise VariableDoesNotExist(
django.template.base.VariableDoesNotExist: Failed lookup for key [wrapper_class] in [{'True': True, 'False': False, 'None': None}, {'field_class': '', 'field_template': 'bootstrap5/field.html', 'form_show_errors': True, 'form_show_labels': True, 'label_class': '', 'form': <Contact bound=False, valid=False, fields=(name;email;phone;subject;message)>}, {'forloop': {'parentloop': {}, 'counter0': 3, 'counter': 4, 'revcounter': 2, 'revcounter0': 1, 'first': False, 'last': False}, 'field': <django.forms.boundfield.BoundField object at 0x7ff6f89f6fc0>}, {}]
Exception while resolving variable 'form_class' in template 'bootstrap5/uni_form.html'.
Traceback (most recent call last):
  File "/workspace/.pip-modules/lib/python3.12/site-packages/django/template/base.py", line 880, in _resolve_lookup
    current = current[bit]
              ~~~~~~~^^^^^
  File "/workspace/.pip-modules/lib/python3.12/site-packages/django/template/context.py", line 83, in __getitem__
    raise KeyError(key)
KeyError: 'form_class'

During handling of the above exception, another exception occurred:

Traceback (most recent call last):
  File "/workspace/.pip-modules/lib/python3.12/site-packages/django/template/base.py", line 886, in _resolve_lookup
    if isinstance(current, BaseContext) and getattr(
                                            ^^^^^^^^
AttributeError: type object 'Context' has no attribute 'form_class'

During handling of the above exception, another exception occurred:

Traceback (most recent call last):
  File "/workspace/.pip-modules/lib/python3.12/site-packages/django/template/base.py", line 896, in _resolve_lookup
    current = current[int(bit)]
                      ^^^^^^^^
ValueError: invalid literal for int() with base 10: 'form_class'

During handling of the above exception, another exception occurred:

Traceback (most recent call last):
  File "/workspace/.pip-modules/lib/python3.12/site-packages/django/template/base.py", line 903, in _resolve_lookup
    raise VariableDoesNotExist(
django.template.base.VariableDoesNotExist: Failed lookup for key [form_class] in [{'True': True, 'False': False, 'None': None}, {'field_class': '', 'field_template': 'bootstrap5/field.html', 'form_show_errors': True, 'form_show_labels': True, 'label_class': '', 'form': <Contact bound=False, valid=False, fields=(name;email;phone;subject;message)>}, {'forloop': {'parentloop': {}, 'counter0': 3, 'counter': 4, 'revcounter': 2, 'revcounter0': 1, 'first': False, 'last': False}, 'field': <django.forms.boundfield.BoundField object at 0x7ff6f89f6fc0>}, {}]
Exception while resolving variable 'help_text_inline' in template 'bootstrap5/uni_form.html'.
Traceback (most recent call last):
  File "/workspace/.pip-modules/lib/python3.12/site-packages/django/template/base.py", line 880, in _resolve_lookup
    current = current[bit]
              ~~~~~~~^^^^^
  File "/workspace/.pip-modules/lib/python3.12/site-packages/django/template/context.py", line 83, in __getitem__
    raise KeyError(key)
KeyError: 'help_text_inline'

During handling of the above exception, another exception occurred:

Traceback (most recent call last):
  File "/workspace/.pip-modules/lib/python3.12/site-packages/django/template/base.py", line 886, in _resolve_lookup
    if isinstance(current, BaseContext) and getattr(
                                            ^^^^^^^^
AttributeError: type object 'Context' has no attribute 'help_text_inline'

During handling of the above exception, another exception occurred:

Traceback (most recent call last):
  File "/workspace/.pip-modules/lib/python3.12/site-packages/django/template/base.py", line 896, in _resolve_lookup
    current = current[int(bit)]
                      ^^^^^^^^
ValueError: invalid literal for int() with base 10: 'help_text_inline'

During handling of the above exception, another exception occurred:

Traceback (most recent call last):
  File "/workspace/.pip-modules/lib/python3.12/site-packages/django/template/base.py", line 903, in _resolve_lookup
    raise VariableDoesNotExist(
django.template.base.VariableDoesNotExist: Failed lookup for key [help_text_inline] in [{'True': True, 'False': False, 'None': None}, {'field_class': '', 'field_template': 'bootstrap5/field.html', 'form_show_errors': True, 'form_show_labels': True, 'label_class': '', 'form': <Contact bound=False, valid=False, fields=(name;email;phone;subject;message)>}, {'forloop': {'parentloop': {}, 'counter0': 3, 'counter': 4, 'revcounter': 2, 'revcounter0': 1, 'first': False, 'last': False}, 'field': <django.forms.boundfield.BoundField object at 0x7ff6f89f6fc0>}, {}, {}]
Exception while resolving variable 'error_text_inline' in template 'bootstrap5/uni_form.html'.
Traceback (most recent call last):
  File "/workspace/.pip-modules/lib/python3.12/site-packages/django/template/base.py", line 880, in _resolve_lookup
    current = current[bit]
              ~~~~~~~^^^^^
  File "/workspace/.pip-modules/lib/python3.12/site-packages/django/template/context.py", line 83, in __getitem__
    raise KeyError(key)
KeyError: 'error_text_inline'

During handling of the above exception, another exception occurred:

Traceback (most recent call last):
  File "/workspace/.pip-modules/lib/python3.12/site-packages/django/template/base.py", line 886, in _resolve_lookup
    if isinstance(current, BaseContext) and getattr(
                                            ^^^^^^^^
AttributeError: type object 'Context' has no attribute 'error_text_inline'

During handling of the above exception, another exception occurred:

Traceback (most recent call last):
  File "/workspace/.pip-modules/lib/python3.12/site-packages/django/template/base.py", line 896, in _resolve_lookup
    current = current[int(bit)]
                      ^^^^^^^^
ValueError: invalid literal for int() with base 10: 'error_text_inline'

During handling of the above exception, another exception occurred:

Traceback (most recent call last):
  File "/workspace/.pip-modules/lib/python3.12/site-packages/django/template/base.py", line 903, in _resolve_lookup
    raise VariableDoesNotExist(
django.template.base.VariableDoesNotExist: Failed lookup for key [error_text_inline] in [{'True': True, 'False': False, 'None': None}, {'field_class': '', 'field_template': 'bootstrap5/field.html', 'form_show_errors': True, 'form_show_labels': True, 'label_class': '', 'form': <Contact bound=False, valid=False, fields=(name;email;phone;subject;message)>}, {'forloop': {'parentloop': {}, 'counter0': 3, 'counter': 4, 'revcounter': 2, 'revcounter0': 1, 'first': False, 'last': False}, 'field': <django.forms.boundfield.BoundField object at 0x7ff6f89f6fc0>}, {}, {}]
Exception while resolving variable 'help_text_inline' in template 'bootstrap5/uni_form.html'.
Traceback (most recent call last):
  File "/workspace/.pip-modules/lib/python3.12/site-packages/django/template/base.py", line 880, in _resolve_lookup
    current = current[bit]
              ~~~~~~~^^^^^
  File "/workspace/.pip-modules/lib/python3.12/site-packages/django/template/context.py", line 83, in __getitem__
    raise KeyError(key)
KeyError: 'help_text_inline'

During handling of the above exception, another exception occurred:

Traceback (most recent call last):
  File "/workspace/.pip-modules/lib/python3.12/site-packages/django/template/base.py", line 886, in _resolve_lookup
    if isinstance(current, BaseContext) and getattr(
                                            ^^^^^^^^
AttributeError: type object 'Context' has no attribute 'help_text_inline'

During handling of the above exception, another exception occurred:

Traceback (most recent call last):
  File "/workspace/.pip-modules/lib/python3.12/site-packages/django/template/base.py", line 896, in _resolve_lookup
    current = current[int(bit)]
                      ^^^^^^^^
ValueError: invalid literal for int() with base 10: 'help_text_inline'

During handling of the above exception, another exception occurred:

Traceback (most recent call last):
  File "/workspace/.pip-modules/lib/python3.12/site-packages/django/template/base.py", line 903, in _resolve_lookup
    raise VariableDoesNotExist(
django.template.base.VariableDoesNotExist: Failed lookup for key [help_text_inline] in [{'True': True, 'False': False, 'None': None}, {'field_class': '', 'field_template': 'bootstrap5/field.html', 'form_show_errors': True, 'form_show_labels': True, 'label_class': '', 'form': <Contact bound=False, valid=False, fields=(name;email;phone;subject;message)>}, {'forloop': {'parentloop': {}, 'counter0': 3, 'counter': 4, 'revcounter': 2, 'revcounter0': 1, 'first': False, 'last': False}, 'field': <django.forms.boundfield.BoundField object at 0x7ff6f89f6fc0>}, {}, {}]
Exception while resolving variable 'tag' in template 'bootstrap5/uni_form.html'.
Traceback (most recent call last):
  File "/workspace/.pip-modules/lib/python3.12/site-packages/django/template/base.py", line 880, in _resolve_lookup
    current = current[bit]
              ~~~~~~~^^^^^
  File "/workspace/.pip-modules/lib/python3.12/site-packages/django/template/context.py", line 83, in __getitem__
    raise KeyError(key)
KeyError: 'tag'

During handling of the above exception, another exception occurred:

Traceback (most recent call last):
  File "/workspace/.pip-modules/lib/python3.12/site-packages/django/template/base.py", line 886, in _resolve_lookup
    if isinstance(current, BaseContext) and getattr(
                                            ^^^^^^^^
AttributeError: type object 'Context' has no attribute 'tag'

During handling of the above exception, another exception occurred:

Traceback (most recent call last):
  File "/workspace/.pip-modules/lib/python3.12/site-packages/django/template/base.py", line 896, in _resolve_lookup
    current = current[int(bit)]
                      ^^^^^^^^
ValueError: invalid literal for int() with base 10: 'tag'

During handling of the above exception, another exception occurred:

Traceback (most recent call last):
  File "/workspace/.pip-modules/lib/python3.12/site-packages/django/template/base.py", line 903, in _resolve_lookup
    raise VariableDoesNotExist(
django.template.base.VariableDoesNotExist: Failed lookup for key [tag] in [{'True': True, 'False': False, 'None': None}, {'field_class': '', 'field_template': 'bootstrap5/field.html', 'form_show_errors': True, 'form_show_labels': True, 'label_class': '', 'form': <Contact bound=False, valid=False, fields=(name;email;phone;subject;message)>}, {'forloop': {'parentloop': {}, 'counter0': 3, 'counter': 4, 'revcounter': 2, 'revcounter0': 1, 'first': False, 'last': False}, 'field': <django.forms.boundfield.BoundField object at 0x7ff6f89f6fc0>}, {}]
Exception while resolving variable 'tag' in template 'bootstrap5/uni_form.html'.
Traceback (most recent call last):
  File "/workspace/.pip-modules/lib/python3.12/site-packages/django/template/base.py", line 880, in _resolve_lookup
    current = current[bit]
              ~~~~~~~^^^^^
  File "/workspace/.pip-modules/lib/python3.12/site-packages/django/template/context.py", line 83, in __getitem__
    raise KeyError(key)
KeyError: 'tag'

During handling of the above exception, another exception occurred:

Traceback (most recent call last):
  File "/workspace/.pip-modules/lib/python3.12/site-packages/django/template/base.py", line 886, in _resolve_lookup
    if isinstance(current, BaseContext) and getattr(
                                            ^^^^^^^^
AttributeError: type object 'Context' has no attribute 'tag'

During handling of the above exception, another exception occurred:

Traceback (most recent call last):
  File "/workspace/.pip-modules/lib/python3.12/site-packages/django/template/base.py", line 896, in _resolve_lookup
    current = current[int(bit)]
                      ^^^^^^^^
ValueError: invalid literal for int() with base 10: 'tag'

During handling of the above exception, another exception occurred:

Traceback (most recent call last):
  File "/workspace/.pip-modules/lib/python3.12/site-packages/django/template/base.py", line 903, in _resolve_lookup
    raise VariableDoesNotExist(
django.template.base.VariableDoesNotExist: Failed lookup for key [tag] in [{'True': True, 'False': False, 'None': None}, {'field_class': '', 'field_template': 'bootstrap5/field.html', 'form_show_errors': True, 'form_show_labels': True, 'label_class': '', 'form': <Contact bound=False, valid=False, fields=(name;email;phone;subject;message)>}, {'forloop': {'parentloop': {}, 'counter0': 4, 'counter': 5, 'revcounter': 1, 'revcounter0': 0, 'first': False, 'last': True}, 'field': <django.forms.boundfield.BoundField object at 0x7ff6f89f6090>}, {}]
Exception while resolving variable 'form_class' in template 'bootstrap5/uni_form.html'.
Traceback (most recent call last):
  File "/workspace/.pip-modules/lib/python3.12/site-packages/django/template/base.py", line 880, in _resolve_lookup
    current = current[bit]
              ~~~~~~~^^^^^
  File "/workspace/.pip-modules/lib/python3.12/site-packages/django/template/context.py", line 83, in __getitem__
    raise KeyError(key)
KeyError: 'form_class'

During handling of the above exception, another exception occurred:

Traceback (most recent call last):
  File "/workspace/.pip-modules/lib/python3.12/site-packages/django/template/base.py", line 886, in _resolve_lookup
    if isinstance(current, BaseContext) and getattr(
                                            ^^^^^^^^
AttributeError: type object 'Context' has no attribute 'form_class'

During handling of the above exception, another exception occurred:

Traceback (most recent call last):
  File "/workspace/.pip-modules/lib/python3.12/site-packages/django/template/base.py", line 896, in _resolve_lookup
    current = current[int(bit)]
                      ^^^^^^^^
ValueError: invalid literal for int() with base 10: 'form_class'

During handling of the above exception, another exception occurred:

Traceback (most recent call last):
  File "/workspace/.pip-modules/lib/python3.12/site-packages/django/template/base.py", line 903, in _resolve_lookup
    raise VariableDoesNotExist(
django.template.base.VariableDoesNotExist: Failed lookup for key [form_class] in [{'True': True, 'False': False, 'None': None}, {'field_class': '', 'field_template': 'bootstrap5/field.html', 'form_show_errors': True, 'form_show_labels': True, 'label_class': '', 'form': <Contact bound=False, valid=False, fields=(name;email;phone;subject;message)>}, {'forloop': {'parentloop': {}, 'counter0': 4, 'counter': 5, 'revcounter': 1, 'revcounter0': 0, 'first': False, 'last': True}, 'field': <django.forms.boundfield.BoundField object at 0x7ff6f89f6090>}, {}]
Exception while resolving variable 'wrapper_class' in template 'bootstrap5/uni_form.html'.
Traceback (most recent call last):
  File "/workspace/.pip-modules/lib/python3.12/site-packages/django/template/base.py", line 880, in _resolve_lookup
    current = current[bit]
              ~~~~~~~^^^^^
  File "/workspace/.pip-modules/lib/python3.12/site-packages/django/template/context.py", line 83, in __getitem__
    raise KeyError(key)
KeyError: 'wrapper_class'

During handling of the above exception, another exception occurred:

Traceback (most recent call last):
  File "/workspace/.pip-modules/lib/python3.12/site-packages/django/template/base.py", line 886, in _resolve_lookup
    if isinstance(current, BaseContext) and getattr(
                                            ^^^^^^^^
AttributeError: type object 'Context' has no attribute 'wrapper_class'

During handling of the above exception, another exception occurred:

Traceback (most recent call last):
  File "/workspace/.pip-modules/lib/python3.12/site-packages/django/template/base.py", line 896, in _resolve_lookup
    current = current[int(bit)]
                      ^^^^^^^^
ValueError: invalid literal for int() with base 10: 'wrapper_class'

During handling of the above exception, another exception occurred:

Traceback (most recent call last):
  File "/workspace/.pip-modules/lib/python3.12/site-packages/django/template/base.py", line 903, in _resolve_lookup
    raise VariableDoesNotExist(
django.template.base.VariableDoesNotExist: Failed lookup for key [wrapper_class] in [{'True': True, 'False': False, 'None': None}, {'field_class': '', 'field_template': 'bootstrap5/field.html', 'form_show_errors': True, 'form_show_labels': True, 'label_class': '', 'form': <Contact bound=False, valid=False, fields=(name;email;phone;subject;message)>}, {'forloop': {'parentloop': {}, 'counter0': 4, 'counter': 5, 'revcounter': 1, 'revcounter0': 0, 'first': False, 'last': True}, 'field': <django.forms.boundfield.BoundField object at 0x7ff6f89f6090>}, {}]
Exception while resolving variable 'form_class' in template 'bootstrap5/uni_form.html'.
Traceback (most recent call last):
  File "/workspace/.pip-modules/lib/python3.12/site-packages/django/template/base.py", line 880, in _resolve_lookup
    current = current[bit]
              ~~~~~~~^^^^^
  File "/workspace/.pip-modules/lib/python3.12/site-packages/django/template/context.py", line 83, in __getitem__
    raise KeyError(key)
KeyError: 'form_class'

During handling of the above exception, another exception occurred:

Traceback (most recent call last):
  File "/workspace/.pip-modules/lib/python3.12/site-packages/django/template/base.py", line 886, in _resolve_lookup
    if isinstance(current, BaseContext) and getattr(
                                            ^^^^^^^^
AttributeError: type object 'Context' has no attribute 'form_class'

During handling of the above exception, another exception occurred:

Traceback (most recent call last):
  File "/workspace/.pip-modules/lib/python3.12/site-packages/django/template/base.py", line 896, in _resolve_lookup
    current = current[int(bit)]
                      ^^^^^^^^
ValueError: invalid literal for int() with base 10: 'form_class'

During handling of the above exception, another exception occurred:

Traceback (most recent call last):
  File "/workspace/.pip-modules/lib/python3.12/site-packages/django/template/base.py", line 903, in _resolve_lookup
    raise VariableDoesNotExist(
django.template.base.VariableDoesNotExist: Failed lookup for key [form_class] in [{'True': True, 'False': False, 'None': None}, {'field_class': '', 'field_template': 'bootstrap5/field.html', 'form_show_errors': True, 'form_show_labels': True, 'label_class': '', 'form': <Contact bound=False, valid=False, fields=(name;email;phone;subject;message)>}, {'forloop': {'parentloop': {}, 'counter0': 4, 'counter': 5, 'revcounter': 1, 'revcounter0': 0, 'first': False, 'last': True}, 'field': <django.forms.boundfield.BoundField object at 0x7ff6f89f6090>}, {}]
Exception while resolving variable 'help_text_inline' in template 'bootstrap5/uni_form.html'.
Traceback (most recent call last):
  File "/workspace/.pip-modules/lib/python3.12/site-packages/django/template/base.py", line 880, in _resolve_lookup
    current = current[bit]
              ~~~~~~~^^^^^
  File "/workspace/.pip-modules/lib/python3.12/site-packages/django/template/context.py", line 83, in __getitem__
    raise KeyError(key)
KeyError: 'help_text_inline'

During handling of the above exception, another exception occurred:

Traceback (most recent call last):
  File "/workspace/.pip-modules/lib/python3.12/site-packages/django/template/base.py", line 886, in _resolve_lookup
    if isinstance(current, BaseContext) and getattr(
                                            ^^^^^^^^
AttributeError: type object 'Context' has no attribute 'help_text_inline'

During handling of the above exception, another exception occurred:

Traceback (most recent call last):
  File "/workspace/.pip-modules/lib/python3.12/site-packages/django/template/base.py", line 896, in _resolve_lookup
    current = current[int(bit)]
                      ^^^^^^^^
ValueError: invalid literal for int() with base 10: 'help_text_inline'

During handling of the above exception, another exception occurred:

Traceback (most recent call last):
  File "/workspace/.pip-modules/lib/python3.12/site-packages/django/template/base.py", line 903, in _resolve_lookup
    raise VariableDoesNotExist(
django.template.base.VariableDoesNotExist: Failed lookup for key [help_text_inline] in [{'True': True, 'False': False, 'None': None}, {'field_class': '', 'field_template': 'bootstrap5/field.html', 'form_show_errors': True, 'form_show_labels': True, 'label_class': '', 'form': <Contact bound=False, valid=False, fields=(name;email;phone;subject;message)>}, {'forloop': {'parentloop': {}, 'counter0': 4, 'counter': 5, 'revcounter': 1, 'revcounter0': 0, 'first': False, 'last': True}, 'field': <django.forms.boundfield.BoundField object at 0x7ff6f89f6090>}, {}, {}]
Exception while resolving variable 'error_text_inline' in template 'bootstrap5/uni_form.html'.
Traceback (most recent call last):
  File "/workspace/.pip-modules/lib/python3.12/site-packages/django/template/base.py", line 880, in _resolve_lookup
    current = current[bit]
              ~~~~~~~^^^^^
  File "/workspace/.pip-modules/lib/python3.12/site-packages/django/template/context.py", line 83, in __getitem__
    raise KeyError(key)
KeyError: 'error_text_inline'

During handling of the above exception, another exception occurred:

Traceback (most recent call last):
  File "/workspace/.pip-modules/lib/python3.12/site-packages/django/template/base.py", line 886, in _resolve_lookup
    if isinstance(current, BaseContext) and getattr(
                                            ^^^^^^^^
AttributeError: type object 'Context' has no attribute 'error_text_inline'

During handling of the above exception, another exception occurred:

Traceback (most recent call last):
  File "/workspace/.pip-modules/lib/python3.12/site-packages/django/template/base.py", line 896, in _resolve_lookup
    current = current[int(bit)]
                      ^^^^^^^^
ValueError: invalid literal for int() with base 10: 'error_text_inline'

During handling of the above exception, another exception occurred:

Traceback (most recent call last):
  File "/workspace/.pip-modules/lib/python3.12/site-packages/django/template/base.py", line 903, in _resolve_lookup
    raise VariableDoesNotExist(
django.template.base.VariableDoesNotExist: Failed lookup for key [error_text_inline] in [{'True': True, 'False': False, 'None': None}, {'field_class': '', 'field_template': 'bootstrap5/field.html', 'form_show_errors': True, 'form_show_labels': True, 'label_class': '', 'form': <Contact bound=False, valid=False, fields=(name;email;phone;subject;message)>}, {'forloop': {'parentloop': {}, 'counter0': 4, 'counter': 5, 'revcounter': 1, 'revcounter0': 0, 'first': False, 'last': True}, 'field': <django.forms.boundfield.BoundField object at 0x7ff6f89f6090>}, {}, {}]
Exception while resolving variable 'help_text_inline' in template 'bootstrap5/uni_form.html'.
Traceback (most recent call last):
  File "/workspace/.pip-modules/lib/python3.12/site-packages/django/template/base.py", line 880, in _resolve_lookup
    current = current[bit]
              ~~~~~~~^^^^^
  File "/workspace/.pip-modules/lib/python3.12/site-packages/django/template/context.py", line 83, in __getitem__
    raise KeyError(key)
KeyError: 'help_text_inline'

During handling of the above exception, another exception occurred:

Traceback (most recent call last):
  File "/workspace/.pip-modules/lib/python3.12/site-packages/django/template/base.py", line 886, in _resolve_lookup
    if isinstance(current, BaseContext) and getattr(
                                            ^^^^^^^^
AttributeError: type object 'Context' has no attribute 'help_text_inline'

During handling of the above exception, another exception occurred:

Traceback (most recent call last):
  File "/workspace/.pip-modules/lib/python3.12/site-packages/django/template/base.py", line 896, in _resolve_lookup
    current = current[int(bit)]
                      ^^^^^^^^
ValueError: invalid literal for int() with base 10: 'help_text_inline'

During handling of the above exception, another exception occurred:

Traceback (most recent call last):
  File "/workspace/.pip-modules/lib/python3.12/site-packages/django/template/base.py", line 903, in _resolve_lookup
    raise VariableDoesNotExist(
django.template.base.VariableDoesNotExist: Failed lookup for key [help_text_inline] in [{'True': True, 'False': False, 'None': None}, {'field_class': '', 'field_template': 'bootstrap5/field.html', 'form_show_errors': True, 'form_show_labels': True, 'label_class': '', 'form': <Contact bound=False, valid=False, fields=(name;email;phone;subject;message)>}, {'forloop': {'parentloop': {}, 'counter0': 4, 'counter': 5, 'revcounter': 1, 'revcounter0': 0, 'first': False, 'last': True}, 'field': <django.forms.boundfield.BoundField object at 0x7ff6f89f6090>}, {}, {}]
Exception while resolving variable 'tag' in template 'bootstrap5/uni_form.html'.
Traceback (most recent call last):
  File "/workspace/.pip-modules/lib/python3.12/site-packages/django/template/base.py", line 880, in _resolve_lookup
    current = current[bit]
              ~~~~~~~^^^^^
  File "/workspace/.pip-modules/lib/python3.12/site-packages/django/template/context.py", line 83, in __getitem__
    raise KeyError(key)
KeyError: 'tag'

During handling of the above exception, another exception occurred:

Traceback (most recent call last):
  File "/workspace/.pip-modules/lib/python3.12/site-packages/django/template/base.py", line 886, in _resolve_lookup
    if isinstance(current, BaseContext) and getattr(
                                            ^^^^^^^^
AttributeError: type object 'Context' has no attribute 'tag'

During handling of the above exception, another exception occurred:

Traceback (most recent call last):
  File "/workspace/.pip-modules/lib/python3.12/site-packages/django/template/base.py", line 896, in _resolve_lookup
    current = current[int(bit)]
                      ^^^^^^^^
ValueError: invalid literal for int() with base 10: 'tag'

During handling of the above exception, another exception occurred:

Traceback (most recent call last):
  File "/workspace/.pip-modules/lib/python3.12/site-packages/django/template/base.py", line 903, in _resolve_lookup
    raise VariableDoesNotExist(
django.template.base.VariableDoesNotExist: Failed lookup for key [tag] in [{'True': True, 'False': False, 'None': None}, {'field_class': '', 'field_template': 'bootstrap5/field.html', 'form_show_errors': True, 'form_show_labels': True, 'label_class': '', 'form': <Contact bound=False, valid=False, fields=(name;email;phone;subject;message)>}, {'forloop': {'parentloop': {}, 'counter0': 4, 'counter': 5, 'revcounter': 1, 'revcounter0': 0, 'first': False, 'last': True}, 'field': <django.forms.boundfield.BoundField object at 0x7ff6f89f6090>}, {}]
"GET /contact/ HTTP/1.1" 200 9779
File /workspace/pauls-pizzeria/contact/templates/contact/contact.html previous mtime: 1724069848.9317982, current mtime: 1724071405.9028358
/workspace/pauls-pizzeria/contact/templates/contact/contact.html notified as changed. Signal results: [(<function template_changed at 0x7ff6fa988cc0>, True), (<function translation_file_changed at 0x7ff6f96fab60>, None)].
Exception while resolving variable 'include_media' in template 'bootstrap5/uni_form.html'.
Traceback (most recent call last):
  File "/workspace/.pip-modules/lib/python3.12/site-packages/django/template/base.py", line 880, in _resolve_lookup
    current = current[bit]
              ~~~~~~~^^^^^
  File "/workspace/.pip-modules/lib/python3.12/site-packages/django/template/context.py", line 83, in __getitem__
    raise KeyError(key)
KeyError: 'include_media'

During handling of the above exception, another exception occurred:

Traceback (most recent call last):
  File "/workspace/.pip-modules/lib/python3.12/site-packages/django/template/base.py", line 886, in _resolve_lookup
    if isinstance(current, BaseContext) and getattr(
                                            ^^^^^^^^
AttributeError: type object 'Context' has no attribute 'include_media'

During handling of the above exception, another exception occurred:

Traceback (most recent call last):
  File "/workspace/.pip-modules/lib/python3.12/site-packages/django/template/base.py", line 896, in _resolve_lookup
    current = current[int(bit)]
                      ^^^^^^^^
ValueError: invalid literal for int() with base 10: 'include_media'

During handling of the above exception, another exception occurred:

Traceback (most recent call last):
  File "/workspace/.pip-modules/lib/python3.12/site-packages/django/template/base.py", line 903, in _resolve_lookup
    raise VariableDoesNotExist(
django.template.base.VariableDoesNotExist: Failed lookup for key [include_media] in [{'True': True, 'False': False, 'None': None}, {'field_class': '', 'field_template': 'bootstrap5/field.html', 'form_show_errors': True, 'form_show_labels': True, 'label_class': '', 'form': <Contact bound=False, valid=Unknown, fields=(name;email;phone;subject;message)>}]
Exception while resolving variable 'tag' in template 'bootstrap5/uni_form.html'.
Traceback (most recent call last):
  File "/workspace/.pip-modules/lib/python3.12/site-packages/django/template/base.py", line 880, in _resolve_lookup
    current = current[bit]
              ~~~~~~~^^^^^
  File "/workspace/.pip-modules/lib/python3.12/site-packages/django/template/context.py", line 83, in __getitem__
    raise KeyError(key)
KeyError: 'tag'

During handling of the above exception, another exception occurred:

Traceback (most recent call last):
  File "/workspace/.pip-modules/lib/python3.12/site-packages/django/template/base.py", line 886, in _resolve_lookup
    if isinstance(current, BaseContext) and getattr(
                                            ^^^^^^^^
AttributeError: type object 'Context' has no attribute 'tag'

During handling of the above exception, another exception occurred:

Traceback (most recent call last):
  File "/workspace/.pip-modules/lib/python3.12/site-packages/django/template/base.py", line 896, in _resolve_lookup
    current = current[int(bit)]
                      ^^^^^^^^
ValueError: invalid literal for int() with base 10: 'tag'

During handling of the above exception, another exception occurred:

Traceback (most recent call last):
  File "/workspace/.pip-modules/lib/python3.12/site-packages/django/template/base.py", line 903, in _resolve_lookup
    raise VariableDoesNotExist(
django.template.base.VariableDoesNotExist: Failed lookup for key [tag] in [{'True': True, 'False': False, 'None': None}, {'field_class': '', 'field_template': 'bootstrap5/field.html', 'form_show_errors': True, 'form_show_labels': True, 'label_class': '', 'form': <Contact bound=False, valid=False, fields=(name;email;phone;subject;message)>}, {'forloop': {'parentloop': {}, 'counter0': 0, 'counter': 1, 'revcounter': 5, 'revcounter0': 4, 'first': True, 'last': False}, 'field': <django.forms.boundfield.BoundField object at 0x7ff6f3f74290>}, {}]
Exception while resolving variable 'form_class' in template 'bootstrap5/uni_form.html'.
Traceback (most recent call last):
  File "/workspace/.pip-modules/lib/python3.12/site-packages/django/template/base.py", line 880, in _resolve_lookup
    current = current[bit]
              ~~~~~~~^^^^^
  File "/workspace/.pip-modules/lib/python3.12/site-packages/django/template/context.py", line 83, in __getitem__
    raise KeyError(key)
KeyError: 'form_class'

During handling of the above exception, another exception occurred:

Traceback (most recent call last):
  File "/workspace/.pip-modules/lib/python3.12/site-packages/django/template/base.py", line 886, in _resolve_lookup
    if isinstance(current, BaseContext) and getattr(
                                            ^^^^^^^^
AttributeError: type object 'Context' has no attribute 'form_class'

During handling of the above exception, another exception occurred:

Traceback (most recent call last):
  File "/workspace/.pip-modules/lib/python3.12/site-packages/django/template/base.py", line 896, in _resolve_lookup
    current = current[int(bit)]
                      ^^^^^^^^
ValueError: invalid literal for int() with base 10: 'form_class'

During handling of the above exception, another exception occurred:

Traceback (most recent call last):
  File "/workspace/.pip-modules/lib/python3.12/site-packages/django/template/base.py", line 903, in _resolve_lookup
    raise VariableDoesNotExist(
django.template.base.VariableDoesNotExist: Failed lookup for key [form_class] in [{'True': True, 'False': False, 'None': None}, {'field_class': '', 'field_template': 'bootstrap5/field.html', 'form_show_errors': True, 'form_show_labels': True, 'label_class': '', 'form': <Contact bound=False, valid=False, fields=(name;email;phone;subject;message)>}, {'forloop': {'parentloop': {}, 'counter0': 0, 'counter': 1, 'revcounter': 5, 'revcounter0': 4, 'first': True, 'last': False}, 'field': <django.forms.boundfield.BoundField object at 0x7ff6f3f74290>}, {}]
Exception while resolving variable 'wrapper_class' in template 'bootstrap5/uni_form.html'.
Traceback (most recent call last):
  File "/workspace/.pip-modules/lib/python3.12/site-packages/django/template/base.py", line 880, in _resolve_lookup
    current = current[bit]
              ~~~~~~~^^^^^
  File "/workspace/.pip-modules/lib/python3.12/site-packages/django/template/context.py", line 83, in __getitem__
    raise KeyError(key)
KeyError: 'wrapper_class'

During handling of the above exception, another exception occurred:

Traceback (most recent call last):
  File "/workspace/.pip-modules/lib/python3.12/site-packages/django/template/base.py", line 886, in _resolve_lookup
    if isinstance(current, BaseContext) and getattr(
                                            ^^^^^^^^
AttributeError: type object 'Context' has no attribute 'wrapper_class'

During handling of the above exception, another exception occurred:

Traceback (most recent call last):
  File "/workspace/.pip-modules/lib/python3.12/site-packages/django/template/base.py", line 896, in _resolve_lookup
    current = current[int(bit)]
                      ^^^^^^^^
ValueError: invalid literal for int() with base 10: 'wrapper_class'

During handling of the above exception, another exception occurred:

Traceback (most recent call last):
  File "/workspace/.pip-modules/lib/python3.12/site-packages/django/template/base.py", line 903, in _resolve_lookup
    raise VariableDoesNotExist(
django.template.base.VariableDoesNotExist: Failed lookup for key [wrapper_class] in [{'True': True, 'False': False, 'None': None}, {'field_class': '', 'field_template': 'bootstrap5/field.html', 'form_show_errors': True, 'form_show_labels': True, 'label_class': '', 'form': <Contact bound=False, valid=False, fields=(name;email;phone;subject;message)>}, {'forloop': {'parentloop': {}, 'counter0': 0, 'counter': 1, 'revcounter': 5, 'revcounter0': 4, 'first': True, 'last': False}, 'field': <django.forms.boundfield.BoundField object at 0x7ff6f3f74290>}, {}]
Exception while resolving variable 'form_class' in template 'bootstrap5/uni_form.html'.
Traceback (most recent call last):
  File "/workspace/.pip-modules/lib/python3.12/site-packages/django/template/base.py", line 880, in _resolve_lookup
    current = current[bit]
              ~~~~~~~^^^^^
  File "/workspace/.pip-modules/lib/python3.12/site-packages/django/template/context.py", line 83, in __getitem__
    raise KeyError(key)
KeyError: 'form_class'

During handling of the above exception, another exception occurred:

Traceback (most recent call last):
  File "/workspace/.pip-modules/lib/python3.12/site-packages/django/template/base.py", line 886, in _resolve_lookup
    if isinstance(current, BaseContext) and getattr(
                                            ^^^^^^^^
AttributeError: type object 'Context' has no attribute 'form_class'

During handling of the above exception, another exception occurred:

Traceback (most recent call last):
  File "/workspace/.pip-modules/lib/python3.12/site-packages/django/template/base.py", line 896, in _resolve_lookup
    current = current[int(bit)]
                      ^^^^^^^^
ValueError: invalid literal for int() with base 10: 'form_class'

During handling of the above exception, another exception occurred:

Traceback (most recent call last):
  File "/workspace/.pip-modules/lib/python3.12/site-packages/django/template/base.py", line 903, in _resolve_lookup
    raise VariableDoesNotExist(
django.template.base.VariableDoesNotExist: Failed lookup for key [form_class] in [{'True': True, 'False': False, 'None': None}, {'field_class': '', 'field_template': 'bootstrap5/field.html', 'form_show_errors': True, 'form_show_labels': True, 'label_class': '', 'form': <Contact bound=False, valid=False, fields=(name;email;phone;subject;message)>}, {'forloop': {'parentloop': {}, 'counter0': 0, 'counter': 1, 'revcounter': 5, 'revcounter0': 4, 'first': True, 'last': False}, 'field': <django.forms.boundfield.BoundField object at 0x7ff6f3f74290>}, {}]
Exception while resolving variable 'help_text_inline' in template 'bootstrap5/uni_form.html'.
Traceback (most recent call last):
  File "/workspace/.pip-modules/lib/python3.12/site-packages/django/template/base.py", line 880, in _resolve_lookup
    current = current[bit]
              ~~~~~~~^^^^^
  File "/workspace/.pip-modules/lib/python3.12/site-packages/django/template/context.py", line 83, in __getitem__
    raise KeyError(key)
KeyError: 'help_text_inline'

During handling of the above exception, another exception occurred:

Traceback (most recent call last):
  File "/workspace/.pip-modules/lib/python3.12/site-packages/django/template/base.py", line 886, in _resolve_lookup
    if isinstance(current, BaseContext) and getattr(
                                            ^^^^^^^^
AttributeError: type object 'Context' has no attribute 'help_text_inline'

During handling of the above exception, another exception occurred:

Traceback (most recent call last):
  File "/workspace/.pip-modules/lib/python3.12/site-packages/django/template/base.py", line 896, in _resolve_lookup
    current = current[int(bit)]
                      ^^^^^^^^
ValueError: invalid literal for int() with base 10: 'help_text_inline'

During handling of the above exception, another exception occurred:

Traceback (most recent call last):
  File "/workspace/.pip-modules/lib/python3.12/site-packages/django/template/base.py", line 903, in _resolve_lookup
    raise VariableDoesNotExist(
django.template.base.VariableDoesNotExist: Failed lookup for key [help_text_inline] in [{'True': True, 'False': False, 'None': None}, {'field_class': '', 'field_template': 'bootstrap5/field.html', 'form_show_errors': True, 'form_show_labels': True, 'label_class': '', 'form': <Contact bound=False, valid=False, fields=(name;email;phone;subject;message)>}, {'forloop': {'parentloop': {}, 'counter0': 0, 'counter': 1, 'revcounter': 5, 'revcounter0': 4, 'first': True, 'last': False}, 'field': <django.forms.boundfield.BoundField object at 0x7ff6f3f74290>}, {}, {}]
Exception while resolving variable 'error_text_inline' in template 'bootstrap5/uni_form.html'.
Traceback (most recent call last):
  File "/workspace/.pip-modules/lib/python3.12/site-packages/django/template/base.py", line 880, in _resolve_lookup
    current = current[bit]
              ~~~~~~~^^^^^
  File "/workspace/.pip-modules/lib/python3.12/site-packages/django/template/context.py", line 83, in __getitem__
    raise KeyError(key)
KeyError: 'error_text_inline'

During handling of the above exception, another exception occurred:

Traceback (most recent call last):
  File "/workspace/.pip-modules/lib/python3.12/site-packages/django/template/base.py", line 886, in _resolve_lookup
    if isinstance(current, BaseContext) and getattr(
                                            ^^^^^^^^
AttributeError: type object 'Context' has no attribute 'error_text_inline'

During handling of the above exception, another exception occurred:

Traceback (most recent call last):
  File "/workspace/.pip-modules/lib/python3.12/site-packages/django/template/base.py", line 896, in _resolve_lookup
    current = current[int(bit)]
                      ^^^^^^^^
ValueError: invalid literal for int() with base 10: 'error_text_inline'

During handling of the above exception, another exception occurred:

Traceback (most recent call last):
  File "/workspace/.pip-modules/lib/python3.12/site-packages/django/template/base.py", line 903, in _resolve_lookup
    raise VariableDoesNotExist(
django.template.base.VariableDoesNotExist: Failed lookup for key [error_text_inline] in [{'True': True, 'False': False, 'None': None}, {'field_class': '', 'field_template': 'bootstrap5/field.html', 'form_show_errors': True, 'form_show_labels': True, 'label_class': '', 'form': <Contact bound=False, valid=False, fields=(name;email;phone;subject;message)>}, {'forloop': {'parentloop': {}, 'counter0': 0, 'counter': 1, 'revcounter': 5, 'revcounter0': 4, 'first': True, 'last': False}, 'field': <django.forms.boundfield.BoundField object at 0x7ff6f3f74290>}, {}, {}]
Exception while resolving variable 'help_text_inline' in template 'bootstrap5/uni_form.html'.
Traceback (most recent call last):
  File "/workspace/.pip-modules/lib/python3.12/site-packages/django/template/base.py", line 880, in _resolve_lookup
    current = current[bit]
              ~~~~~~~^^^^^
  File "/workspace/.pip-modules/lib/python3.12/site-packages/django/template/context.py", line 83, in __getitem__
    raise KeyError(key)
KeyError: 'help_text_inline'

During handling of the above exception, another exception occurred:

Traceback (most recent call last):
  File "/workspace/.pip-modules/lib/python3.12/site-packages/django/template/base.py", line 886, in _resolve_lookup
    if isinstance(current, BaseContext) and getattr(
                                            ^^^^^^^^
AttributeError: type object 'Context' has no attribute 'help_text_inline'

During handling of the above exception, another exception occurred:

Traceback (most recent call last):
  File "/workspace/.pip-modules/lib/python3.12/site-packages/django/template/base.py", line 896, in _resolve_lookup
    current = current[int(bit)]
                      ^^^^^^^^
ValueError: invalid literal for int() with base 10: 'help_text_inline'

During handling of the above exception, another exception occurred:

Traceback (most recent call last):
  File "/workspace/.pip-modules/lib/python3.12/site-packages/django/template/base.py", line 903, in _resolve_lookup
    raise VariableDoesNotExist(
django.template.base.VariableDoesNotExist: Failed lookup for key [help_text_inline] in [{'True': True, 'False': False, 'None': None}, {'field_class': '', 'field_template': 'bootstrap5/field.html', 'form_show_errors': True, 'form_show_labels': True, 'label_class': '', 'form': <Contact bound=False, valid=False, fields=(name;email;phone;subject;message)>}, {'forloop': {'parentloop': {}, 'counter0': 0, 'counter': 1, 'revcounter': 5, 'revcounter0': 4, 'first': True, 'last': False}, 'field': <django.forms.boundfield.BoundField object at 0x7ff6f3f74290>}, {}, {}]
Exception while resolving variable 'tag' in template 'bootstrap5/uni_form.html'.
Traceback (most recent call last):
  File "/workspace/.pip-modules/lib/python3.12/site-packages/django/template/base.py", line 880, in _resolve_lookup
    current = current[bit]
              ~~~~~~~^^^^^
  File "/workspace/.pip-modules/lib/python3.12/site-packages/django/template/context.py", line 83, in __getitem__
    raise KeyError(key)
KeyError: 'tag'

During handling of the above exception, another exception occurred:

Traceback (most recent call last):
  File "/workspace/.pip-modules/lib/python3.12/site-packages/django/template/base.py", line 886, in _resolve_lookup
    if isinstance(current, BaseContext) and getattr(
                                            ^^^^^^^^
AttributeError: type object 'Context' has no attribute 'tag'

During handling of the above exception, another exception occurred:

Traceback (most recent call last):
  File "/workspace/.pip-modules/lib/python3.12/site-packages/django/template/base.py", line 896, in _resolve_lookup
    current = current[int(bit)]
                      ^^^^^^^^
ValueError: invalid literal for int() with base 10: 'tag'

During handling of the above exception, another exception occurred:

Traceback (most recent call last):
  File "/workspace/.pip-modules/lib/python3.12/site-packages/django/template/base.py", line 903, in _resolve_lookup
    raise VariableDoesNotExist(
django.template.base.VariableDoesNotExist: Failed lookup for key [tag] in [{'True': True, 'False': False, 'None': None}, {'field_class': '', 'field_template': 'bootstrap5/field.html', 'form_show_errors': True, 'form_show_labels': True, 'label_class': '', 'form': <Contact bound=False, valid=False, fields=(name;email;phone;subject;message)>}, {'forloop': {'parentloop': {}, 'counter0': 0, 'counter': 1, 'revcounter': 5, 'revcounter0': 4, 'first': True, 'last': False}, 'field': <django.forms.boundfield.BoundField object at 0x7ff6f3f74290>}, {}]
Exception while resolving variable 'tag' in template 'bootstrap5/uni_form.html'.
Traceback (most recent call last):
  File "/workspace/.pip-modules/lib/python3.12/site-packages/django/template/base.py", line 880, in _resolve_lookup
    current = current[bit]
              ~~~~~~~^^^^^
  File "/workspace/.pip-modules/lib/python3.12/site-packages/django/template/context.py", line 83, in __getitem__
    raise KeyError(key)
KeyError: 'tag'

During handling of the above exception, another exception occurred:

Traceback (most recent call last):
  File "/workspace/.pip-modules/lib/python3.12/site-packages/django/template/base.py", line 886, in _resolve_lookup
    if isinstance(current, BaseContext) and getattr(
                                            ^^^^^^^^
AttributeError: type object 'Context' has no attribute 'tag'

During handling of the above exception, another exception occurred:

Traceback (most recent call last):
  File "/workspace/.pip-modules/lib/python3.12/site-packages/django/template/base.py", line 896, in _resolve_lookup
    current = current[int(bit)]
                      ^^^^^^^^
ValueError: invalid literal for int() with base 10: 'tag'

During handling of the above exception, another exception occurred:

Traceback (most recent call last):
  File "/workspace/.pip-modules/lib/python3.12/site-packages/django/template/base.py", line 903, in _resolve_lookup
    raise VariableDoesNotExist(
django.template.base.VariableDoesNotExist: Failed lookup for key [tag] in [{'True': True, 'False': False, 'None': None}, {'field_class': '', 'field_template': 'bootstrap5/field.html', 'form_show_errors': True, 'form_show_labels': True, 'label_class': '', 'form': <Contact bound=False, valid=False, fields=(name;email;phone;subject;message)>}, {'forloop': {'parentloop': {}, 'counter0': 1, 'counter': 2, 'revcounter': 4, 'revcounter0': 3, 'first': False, 'last': False}, 'field': <django.forms.boundfield.BoundField object at 0x7ff6f3f759d0>}, {}]
Exception while resolving variable 'form_class' in template 'bootstrap5/uni_form.html'.
Traceback (most recent call last):
  File "/workspace/.pip-modules/lib/python3.12/site-packages/django/template/base.py", line 880, in _resolve_lookup
    current = current[bit]
              ~~~~~~~^^^^^
  File "/workspace/.pip-modules/lib/python3.12/site-packages/django/template/context.py", line 83, in __getitem__
    raise KeyError(key)
KeyError: 'form_class'

During handling of the above exception, another exception occurred:

Traceback (most recent call last):
  File "/workspace/.pip-modules/lib/python3.12/site-packages/django/template/base.py", line 886, in _resolve_lookup
    if isinstance(current, BaseContext) and getattr(
                                            ^^^^^^^^
AttributeError: type object 'Context' has no attribute 'form_class'

During handling of the above exception, another exception occurred:

Traceback (most recent call last):
  File "/workspace/.pip-modules/lib/python3.12/site-packages/django/template/base.py", line 896, in _resolve_lookup
    current = current[int(bit)]
                      ^^^^^^^^
ValueError: invalid literal for int() with base 10: 'form_class'

During handling of the above exception, another exception occurred:

Traceback (most recent call last):
  File "/workspace/.pip-modules/lib/python3.12/site-packages/django/template/base.py", line 903, in _resolve_lookup
    raise VariableDoesNotExist(
django.template.base.VariableDoesNotExist: Failed lookup for key [form_class] in [{'True': True, 'False': False, 'None': None}, {'field_class': '', 'field_template': 'bootstrap5/field.html', 'form_show_errors': True, 'form_show_labels': True, 'label_class': '', 'form': <Contact bound=False, valid=False, fields=(name;email;phone;subject;message)>}, {'forloop': {'parentloop': {}, 'counter0': 1, 'counter': 2, 'revcounter': 4, 'revcounter0': 3, 'first': False, 'last': False}, 'field': <django.forms.boundfield.BoundField object at 0x7ff6f3f759d0>}, {}]
Exception while resolving variable 'wrapper_class' in template 'bootstrap5/uni_form.html'.
Traceback (most recent call last):
  File "/workspace/.pip-modules/lib/python3.12/site-packages/django/template/base.py", line 880, in _resolve_lookup
    current = current[bit]
              ~~~~~~~^^^^^
  File "/workspace/.pip-modules/lib/python3.12/site-packages/django/template/context.py", line 83, in __getitem__
    raise KeyError(key)
KeyError: 'wrapper_class'

During handling of the above exception, another exception occurred:

Traceback (most recent call last):
  File "/workspace/.pip-modules/lib/python3.12/site-packages/django/template/base.py", line 886, in _resolve_lookup
    if isinstance(current, BaseContext) and getattr(
                                            ^^^^^^^^
AttributeError: type object 'Context' has no attribute 'wrapper_class'

During handling of the above exception, another exception occurred:

Traceback (most recent call last):
  File "/workspace/.pip-modules/lib/python3.12/site-packages/django/template/base.py", line 896, in _resolve_lookup
    current = current[int(bit)]
                      ^^^^^^^^
ValueError: invalid literal for int() with base 10: 'wrapper_class'

During handling of the above exception, another exception occurred:

Traceback (most recent call last):
  File "/workspace/.pip-modules/lib/python3.12/site-packages/django/template/base.py", line 903, in _resolve_lookup
    raise VariableDoesNotExist(
django.template.base.VariableDoesNotExist: Failed lookup for key [wrapper_class] in [{'True': True, 'False': False, 'None': None}, {'field_class': '', 'field_template': 'bootstrap5/field.html', 'form_show_errors': True, 'form_show_labels': True, 'label_class': '', 'form': <Contact bound=False, valid=False, fields=(name;email;phone;subject;message)>}, {'forloop': {'parentloop': {}, 'counter0': 1, 'counter': 2, 'revcounter': 4, 'revcounter0': 3, 'first': False, 'last': False}, 'field': <django.forms.boundfield.BoundField object at 0x7ff6f3f759d0>}, {}]
Exception while resolving variable 'form_class' in template 'bootstrap5/uni_form.html'.
Traceback (most recent call last):
  File "/workspace/.pip-modules/lib/python3.12/site-packages/django/template/base.py", line 880, in _resolve_lookup
    current = current[bit]
              ~~~~~~~^^^^^
  File "/workspace/.pip-modules/lib/python3.12/site-packages/django/template/context.py", line 83, in __getitem__
    raise KeyError(key)
KeyError: 'form_class'

During handling of the above exception, another exception occurred:

Traceback (most recent call last):
  File "/workspace/.pip-modules/lib/python3.12/site-packages/django/template/base.py", line 886, in _resolve_lookup
    if isinstance(current, BaseContext) and getattr(
                                            ^^^^^^^^
AttributeError: type object 'Context' has no attribute 'form_class'

During handling of the above exception, another exception occurred:

Traceback (most recent call last):
  File "/workspace/.pip-modules/lib/python3.12/site-packages/django/template/base.py", line 896, in _resolve_lookup
    current = current[int(bit)]
                      ^^^^^^^^
ValueError: invalid literal for int() with base 10: 'form_class'

During handling of the above exception, another exception occurred:

Traceback (most recent call last):
  File "/workspace/.pip-modules/lib/python3.12/site-packages/django/template/base.py", line 903, in _resolve_lookup
    raise VariableDoesNotExist(
django.template.base.VariableDoesNotExist: Failed lookup for key [form_class] in [{'True': True, 'False': False, 'None': None}, {'field_class': '', 'field_template': 'bootstrap5/field.html', 'form_show_errors': True, 'form_show_labels': True, 'label_class': '', 'form': <Contact bound=False, valid=False, fields=(name;email;phone;subject;message)>}, {'forloop': {'parentloop': {}, 'counter0': 1, 'counter': 2, 'revcounter': 4, 'revcounter0': 3, 'first': False, 'last': False}, 'field': <django.forms.boundfield.BoundField object at 0x7ff6f3f759d0>}, {}]
Exception while resolving variable 'help_text_inline' in template 'bootstrap5/uni_form.html'.
Traceback (most recent call last):
  File "/workspace/.pip-modules/lib/python3.12/site-packages/django/template/base.py", line 880, in _resolve_lookup
    current = current[bit]
              ~~~~~~~^^^^^
  File "/workspace/.pip-modules/lib/python3.12/site-packages/django/template/context.py", line 83, in __getitem__
    raise KeyError(key)
KeyError: 'help_text_inline'

During handling of the above exception, another exception occurred:

Traceback (most recent call last):
  File "/workspace/.pip-modules/lib/python3.12/site-packages/django/template/base.py", line 886, in _resolve_lookup
    if isinstance(current, BaseContext) and getattr(
                                            ^^^^^^^^
AttributeError: type object 'Context' has no attribute 'help_text_inline'

During handling of the above exception, another exception occurred:

Traceback (most recent call last):
  File "/workspace/.pip-modules/lib/python3.12/site-packages/django/template/base.py", line 896, in _resolve_lookup
    current = current[int(bit)]
                      ^^^^^^^^
ValueError: invalid literal for int() with base 10: 'help_text_inline'

During handling of the above exception, another exception occurred:

Traceback (most recent call last):
  File "/workspace/.pip-modules/lib/python3.12/site-packages/django/template/base.py", line 903, in _resolve_lookup
    raise VariableDoesNotExist(
django.template.base.VariableDoesNotExist: Failed lookup for key [help_text_inline] in [{'True': True, 'False': False, 'None': None}, {'field_class': '', 'field_template': 'bootstrap5/field.html', 'form_show_errors': True, 'form_show_labels': True, 'label_class': '', 'form': <Contact bound=False, valid=False, fields=(name;email;phone;subject;message)>}, {'forloop': {'parentloop': {}, 'counter0': 1, 'counter': 2, 'revcounter': 4, 'revcounter0': 3, 'first': False, 'last': False}, 'field': <django.forms.boundfield.BoundField object at 0x7ff6f3f759d0>}, {}, {}]
Exception while resolving variable 'error_text_inline' in template 'bootstrap5/uni_form.html'.
Traceback (most recent call last):
  File "/workspace/.pip-modules/lib/python3.12/site-packages/django/template/base.py", line 880, in _resolve_lookup
    current = current[bit]
              ~~~~~~~^^^^^
  File "/workspace/.pip-modules/lib/python3.12/site-packages/django/template/context.py", line 83, in __getitem__
    raise KeyError(key)
KeyError: 'error_text_inline'

During handling of the above exception, another exception occurred:

Traceback (most recent call last):
  File "/workspace/.pip-modules/lib/python3.12/site-packages/django/template/base.py", line 886, in _resolve_lookup
    if isinstance(current, BaseContext) and getattr(
                                            ^^^^^^^^
AttributeError: type object 'Context' has no attribute 'error_text_inline'

During handling of the above exception, another exception occurred:

Traceback (most recent call last):
  File "/workspace/.pip-modules/lib/python3.12/site-packages/django/template/base.py", line 896, in _resolve_lookup
    current = current[int(bit)]
                      ^^^^^^^^
ValueError: invalid literal for int() with base 10: 'error_text_inline'

During handling of the above exception, another exception occurred:

Traceback (most recent call last):
  File "/workspace/.pip-modules/lib/python3.12/site-packages/django/template/base.py", line 903, in _resolve_lookup
    raise VariableDoesNotExist(
django.template.base.VariableDoesNotExist: Failed lookup for key [error_text_inline] in [{'True': True, 'False': False, 'None': None}, {'field_class': '', 'field_template': 'bootstrap5/field.html', 'form_show_errors': True, 'form_show_labels': True, 'label_class': '', 'form': <Contact bound=False, valid=False, fields=(name;email;phone;subject;message)>}, {'forloop': {'parentloop': {}, 'counter0': 1, 'counter': 2, 'revcounter': 4, 'revcounter0': 3, 'first': False, 'last': False}, 'field': <django.forms.boundfield.BoundField object at 0x7ff6f3f759d0>}, {}, {}]
Exception while resolving variable 'help_text_inline' in template 'bootstrap5/uni_form.html'.
Traceback (most recent call last):
  File "/workspace/.pip-modules/lib/python3.12/site-packages/django/template/base.py", line 880, in _resolve_lookup
    current = current[bit]
              ~~~~~~~^^^^^
  File "/workspace/.pip-modules/lib/python3.12/site-packages/django/template/context.py", line 83, in __getitem__
    raise KeyError(key)
KeyError: 'help_text_inline'

During handling of the above exception, another exception occurred:

Traceback (most recent call last):
  File "/workspace/.pip-modules/lib/python3.12/site-packages/django/template/base.py", line 886, in _resolve_lookup
    if isinstance(current, BaseContext) and getattr(
                                            ^^^^^^^^
AttributeError: type object 'Context' has no attribute 'help_text_inline'

During handling of the above exception, another exception occurred:

Traceback (most recent call last):
  File "/workspace/.pip-modules/lib/python3.12/site-packages/django/template/base.py", line 896, in _resolve_lookup
    current = current[int(bit)]
                      ^^^^^^^^
ValueError: invalid literal for int() with base 10: 'help_text_inline'

During handling of the above exception, another exception occurred:

Traceback (most recent call last):
  File "/workspace/.pip-modules/lib/python3.12/site-packages/django/template/base.py", line 903, in _resolve_lookup
    raise VariableDoesNotExist(
django.template.base.VariableDoesNotExist: Failed lookup for key [help_text_inline] in [{'True': True, 'False': False, 'None': None}, {'field_class': '', 'field_template': 'bootstrap5/field.html', 'form_show_errors': True, 'form_show_labels': True, 'label_class': '', 'form': <Contact bound=False, valid=False, fields=(name;email;phone;subject;message)>}, {'forloop': {'parentloop': {}, 'counter0': 1, 'counter': 2, 'revcounter': 4, 'revcounter0': 3, 'first': False, 'last': False}, 'field': <django.forms.boundfield.BoundField object at 0x7ff6f3f759d0>}, {}, {}]
Exception while resolving variable 'tag' in template 'bootstrap5/uni_form.html'.
Traceback (most recent call last):
  File "/workspace/.pip-modules/lib/python3.12/site-packages/django/template/base.py", line 880, in _resolve_lookup
    current = current[bit]
              ~~~~~~~^^^^^
  File "/workspace/.pip-modules/lib/python3.12/site-packages/django/template/context.py", line 83, in __getitem__
    raise KeyError(key)
KeyError: 'tag'

During handling of the above exception, another exception occurred:

Traceback (most recent call last):
  File "/workspace/.pip-modules/lib/python3.12/site-packages/django/template/base.py", line 886, in _resolve_lookup
    if isinstance(current, BaseContext) and getattr(
                                            ^^^^^^^^
AttributeError: type object 'Context' has no attribute 'tag'

During handling of the above exception, another exception occurred:

Traceback (most recent call last):
  File "/workspace/.pip-modules/lib/python3.12/site-packages/django/template/base.py", line 896, in _resolve_lookup
    current = current[int(bit)]
                      ^^^^^^^^
ValueError: invalid literal for int() with base 10: 'tag'

During handling of the above exception, another exception occurred:

Traceback (most recent call last):
  File "/workspace/.pip-modules/lib/python3.12/site-packages/django/template/base.py", line 903, in _resolve_lookup
    raise VariableDoesNotExist(
django.template.base.VariableDoesNotExist: Failed lookup for key [tag] in [{'True': True, 'False': False, 'None': None}, {'field_class': '', 'field_template': 'bootstrap5/field.html', 'form_show_errors': True, 'form_show_labels': True, 'label_class': '', 'form': <Contact bound=False, valid=False, fields=(name;email;phone;subject;message)>}, {'forloop': {'parentloop': {}, 'counter0': 1, 'counter': 2, 'revcounter': 4, 'revcounter0': 3, 'first': False, 'last': False}, 'field': <django.forms.boundfield.BoundField object at 0x7ff6f3f759d0>}, {}]
Exception while resolving variable 'tag' in template 'bootstrap5/uni_form.html'.
Traceback (most recent call last):
  File "/workspace/.pip-modules/lib/python3.12/site-packages/django/template/base.py", line 880, in _resolve_lookup
    current = current[bit]
              ~~~~~~~^^^^^
  File "/workspace/.pip-modules/lib/python3.12/site-packages/django/template/context.py", line 83, in __getitem__
    raise KeyError(key)
KeyError: 'tag'

During handling of the above exception, another exception occurred:

Traceback (most recent call last):
  File "/workspace/.pip-modules/lib/python3.12/site-packages/django/template/base.py", line 886, in _resolve_lookup
    if isinstance(current, BaseContext) and getattr(
                                            ^^^^^^^^
AttributeError: type object 'Context' has no attribute 'tag'

During handling of the above exception, another exception occurred:

Traceback (most recent call last):
  File "/workspace/.pip-modules/lib/python3.12/site-packages/django/template/base.py", line 896, in _resolve_lookup
    current = current[int(bit)]
                      ^^^^^^^^
ValueError: invalid literal for int() with base 10: 'tag'

During handling of the above exception, another exception occurred:

Traceback (most recent call last):
  File "/workspace/.pip-modules/lib/python3.12/site-packages/django/template/base.py", line 903, in _resolve_lookup
    raise VariableDoesNotExist(
django.template.base.VariableDoesNotExist: Failed lookup for key [tag] in [{'True': True, 'False': False, 'None': None}, {'field_class': '', 'field_template': 'bootstrap5/field.html', 'form_show_errors': True, 'form_show_labels': True, 'label_class': '', 'form': <Contact bound=False, valid=False, fields=(name;email;phone;subject;message)>}, {'forloop': {'parentloop': {}, 'counter0': 2, 'counter': 3, 'revcounter': 3, 'revcounter0': 2, 'first': False, 'last': False}, 'field': <django.forms.boundfield.BoundField object at 0x7ff6f3f77c50>}, {}]
Exception while resolving variable 'form_class' in template 'bootstrap5/uni_form.html'.
Traceback (most recent call last):
  File "/workspace/.pip-modules/lib/python3.12/site-packages/django/template/base.py", line 880, in _resolve_lookup
    current = current[bit]
              ~~~~~~~^^^^^
  File "/workspace/.pip-modules/lib/python3.12/site-packages/django/template/context.py", line 83, in __getitem__
    raise KeyError(key)
KeyError: 'form_class'

During handling of the above exception, another exception occurred:

Traceback (most recent call last):
  File "/workspace/.pip-modules/lib/python3.12/site-packages/django/template/base.py", line 886, in _resolve_lookup
    if isinstance(current, BaseContext) and getattr(
                                            ^^^^^^^^
AttributeError: type object 'Context' has no attribute 'form_class'

During handling of the above exception, another exception occurred:

Traceback (most recent call last):
  File "/workspace/.pip-modules/lib/python3.12/site-packages/django/template/base.py", line 896, in _resolve_lookup
    current = current[int(bit)]
                      ^^^^^^^^
ValueError: invalid literal for int() with base 10: 'form_class'

During handling of the above exception, another exception occurred:

Traceback (most recent call last):
  File "/workspace/.pip-modules/lib/python3.12/site-packages/django/template/base.py", line 903, in _resolve_lookup
    raise VariableDoesNotExist(
django.template.base.VariableDoesNotExist: Failed lookup for key [form_class] in [{'True': True, 'False': False, 'None': None}, {'field_class': '', 'field_template': 'bootstrap5/field.html', 'form_show_errors': True, 'form_show_labels': True, 'label_class': '', 'form': <Contact bound=False, valid=False, fields=(name;email;phone;subject;message)>}, {'forloop': {'parentloop': {}, 'counter0': 2, 'counter': 3, 'revcounter': 3, 'revcounter0': 2, 'first': False, 'last': False}, 'field': <django.forms.boundfield.BoundField object at 0x7ff6f3f77c50>}, {}]
Exception while resolving variable 'wrapper_class' in template 'bootstrap5/uni_form.html'.
Traceback (most recent call last):
  File "/workspace/.pip-modules/lib/python3.12/site-packages/django/template/base.py", line 880, in _resolve_lookup
    current = current[bit]
              ~~~~~~~^^^^^
  File "/workspace/.pip-modules/lib/python3.12/site-packages/django/template/context.py", line 83, in __getitem__
    raise KeyError(key)
KeyError: 'wrapper_class'

During handling of the above exception, another exception occurred:

Traceback (most recent call last):
  File "/workspace/.pip-modules/lib/python3.12/site-packages/django/template/base.py", line 886, in _resolve_lookup
    if isinstance(current, BaseContext) and getattr(
                                            ^^^^^^^^
AttributeError: type object 'Context' has no attribute 'wrapper_class'

During handling of the above exception, another exception occurred:

Traceback (most recent call last):
  File "/workspace/.pip-modules/lib/python3.12/site-packages/django/template/base.py", line 896, in _resolve_lookup
    current = current[int(bit)]
                      ^^^^^^^^
ValueError: invalid literal for int() with base 10: 'wrapper_class'

During handling of the above exception, another exception occurred:

Traceback (most recent call last):
  File "/workspace/.pip-modules/lib/python3.12/site-packages/django/template/base.py", line 903, in _resolve_lookup
    raise VariableDoesNotExist(
django.template.base.VariableDoesNotExist: Failed lookup for key [wrapper_class] in [{'True': True, 'False': False, 'None': None}, {'field_class': '', 'field_template': 'bootstrap5/field.html', 'form_show_errors': True, 'form_show_labels': True, 'label_class': '', 'form': <Contact bound=False, valid=False, fields=(name;email;phone;subject;message)>}, {'forloop': {'parentloop': {}, 'counter0': 2, 'counter': 3, 'revcounter': 3, 'revcounter0': 2, 'first': False, 'last': False}, 'field': <django.forms.boundfield.BoundField object at 0x7ff6f3f77c50>}, {}]
Exception while resolving variable 'form_class' in template 'bootstrap5/uni_form.html'.
Traceback (most recent call last):
  File "/workspace/.pip-modules/lib/python3.12/site-packages/django/template/base.py", line 880, in _resolve_lookup
    current = current[bit]
              ~~~~~~~^^^^^
  File "/workspace/.pip-modules/lib/python3.12/site-packages/django/template/context.py", line 83, in __getitem__
    raise KeyError(key)
KeyError: 'form_class'

During handling of the above exception, another exception occurred:

Traceback (most recent call last):
  File "/workspace/.pip-modules/lib/python3.12/site-packages/django/template/base.py", line 886, in _resolve_lookup
    if isinstance(current, BaseContext) and getattr(
                                            ^^^^^^^^
AttributeError: type object 'Context' has no attribute 'form_class'

During handling of the above exception, another exception occurred:

Traceback (most recent call last):
  File "/workspace/.pip-modules/lib/python3.12/site-packages/django/template/base.py", line 896, in _resolve_lookup
    current = current[int(bit)]
                      ^^^^^^^^
ValueError: invalid literal for int() with base 10: 'form_class'

During handling of the above exception, another exception occurred:

Traceback (most recent call last):
  File "/workspace/.pip-modules/lib/python3.12/site-packages/django/template/base.py", line 903, in _resolve_lookup
    raise VariableDoesNotExist(
django.template.base.VariableDoesNotExist: Failed lookup for key [form_class] in [{'True': True, 'False': False, 'None': None}, {'field_class': '', 'field_template': 'bootstrap5/field.html', 'form_show_errors': True, 'form_show_labels': True, 'label_class': '', 'form': <Contact bound=False, valid=False, fields=(name;email;phone;subject;message)>}, {'forloop': {'parentloop': {}, 'counter0': 2, 'counter': 3, 'revcounter': 3, 'revcounter0': 2, 'first': False, 'last': False}, 'field': <django.forms.boundfield.BoundField object at 0x7ff6f3f77c50>}, {}]
Exception while resolving variable 'help_text_inline' in template 'bootstrap5/uni_form.html'.
Traceback (most recent call last):
  File "/workspace/.pip-modules/lib/python3.12/site-packages/django/template/base.py", line 880, in _resolve_lookup
    current = current[bit]
              ~~~~~~~^^^^^
  File "/workspace/.pip-modules/lib/python3.12/site-packages/django/template/context.py", line 83, in __getitem__
    raise KeyError(key)
KeyError: 'help_text_inline'

During handling of the above exception, another exception occurred:

Traceback (most recent call last):
  File "/workspace/.pip-modules/lib/python3.12/site-packages/django/template/base.py", line 886, in _resolve_lookup
    if isinstance(current, BaseContext) and getattr(
                                            ^^^^^^^^
AttributeError: type object 'Context' has no attribute 'help_text_inline'

During handling of the above exception, another exception occurred:

Traceback (most recent call last):
  File "/workspace/.pip-modules/lib/python3.12/site-packages/django/template/base.py", line 896, in _resolve_lookup
    current = current[int(bit)]
                      ^^^^^^^^
ValueError: invalid literal for int() with base 10: 'help_text_inline'

During handling of the above exception, another exception occurred:

Traceback (most recent call last):
  File "/workspace/.pip-modules/lib/python3.12/site-packages/django/template/base.py", line 903, in _resolve_lookup
    raise VariableDoesNotExist(
django.template.base.VariableDoesNotExist: Failed lookup for key [help_text_inline] in [{'True': True, 'False': False, 'None': None}, {'field_class': '', 'field_template': 'bootstrap5/field.html', 'form_show_errors': True, 'form_show_labels': True, 'label_class': '', 'form': <Contact bound=False, valid=False, fields=(name;email;phone;subject;message)>}, {'forloop': {'parentloop': {}, 'counter0': 2, 'counter': 3, 'revcounter': 3, 'revcounter0': 2, 'first': False, 'last': False}, 'field': <django.forms.boundfield.BoundField object at 0x7ff6f3f77c50>}, {}, {}]
Exception while resolving variable 'error_text_inline' in template 'bootstrap5/uni_form.html'.
Traceback (most recent call last):
  File "/workspace/.pip-modules/lib/python3.12/site-packages/django/template/base.py", line 880, in _resolve_lookup
    current = current[bit]
              ~~~~~~~^^^^^
  File "/workspace/.pip-modules/lib/python3.12/site-packages/django/template/context.py", line 83, in __getitem__
    raise KeyError(key)
KeyError: 'error_text_inline'

During handling of the above exception, another exception occurred:

Traceback (most recent call last):
  File "/workspace/.pip-modules/lib/python3.12/site-packages/django/template/base.py", line 886, in _resolve_lookup
    if isinstance(current, BaseContext) and getattr(
                                            ^^^^^^^^
AttributeError: type object 'Context' has no attribute 'error_text_inline'

During handling of the above exception, another exception occurred:

Traceback (most recent call last):
  File "/workspace/.pip-modules/lib/python3.12/site-packages/django/template/base.py", line 896, in _resolve_lookup
    current = current[int(bit)]
                      ^^^^^^^^
ValueError: invalid literal for int() with base 10: 'error_text_inline'

During handling of the above exception, another exception occurred:

Traceback (most recent call last):
  File "/workspace/.pip-modules/lib/python3.12/site-packages/django/template/base.py", line 903, in _resolve_lookup
    raise VariableDoesNotExist(
django.template.base.VariableDoesNotExist: Failed lookup for key [error_text_inline] in [{'True': True, 'False': False, 'None': None}, {'field_class': '', 'field_template': 'bootstrap5/field.html', 'form_show_errors': True, 'form_show_labels': True, 'label_class': '', 'form': <Contact bound=False, valid=False, fields=(name;email;phone;subject;message)>}, {'forloop': {'parentloop': {}, 'counter0': 2, 'counter': 3, 'revcounter': 3, 'revcounter0': 2, 'first': False, 'last': False}, 'field': <django.forms.boundfield.BoundField object at 0x7ff6f3f77c50>}, {}, {}]
Exception while resolving variable 'help_text_inline' in template 'bootstrap5/uni_form.html'.
Traceback (most recent call last):
  File "/workspace/.pip-modules/lib/python3.12/site-packages/django/template/base.py", line 880, in _resolve_lookup
    current = current[bit]
              ~~~~~~~^^^^^
  File "/workspace/.pip-modules/lib/python3.12/site-packages/django/template/context.py", line 83, in __getitem__
    raise KeyError(key)
KeyError: 'help_text_inline'

During handling of the above exception, another exception occurred:

Traceback (most recent call last):
  File "/workspace/.pip-modules/lib/python3.12/site-packages/django/template/base.py", line 886, in _resolve_lookup
    if isinstance(current, BaseContext) and getattr(
                                            ^^^^^^^^
AttributeError: type object 'Context' has no attribute 'help_text_inline'

During handling of the above exception, another exception occurred:

Traceback (most recent call last):
  File "/workspace/.pip-modules/lib/python3.12/site-packages/django/template/base.py", line 896, in _resolve_lookup
    current = current[int(bit)]
                      ^^^^^^^^
ValueError: invalid literal for int() with base 10: 'help_text_inline'

During handling of the above exception, another exception occurred:

Traceback (most recent call last):
  File "/workspace/.pip-modules/lib/python3.12/site-packages/django/template/base.py", line 903, in _resolve_lookup
    raise VariableDoesNotExist(
django.template.base.VariableDoesNotExist: Failed lookup for key [help_text_inline] in [{'True': True, 'False': False, 'None': None}, {'field_class': '', 'field_template': 'bootstrap5/field.html', 'form_show_errors': True, 'form_show_labels': True, 'label_class': '', 'form': <Contact bound=False, valid=False, fields=(name;email;phone;subject;message)>}, {'forloop': {'parentloop': {}, 'counter0': 2, 'counter': 3, 'revcounter': 3, 'revcounter0': 2, 'first': False, 'last': False}, 'field': <django.forms.boundfield.BoundField object at 0x7ff6f3f77c50>}, {}, {}]
Exception while resolving variable 'tag' in template 'bootstrap5/uni_form.html'.
Traceback (most recent call last):
  File "/workspace/.pip-modules/lib/python3.12/site-packages/django/template/base.py", line 880, in _resolve_lookup
    current = current[bit]
              ~~~~~~~^^^^^
  File "/workspace/.pip-modules/lib/python3.12/site-packages/django/template/context.py", line 83, in __getitem__
    raise KeyError(key)
KeyError: 'tag'

During handling of the above exception, another exception occurred:

Traceback (most recent call last):
  File "/workspace/.pip-modules/lib/python3.12/site-packages/django/template/base.py", line 886, in _resolve_lookup
    if isinstance(current, BaseContext) and getattr(
                                            ^^^^^^^^
AttributeError: type object 'Context' has no attribute 'tag'

During handling of the above exception, another exception occurred:

Traceback (most recent call last):
  File "/workspace/.pip-modules/lib/python3.12/site-packages/django/template/base.py", line 896, in _resolve_lookup
    current = current[int(bit)]
                      ^^^^^^^^
ValueError: invalid literal for int() with base 10: 'tag'

During handling of the above exception, another exception occurred:

Traceback (most recent call last):
  File "/workspace/.pip-modules/lib/python3.12/site-packages/django/template/base.py", line 903, in _resolve_lookup
    raise VariableDoesNotExist(
django.template.base.VariableDoesNotExist: Failed lookup for key [tag] in [{'True': True, 'False': False, 'None': None}, {'field_class': '', 'field_template': 'bootstrap5/field.html', 'form_show_errors': True, 'form_show_labels': True, 'label_class': '', 'form': <Contact bound=False, valid=False, fields=(name;email;phone;subject;message)>}, {'forloop': {'parentloop': {}, 'counter0': 2, 'counter': 3, 'revcounter': 3, 'revcounter0': 2, 'first': False, 'last': False}, 'field': <django.forms.boundfield.BoundField object at 0x7ff6f3f77c50>}, {}]
Exception while resolving variable 'tag' in template 'bootstrap5/uni_form.html'.
Traceback (most recent call last):
  File "/workspace/.pip-modules/lib/python3.12/site-packages/django/template/base.py", line 880, in _resolve_lookup
    current = current[bit]
              ~~~~~~~^^^^^
  File "/workspace/.pip-modules/lib/python3.12/site-packages/django/template/context.py", line 83, in __getitem__
    raise KeyError(key)
KeyError: 'tag'

During handling of the above exception, another exception occurred:

Traceback (most recent call last):
  File "/workspace/.pip-modules/lib/python3.12/site-packages/django/template/base.py", line 886, in _resolve_lookup
    if isinstance(current, BaseContext) and getattr(
                                            ^^^^^^^^
AttributeError: type object 'Context' has no attribute 'tag'

During handling of the above exception, another exception occurred:

Traceback (most recent call last):
  File "/workspace/.pip-modules/lib/python3.12/site-packages/django/template/base.py", line 896, in _resolve_lookup
    current = current[int(bit)]
                      ^^^^^^^^
ValueError: invalid literal for int() with base 10: 'tag'

During handling of the above exception, another exception occurred:

Traceback (most recent call last):
  File "/workspace/.pip-modules/lib/python3.12/site-packages/django/template/base.py", line 903, in _resolve_lookup
    raise VariableDoesNotExist(
django.template.base.VariableDoesNotExist: Failed lookup for key [tag] in [{'True': True, 'False': False, 'None': None}, {'field_class': '', 'field_template': 'bootstrap5/field.html', 'form_show_errors': True, 'form_show_labels': True, 'label_class': '', 'form': <Contact bound=False, valid=False, fields=(name;email;phone;subject;message)>}, {'forloop': {'parentloop': {}, 'counter0': 3, 'counter': 4, 'revcounter': 2, 'revcounter0': 1, 'first': False, 'last': False}, 'field': <django.forms.boundfield.BoundField object at 0x7ff6f3f750a0>}, {}]
Exception while resolving variable 'form_class' in template 'bootstrap5/uni_form.html'.
Traceback (most recent call last):
  File "/workspace/.pip-modules/lib/python3.12/site-packages/django/template/base.py", line 880, in _resolve_lookup
    current = current[bit]
              ~~~~~~~^^^^^
  File "/workspace/.pip-modules/lib/python3.12/site-packages/django/template/context.py", line 83, in __getitem__
    raise KeyError(key)
KeyError: 'form_class'

During handling of the above exception, another exception occurred:

Traceback (most recent call last):
  File "/workspace/.pip-modules/lib/python3.12/site-packages/django/template/base.py", line 886, in _resolve_lookup
    if isinstance(current, BaseContext) and getattr(
                                            ^^^^^^^^
AttributeError: type object 'Context' has no attribute 'form_class'

During handling of the above exception, another exception occurred:

Traceback (most recent call last):
  File "/workspace/.pip-modules/lib/python3.12/site-packages/django/template/base.py", line 896, in _resolve_lookup
    current = current[int(bit)]
                      ^^^^^^^^
ValueError: invalid literal for int() with base 10: 'form_class'

During handling of the above exception, another exception occurred:

Traceback (most recent call last):
  File "/workspace/.pip-modules/lib/python3.12/site-packages/django/template/base.py", line 903, in _resolve_lookup
    raise VariableDoesNotExist(
django.template.base.VariableDoesNotExist: Failed lookup for key [form_class] in [{'True': True, 'False': False, 'None': None}, {'field_class': '', 'field_template': 'bootstrap5/field.html', 'form_show_errors': True, 'form_show_labels': True, 'label_class': '', 'form': <Contact bound=False, valid=False, fields=(name;email;phone;subject;message)>}, {'forloop': {'parentloop': {}, 'counter0': 3, 'counter': 4, 'revcounter': 2, 'revcounter0': 1, 'first': False, 'last': False}, 'field': <django.forms.boundfield.BoundField object at 0x7ff6f3f750a0>}, {}]
Exception while resolving variable 'wrapper_class' in template 'bootstrap5/uni_form.html'.
Traceback (most recent call last):
  File "/workspace/.pip-modules/lib/python3.12/site-packages/django/template/base.py", line 880, in _resolve_lookup
    current = current[bit]
              ~~~~~~~^^^^^
  File "/workspace/.pip-modules/lib/python3.12/site-packages/django/template/context.py", line 83, in __getitem__
    raise KeyError(key)
KeyError: 'wrapper_class'

During handling of the above exception, another exception occurred:

Traceback (most recent call last):
  File "/workspace/.pip-modules/lib/python3.12/site-packages/django/template/base.py", line 886, in _resolve_lookup
    if isinstance(current, BaseContext) and getattr(
                                            ^^^^^^^^
AttributeError: type object 'Context' has no attribute 'wrapper_class'

During handling of the above exception, another exception occurred:

Traceback (most recent call last):
  File "/workspace/.pip-modules/lib/python3.12/site-packages/django/template/base.py", line 896, in _resolve_lookup
    current = current[int(bit)]
                      ^^^^^^^^
ValueError: invalid literal for int() with base 10: 'wrapper_class'

During handling of the above exception, another exception occurred:

Traceback (most recent call last):
  File "/workspace/.pip-modules/lib/python3.12/site-packages/django/template/base.py", line 903, in _resolve_lookup
    raise VariableDoesNotExist(
django.template.base.VariableDoesNotExist: Failed lookup for key [wrapper_class] in [{'True': True, 'False': False, 'None': None}, {'field_class': '', 'field_template': 'bootstrap5/field.html', 'form_show_errors': True, 'form_show_labels': True, 'label_class': '', 'form': <Contact bound=False, valid=False, fields=(name;email;phone;subject;message)>}, {'forloop': {'parentloop': {}, 'counter0': 3, 'counter': 4, 'revcounter': 2, 'revcounter0': 1, 'first': False, 'last': False}, 'field': <django.forms.boundfield.BoundField object at 0x7ff6f3f750a0>}, {}]
Exception while resolving variable 'form_class' in template 'bootstrap5/uni_form.html'.
Traceback (most recent call last):
  File "/workspace/.pip-modules/lib/python3.12/site-packages/django/template/base.py", line 880, in _resolve_lookup
    current = current[bit]
              ~~~~~~~^^^^^
  File "/workspace/.pip-modules/lib/python3.12/site-packages/django/template/context.py", line 83, in __getitem__
    raise KeyError(key)
KeyError: 'form_class'

During handling of the above exception, another exception occurred:

Traceback (most recent call last):
  File "/workspace/.pip-modules/lib/python3.12/site-packages/django/template/base.py", line 886, in _resolve_lookup
    if isinstance(current, BaseContext) and getattr(
                                            ^^^^^^^^
AttributeError: type object 'Context' has no attribute 'form_class'

During handling of the above exception, another exception occurred:

Traceback (most recent call last):
  File "/workspace/.pip-modules/lib/python3.12/site-packages/django/template/base.py", line 896, in _resolve_lookup
    current = current[int(bit)]
                      ^^^^^^^^
ValueError: invalid literal for int() with base 10: 'form_class'

During handling of the above exception, another exception occurred:

Traceback (most recent call last):
  File "/workspace/.pip-modules/lib/python3.12/site-packages/django/template/base.py", line 903, in _resolve_lookup
    raise VariableDoesNotExist(
django.template.base.VariableDoesNotExist: Failed lookup for key [form_class] in [{'True': True, 'False': False, 'None': None}, {'field_class': '', 'field_template': 'bootstrap5/field.html', 'form_show_errors': True, 'form_show_labels': True, 'label_class': '', 'form': <Contact bound=False, valid=False, fields=(name;email;phone;subject;message)>}, {'forloop': {'parentloop': {}, 'counter0': 3, 'counter': 4, 'revcounter': 2, 'revcounter0': 1, 'first': False, 'last': False}, 'field': <django.forms.boundfield.BoundField object at 0x7ff6f3f750a0>}, {}]
Exception while resolving variable 'help_text_inline' in template 'bootstrap5/uni_form.html'.
Traceback (most recent call last):
  File "/workspace/.pip-modules/lib/python3.12/site-packages/django/template/base.py", line 880, in _resolve_lookup
    current = current[bit]
              ~~~~~~~^^^^^
  File "/workspace/.pip-modules/lib/python3.12/site-packages/django/template/context.py", line 83, in __getitem__
    raise KeyError(key)
KeyError: 'help_text_inline'

During handling of the above exception, another exception occurred:

Traceback (most recent call last):
  File "/workspace/.pip-modules/lib/python3.12/site-packages/django/template/base.py", line 886, in _resolve_lookup
    if isinstance(current, BaseContext) and getattr(
                                            ^^^^^^^^
AttributeError: type object 'Context' has no attribute 'help_text_inline'

During handling of the above exception, another exception occurred:

Traceback (most recent call last):
  File "/workspace/.pip-modules/lib/python3.12/site-packages/django/template/base.py", line 896, in _resolve_lookup
    current = current[int(bit)]
                      ^^^^^^^^
ValueError: invalid literal for int() with base 10: 'help_text_inline'

During handling of the above exception, another exception occurred:

Traceback (most recent call last):
  File "/workspace/.pip-modules/lib/python3.12/site-packages/django/template/base.py", line 903, in _resolve_lookup
    raise VariableDoesNotExist(
django.template.base.VariableDoesNotExist: Failed lookup for key [help_text_inline] in [{'True': True, 'False': False, 'None': None}, {'field_class': '', 'field_template': 'bootstrap5/field.html', 'form_show_errors': True, 'form_show_labels': True, 'label_class': '', 'form': <Contact bound=False, valid=False, fields=(name;email;phone;subject;message)>}, {'forloop': {'parentloop': {}, 'counter0': 3, 'counter': 4, 'revcounter': 2, 'revcounter0': 1, 'first': False, 'last': False}, 'field': <django.forms.boundfield.BoundField object at 0x7ff6f3f750a0>}, {}, {}]
Exception while resolving variable 'error_text_inline' in template 'bootstrap5/uni_form.html'.
Traceback (most recent call last):
  File "/workspace/.pip-modules/lib/python3.12/site-packages/django/template/base.py", line 880, in _resolve_lookup
    current = current[bit]
              ~~~~~~~^^^^^
  File "/workspace/.pip-modules/lib/python3.12/site-packages/django/template/context.py", line 83, in __getitem__
    raise KeyError(key)
KeyError: 'error_text_inline'

During handling of the above exception, another exception occurred:

Traceback (most recent call last):
  File "/workspace/.pip-modules/lib/python3.12/site-packages/django/template/base.py", line 886, in _resolve_lookup
    if isinstance(current, BaseContext) and getattr(
                                            ^^^^^^^^
AttributeError: type object 'Context' has no attribute 'error_text_inline'

During handling of the above exception, another exception occurred:

Traceback (most recent call last):
  File "/workspace/.pip-modules/lib/python3.12/site-packages/django/template/base.py", line 896, in _resolve_lookup
    current = current[int(bit)]
                      ^^^^^^^^
ValueError: invalid literal for int() with base 10: 'error_text_inline'

During handling of the above exception, another exception occurred:

Traceback (most recent call last):
  File "/workspace/.pip-modules/lib/python3.12/site-packages/django/template/base.py", line 903, in _resolve_lookup
    raise VariableDoesNotExist(
django.template.base.VariableDoesNotExist: Failed lookup for key [error_text_inline] in [{'True': True, 'False': False, 'None': None}, {'field_class': '', 'field_template': 'bootstrap5/field.html', 'form_show_errors': True, 'form_show_labels': True, 'label_class': '', 'form': <Contact bound=False, valid=False, fields=(name;email;phone;subject;message)>}, {'forloop': {'parentloop': {}, 'counter0': 3, 'counter': 4, 'revcounter': 2, 'revcounter0': 1, 'first': False, 'last': False}, 'field': <django.forms.boundfield.BoundField object at 0x7ff6f3f750a0>}, {}, {}]
Exception while resolving variable 'help_text_inline' in template 'bootstrap5/uni_form.html'.
Traceback (most recent call last):
  File "/workspace/.pip-modules/lib/python3.12/site-packages/django/template/base.py", line 880, in _resolve_lookup
    current = current[bit]
              ~~~~~~~^^^^^
  File "/workspace/.pip-modules/lib/python3.12/site-packages/django/template/context.py", line 83, in __getitem__
    raise KeyError(key)
KeyError: 'help_text_inline'

During handling of the above exception, another exception occurred:

Traceback (most recent call last):
  File "/workspace/.pip-modules/lib/python3.12/site-packages/django/template/base.py", line 886, in _resolve_lookup
    if isinstance(current, BaseContext) and getattr(
                                            ^^^^^^^^
AttributeError: type object 'Context' has no attribute 'help_text_inline'

During handling of the above exception, another exception occurred:

Traceback (most recent call last):
  File "/workspace/.pip-modules/lib/python3.12/site-packages/django/template/base.py", line 896, in _resolve_lookup
    current = current[int(bit)]
                      ^^^^^^^^
ValueError: invalid literal for int() with base 10: 'help_text_inline'

During handling of the above exception, another exception occurred:

Traceback (most recent call last):
  File "/workspace/.pip-modules/lib/python3.12/site-packages/django/template/base.py", line 903, in _resolve_lookup
    raise VariableDoesNotExist(
django.template.base.VariableDoesNotExist: Failed lookup for key [help_text_inline] in [{'True': True, 'False': False, 'None': None}, {'field_class': '', 'field_template': 'bootstrap5/field.html', 'form_show_errors': True, 'form_show_labels': True, 'label_class': '', 'form': <Contact bound=False, valid=False, fields=(name;email;phone;subject;message)>}, {'forloop': {'parentloop': {}, 'counter0': 3, 'counter': 4, 'revcounter': 2, 'revcounter0': 1, 'first': False, 'last': False}, 'field': <django.forms.boundfield.BoundField object at 0x7ff6f3f750a0>}, {}, {}]
Exception while resolving variable 'tag' in template 'bootstrap5/uni_form.html'.
Traceback (most recent call last):
  File "/workspace/.pip-modules/lib/python3.12/site-packages/django/template/base.py", line 880, in _resolve_lookup
    current = current[bit]
              ~~~~~~~^^^^^
  File "/workspace/.pip-modules/lib/python3.12/site-packages/django/template/context.py", line 83, in __getitem__
    raise KeyError(key)
KeyError: 'tag'

During handling of the above exception, another exception occurred:

Traceback (most recent call last):
  File "/workspace/.pip-modules/lib/python3.12/site-packages/django/template/base.py", line 886, in _resolve_lookup
    if isinstance(current, BaseContext) and getattr(
                                            ^^^^^^^^
AttributeError: type object 'Context' has no attribute 'tag'

During handling of the above exception, another exception occurred:

Traceback (most recent call last):
  File "/workspace/.pip-modules/lib/python3.12/site-packages/django/template/base.py", line 896, in _resolve_lookup
    current = current[int(bit)]
                      ^^^^^^^^
ValueError: invalid literal for int() with base 10: 'tag'

During handling of the above exception, another exception occurred:

Traceback (most recent call last):
  File "/workspace/.pip-modules/lib/python3.12/site-packages/django/template/base.py", line 903, in _resolve_lookup
    raise VariableDoesNotExist(
django.template.base.VariableDoesNotExist: Failed lookup for key [tag] in [{'True': True, 'False': False, 'None': None}, {'field_class': '', 'field_template': 'bootstrap5/field.html', 'form_show_errors': True, 'form_show_labels': True, 'label_class': '', 'form': <Contact bound=False, valid=False, fields=(name;email;phone;subject;message)>}, {'forloop': {'parentloop': {}, 'counter0': 3, 'counter': 4, 'revcounter': 2, 'revcounter0': 1, 'first': False, 'last': False}, 'field': <django.forms.boundfield.BoundField object at 0x7ff6f3f750a0>}, {}]
Exception while resolving variable 'tag' in template 'bootstrap5/uni_form.html'.
Traceback (most recent call last):
  File "/workspace/.pip-modules/lib/python3.12/site-packages/django/template/base.py", line 880, in _resolve_lookup
    current = current[bit]
              ~~~~~~~^^^^^
  File "/workspace/.pip-modules/lib/python3.12/site-packages/django/template/context.py", line 83, in __getitem__
    raise KeyError(key)
KeyError: 'tag'

During handling of the above exception, another exception occurred:

Traceback (most recent call last):
  File "/workspace/.pip-modules/lib/python3.12/site-packages/django/template/base.py", line 886, in _resolve_lookup
    if isinstance(current, BaseContext) and getattr(
                                            ^^^^^^^^
AttributeError: type object 'Context' has no attribute 'tag'

During handling of the above exception, another exception occurred:

Traceback (most recent call last):
  File "/workspace/.pip-modules/lib/python3.12/site-packages/django/template/base.py", line 896, in _resolve_lookup
    current = current[int(bit)]
                      ^^^^^^^^
ValueError: invalid literal for int() with base 10: 'tag'

During handling of the above exception, another exception occurred:

Traceback (most recent call last):
  File "/workspace/.pip-modules/lib/python3.12/site-packages/django/template/base.py", line 903, in _resolve_lookup
    raise VariableDoesNotExist(
django.template.base.VariableDoesNotExist: Failed lookup for key [tag] in [{'True': True, 'False': False, 'None': None}, {'field_class': '', 'field_template': 'bootstrap5/field.html', 'form_show_errors': True, 'form_show_labels': True, 'label_class': '', 'form': <Contact bound=False, valid=False, fields=(name;email;phone;subject;message)>}, {'forloop': {'parentloop': {}, 'counter0': 4, 'counter': 5, 'revcounter': 1, 'revcounter0': 0, 'first': False, 'last': True}, 'field': <django.forms.boundfield.BoundField object at 0x7ff6f3f740b0>}, {}]
Exception while resolving variable 'form_class' in template 'bootstrap5/uni_form.html'.
Traceback (most recent call last):
  File "/workspace/.pip-modules/lib/python3.12/site-packages/django/template/base.py", line 880, in _resolve_lookup
    current = current[bit]
              ~~~~~~~^^^^^
  File "/workspace/.pip-modules/lib/python3.12/site-packages/django/template/context.py", line 83, in __getitem__
    raise KeyError(key)
KeyError: 'form_class'

During handling of the above exception, another exception occurred:

Traceback (most recent call last):
  File "/workspace/.pip-modules/lib/python3.12/site-packages/django/template/base.py", line 886, in _resolve_lookup
    if isinstance(current, BaseContext) and getattr(
                                            ^^^^^^^^
AttributeError: type object 'Context' has no attribute 'form_class'

During handling of the above exception, another exception occurred:

Traceback (most recent call last):
  File "/workspace/.pip-modules/lib/python3.12/site-packages/django/template/base.py", line 896, in _resolve_lookup
    current = current[int(bit)]
                      ^^^^^^^^
ValueError: invalid literal for int() with base 10: 'form_class'

During handling of the above exception, another exception occurred:

Traceback (most recent call last):
  File "/workspace/.pip-modules/lib/python3.12/site-packages/django/template/base.py", line 903, in _resolve_lookup
    raise VariableDoesNotExist(
django.template.base.VariableDoesNotExist: Failed lookup for key [form_class] in [{'True': True, 'False': False, 'None': None}, {'field_class': '', 'field_template': 'bootstrap5/field.html', 'form_show_errors': True, 'form_show_labels': True, 'label_class': '', 'form': <Contact bound=False, valid=False, fields=(name;email;phone;subject;message)>}, {'forloop': {'parentloop': {}, 'counter0': 4, 'counter': 5, 'revcounter': 1, 'revcounter0': 0, 'first': False, 'last': True}, 'field': <django.forms.boundfield.BoundField object at 0x7ff6f3f740b0>}, {}]
Exception while resolving variable 'wrapper_class' in template 'bootstrap5/uni_form.html'.
Traceback (most recent call last):
  File "/workspace/.pip-modules/lib/python3.12/site-packages/django/template/base.py", line 880, in _resolve_lookup
    current = current[bit]
              ~~~~~~~^^^^^
  File "/workspace/.pip-modules/lib/python3.12/site-packages/django/template/context.py", line 83, in __getitem__
    raise KeyError(key)
KeyError: 'wrapper_class'

During handling of the above exception, another exception occurred:

Traceback (most recent call last):
  File "/workspace/.pip-modules/lib/python3.12/site-packages/django/template/base.py", line 886, in _resolve_lookup
    if isinstance(current, BaseContext) and getattr(
                                            ^^^^^^^^
AttributeError: type object 'Context' has no attribute 'wrapper_class'

During handling of the above exception, another exception occurred:

Traceback (most recent call last):
  File "/workspace/.pip-modules/lib/python3.12/site-packages/django/template/base.py", line 896, in _resolve_lookup
    current = current[int(bit)]
                      ^^^^^^^^
ValueError: invalid literal for int() with base 10: 'wrapper_class'

During handling of the above exception, another exception occurred:

Traceback (most recent call last):
  File "/workspace/.pip-modules/lib/python3.12/site-packages/django/template/base.py", line 903, in _resolve_lookup
    raise VariableDoesNotExist(
django.template.base.VariableDoesNotExist: Failed lookup for key [wrapper_class] in [{'True': True, 'False': False, 'None': None}, {'field_class': '', 'field_template': 'bootstrap5/field.html', 'form_show_errors': True, 'form_show_labels': True, 'label_class': '', 'form': <Contact bound=False, valid=False, fields=(name;email;phone;subject;message)>}, {'forloop': {'parentloop': {}, 'counter0': 4, 'counter': 5, 'revcounter': 1, 'revcounter0': 0, 'first': False, 'last': True}, 'field': <django.forms.boundfield.BoundField object at 0x7ff6f3f740b0>}, {}]
Exception while resolving variable 'form_class' in template 'bootstrap5/uni_form.html'.
Traceback (most recent call last):
  File "/workspace/.pip-modules/lib/python3.12/site-packages/django/template/base.py", line 880, in _resolve_lookup
    current = current[bit]
              ~~~~~~~^^^^^
  File "/workspace/.pip-modules/lib/python3.12/site-packages/django/template/context.py", line 83, in __getitem__
    raise KeyError(key)
KeyError: 'form_class'

During handling of the above exception, another exception occurred:

Traceback (most recent call last):
  File "/workspace/.pip-modules/lib/python3.12/site-packages/django/template/base.py", line 886, in _resolve_lookup
    if isinstance(current, BaseContext) and getattr(
                                            ^^^^^^^^
AttributeError: type object 'Context' has no attribute 'form_class'

During handling of the above exception, another exception occurred:

Traceback (most recent call last):
  File "/workspace/.pip-modules/lib/python3.12/site-packages/django/template/base.py", line 896, in _resolve_lookup
    current = current[int(bit)]
                      ^^^^^^^^
ValueError: invalid literal for int() with base 10: 'form_class'

During handling of the above exception, another exception occurred:

Traceback (most recent call last):
  File "/workspace/.pip-modules/lib/python3.12/site-packages/django/template/base.py", line 903, in _resolve_lookup
    raise VariableDoesNotExist(
django.template.base.VariableDoesNotExist: Failed lookup for key [form_class] in [{'True': True, 'False': False, 'None': None}, {'field_class': '', 'field_template': 'bootstrap5/field.html', 'form_show_errors': True, 'form_show_labels': True, 'label_class': '', 'form': <Contact bound=False, valid=False, fields=(name;email;phone;subject;message)>}, {'forloop': {'parentloop': {}, 'counter0': 4, 'counter': 5, 'revcounter': 1, 'revcounter0': 0, 'first': False, 'last': True}, 'field': <django.forms.boundfield.BoundField object at 0x7ff6f3f740b0>}, {}]
Exception while resolving variable 'help_text_inline' in template 'bootstrap5/uni_form.html'.
Traceback (most recent call last):
  File "/workspace/.pip-modules/lib/python3.12/site-packages/django/template/base.py", line 880, in _resolve_lookup
    current = current[bit]
              ~~~~~~~^^^^^
  File "/workspace/.pip-modules/lib/python3.12/site-packages/django/template/context.py", line 83, in __getitem__
    raise KeyError(key)
KeyError: 'help_text_inline'

During handling of the above exception, another exception occurred:

Traceback (most recent call last):
  File "/workspace/.pip-modules/lib/python3.12/site-packages/django/template/base.py", line 886, in _resolve_lookup
    if isinstance(current, BaseContext) and getattr(
                                            ^^^^^^^^
AttributeError: type object 'Context' has no attribute 'help_text_inline'

During handling of the above exception, another exception occurred:

Traceback (most recent call last):
  File "/workspace/.pip-modules/lib/python3.12/site-packages/django/template/base.py", line 896, in _resolve_lookup
    current = current[int(bit)]
                      ^^^^^^^^
ValueError: invalid literal for int() with base 10: 'help_text_inline'

During handling of the above exception, another exception occurred:

Traceback (most recent call last):
  File "/workspace/.pip-modules/lib/python3.12/site-packages/django/template/base.py", line 903, in _resolve_lookup
    raise VariableDoesNotExist(
django.template.base.VariableDoesNotExist: Failed lookup for key [help_text_inline] in [{'True': True, 'False': False, 'None': None}, {'field_class': '', 'field_template': 'bootstrap5/field.html', 'form_show_errors': True, 'form_show_labels': True, 'label_class': '', 'form': <Contact bound=False, valid=False, fields=(name;email;phone;subject;message)>}, {'forloop': {'parentloop': {}, 'counter0': 4, 'counter': 5, 'revcounter': 1, 'revcounter0': 0, 'first': False, 'last': True}, 'field': <django.forms.boundfield.BoundField object at 0x7ff6f3f740b0>}, {}, {}]
Exception while resolving variable 'error_text_inline' in template 'bootstrap5/uni_form.html'.
Traceback (most recent call last):
  File "/workspace/.pip-modules/lib/python3.12/site-packages/django/template/base.py", line 880, in _resolve_lookup
    current = current[bit]
              ~~~~~~~^^^^^
  File "/workspace/.pip-modules/lib/python3.12/site-packages/django/template/context.py", line 83, in __getitem__
    raise KeyError(key)
KeyError: 'error_text_inline'

During handling of the above exception, another exception occurred:

Traceback (most recent call last):
  File "/workspace/.pip-modules/lib/python3.12/site-packages/django/template/base.py", line 886, in _resolve_lookup
    if isinstance(current, BaseContext) and getattr(
                                            ^^^^^^^^
AttributeError: type object 'Context' has no attribute 'error_text_inline'

During handling of the above exception, another exception occurred:

Traceback (most recent call last):
  File "/workspace/.pip-modules/lib/python3.12/site-packages/django/template/base.py", line 896, in _resolve_lookup
    current = current[int(bit)]
                      ^^^^^^^^
ValueError: invalid literal for int() with base 10: 'error_text_inline'

During handling of the above exception, another exception occurred:

Traceback (most recent call last):
  File "/workspace/.pip-modules/lib/python3.12/site-packages/django/template/base.py", line 903, in _resolve_lookup
    raise VariableDoesNotExist(
django.template.base.VariableDoesNotExist: Failed lookup for key [error_text_inline] in [{'True': True, 'False': False, 'None': None}, {'field_class': '', 'field_template': 'bootstrap5/field.html', 'form_show_errors': True, 'form_show_labels': True, 'label_class': '', 'form': <Contact bound=False, valid=False, fields=(name;email;phone;subject;message)>}, {'forloop': {'parentloop': {}, 'counter0': 4, 'counter': 5, 'revcounter': 1, 'revcounter0': 0, 'first': False, 'last': True}, 'field': <django.forms.boundfield.BoundField object at 0x7ff6f3f740b0>}, {}, {}]
Exception while resolving variable 'help_text_inline' in template 'bootstrap5/uni_form.html'.
Traceback (most recent call last):
  File "/workspace/.pip-modules/lib/python3.12/site-packages/django/template/base.py", line 880, in _resolve_lookup
    current = current[bit]
              ~~~~~~~^^^^^
  File "/workspace/.pip-modules/lib/python3.12/site-packages/django/template/context.py", line 83, in __getitem__
    raise KeyError(key)
KeyError: 'help_text_inline'

During handling of the above exception, another exception occurred:

Traceback (most recent call last):
  File "/workspace/.pip-modules/lib/python3.12/site-packages/django/template/base.py", line 886, in _resolve_lookup
    if isinstance(current, BaseContext) and getattr(
                                            ^^^^^^^^
AttributeError: type object 'Context' has no attribute 'help_text_inline'

During handling of the above exception, another exception occurred:

Traceback (most recent call last):
  File "/workspace/.pip-modules/lib/python3.12/site-packages/django/template/base.py", line 896, in _resolve_lookup
    current = current[int(bit)]
                      ^^^^^^^^
ValueError: invalid literal for int() with base 10: 'help_text_inline'

During handling of the above exception, another exception occurred:

Traceback (most recent call last):
  File "/workspace/.pip-modules/lib/python3.12/site-packages/django/template/base.py", line 903, in _resolve_lookup
    raise VariableDoesNotExist(
django.template.base.VariableDoesNotExist: Failed lookup for key [help_text_inline] in [{'True': True, 'False': False, 'None': None}, {'field_class': '', 'field_template': 'bootstrap5/field.html', 'form_show_errors': True, 'form_show_labels': True, 'label_class': '', 'form': <Contact bound=False, valid=False, fields=(name;email;phone;subject;message)>}, {'forloop': {'parentloop': {}, 'counter0': 4, 'counter': 5, 'revcounter': 1, 'revcounter0': 0, 'first': False, 'last': True}, 'field': <django.forms.boundfield.BoundField object at 0x7ff6f3f740b0>}, {}, {}]
Exception while resolving variable 'tag' in template 'bootstrap5/uni_form.html'.
Traceback (most recent call last):
  File "/workspace/.pip-modules/lib/python3.12/site-packages/django/template/base.py", line 880, in _resolve_lookup
    current = current[bit]
              ~~~~~~~^^^^^
  File "/workspace/.pip-modules/lib/python3.12/site-packages/django/template/context.py", line 83, in __getitem__
    raise KeyError(key)
KeyError: 'tag'

During handling of the above exception, another exception occurred:

Traceback (most recent call last):
  File "/workspace/.pip-modules/lib/python3.12/site-packages/django/template/base.py", line 886, in _resolve_lookup
    if isinstance(current, BaseContext) and getattr(
                                            ^^^^^^^^
AttributeError: type object 'Context' has no attribute 'tag'

During handling of the above exception, another exception occurred:

Traceback (most recent call last):
  File "/workspace/.pip-modules/lib/python3.12/site-packages/django/template/base.py", line 896, in _resolve_lookup
    current = current[int(bit)]
                      ^^^^^^^^
ValueError: invalid literal for int() with base 10: 'tag'

During handling of the above exception, another exception occurred:

Traceback (most recent call last):
  File "/workspace/.pip-modules/lib/python3.12/site-packages/django/template/base.py", line 903, in _resolve_lookup
    raise VariableDoesNotExist(
django.template.base.VariableDoesNotExist: Failed lookup for key [tag] in [{'True': True, 'False': False, 'None': None}, {'field_class': '', 'field_template': 'bootstrap5/field.html', 'form_show_errors': True, 'form_show_labels': True, 'label_class': '', 'form': <Contact bound=False, valid=False, fields=(name;email;phone;subject;message)>}, {'forloop': {'parentloop': {}, 'counter0': 4, 'counter': 5, 'revcounter': 1, 'revcounter0': 0, 'first': False, 'last': True}, 'field': <django.forms.boundfield.BoundField object at 0x7ff6f3f740b0>}, {}]
"GET /contact/ HTTP/1.1" 200 9773
"GET /static/css/style.css HTTP/1.1" 200 3586
"GET /static/images/logo.png HTTP/1.1" 200 410803
"GET /static/js/script.js HTTP/1.1" 200 316
"GET /static/images/pizza-home.png HTTP/1.1" 200 8656238
Not Found: /favicon.ico
"GET /favicon.ico HTTP/1.1" 404 179
File /workspace/pauls-pizzeria/booking/templates/booking/booking.html previous mtime: 1724068844.688176, current mtime: 1724071532.1777864
/workspace/pauls-pizzeria/booking/templates/booking/booking.html notified as changed. Signal results: [(<function template_changed at 0x7ff6fa988cc0>, True), (<function translation_file_changed at 0x7ff6f96fab60>, None)].
Exception while resolving variable 'include_media' in template 'bootstrap5/uni_form.html'.
Traceback (most recent call last):
  File "/workspace/.pip-modules/lib/python3.12/site-packages/django/template/base.py", line 880, in _resolve_lookup
    current = current[bit]
              ~~~~~~~^^^^^
  File "/workspace/.pip-modules/lib/python3.12/site-packages/django/template/context.py", line 83, in __getitem__
    raise KeyError(key)
KeyError: 'include_media'

During handling of the above exception, another exception occurred:

Traceback (most recent call last):
  File "/workspace/.pip-modules/lib/python3.12/site-packages/django/template/base.py", line 886, in _resolve_lookup
    if isinstance(current, BaseContext) and getattr(
                                            ^^^^^^^^
AttributeError: type object 'Context' has no attribute 'include_media'

During handling of the above exception, another exception occurred:

Traceback (most recent call last):
  File "/workspace/.pip-modules/lib/python3.12/site-packages/django/template/base.py", line 896, in _resolve_lookup
    current = current[int(bit)]
                      ^^^^^^^^
ValueError: invalid literal for int() with base 10: 'include_media'

During handling of the above exception, another exception occurred:

Traceback (most recent call last):
  File "/workspace/.pip-modules/lib/python3.12/site-packages/django/template/base.py", line 903, in _resolve_lookup
    raise VariableDoesNotExist(
django.template.base.VariableDoesNotExist: Failed lookup for key [include_media] in [{'True': True, 'False': False, 'None': None}, {'field_class': '', 'field_template': 'bootstrap5/field.html', 'form_show_errors': True, 'form_show_labels': True, 'label_class': '', 'form': <BookingForm bound=False, valid=Unknown, fields=(name;email;phone;date;time;guests)>}]
Exception while resolving variable 'tag' in template 'bootstrap5/uni_form.html'.
Traceback (most recent call last):
  File "/workspace/.pip-modules/lib/python3.12/site-packages/django/template/base.py", line 880, in _resolve_lookup
    current = current[bit]
              ~~~~~~~^^^^^
  File "/workspace/.pip-modules/lib/python3.12/site-packages/django/template/context.py", line 83, in __getitem__
    raise KeyError(key)
KeyError: 'tag'

During handling of the above exception, another exception occurred:

Traceback (most recent call last):
  File "/workspace/.pip-modules/lib/python3.12/site-packages/django/template/base.py", line 886, in _resolve_lookup
    if isinstance(current, BaseContext) and getattr(
                                            ^^^^^^^^
AttributeError: type object 'Context' has no attribute 'tag'

During handling of the above exception, another exception occurred:

Traceback (most recent call last):
  File "/workspace/.pip-modules/lib/python3.12/site-packages/django/template/base.py", line 896, in _resolve_lookup
    current = current[int(bit)]
                      ^^^^^^^^
ValueError: invalid literal for int() with base 10: 'tag'

During handling of the above exception, another exception occurred:

Traceback (most recent call last):
  File "/workspace/.pip-modules/lib/python3.12/site-packages/django/template/base.py", line 903, in _resolve_lookup
    raise VariableDoesNotExist(
django.template.base.VariableDoesNotExist: Failed lookup for key [tag] in [{'True': True, 'False': False, 'None': None}, {'field_class': '', 'field_template': 'bootstrap5/field.html', 'form_show_errors': True, 'form_show_labels': True, 'label_class': '', 'form': <BookingForm bound=False, valid=False, fields=(name;email;phone;date;time;guests)>}, {'forloop': {'parentloop': {}, 'counter0': 0, 'counter': 1, 'revcounter': 6, 'revcounter0': 5, 'first': True, 'last': False}, 'field': <django.forms.boundfield.BoundField object at 0x7ff6f3f6d490>}, {}]
Exception while resolving variable 'form_class' in template 'bootstrap5/uni_form.html'.
Traceback (most recent call last):
  File "/workspace/.pip-modules/lib/python3.12/site-packages/django/template/base.py", line 880, in _resolve_lookup
    current = current[bit]
              ~~~~~~~^^^^^
  File "/workspace/.pip-modules/lib/python3.12/site-packages/django/template/context.py", line 83, in __getitem__
    raise KeyError(key)
KeyError: 'form_class'

During handling of the above exception, another exception occurred:

Traceback (most recent call last):
  File "/workspace/.pip-modules/lib/python3.12/site-packages/django/template/base.py", line 886, in _resolve_lookup
    if isinstance(current, BaseContext) and getattr(
                                            ^^^^^^^^
AttributeError: type object 'Context' has no attribute 'form_class'

During handling of the above exception, another exception occurred:

Traceback (most recent call last):
  File "/workspace/.pip-modules/lib/python3.12/site-packages/django/template/base.py", line 896, in _resolve_lookup
    current = current[int(bit)]
                      ^^^^^^^^
ValueError: invalid literal for int() with base 10: 'form_class'

During handling of the above exception, another exception occurred:

Traceback (most recent call last):
  File "/workspace/.pip-modules/lib/python3.12/site-packages/django/template/base.py", line 903, in _resolve_lookup
    raise VariableDoesNotExist(
django.template.base.VariableDoesNotExist: Failed lookup for key [form_class] in [{'True': True, 'False': False, 'None': None}, {'field_class': '', 'field_template': 'bootstrap5/field.html', 'form_show_errors': True, 'form_show_labels': True, 'label_class': '', 'form': <BookingForm bound=False, valid=False, fields=(name;email;phone;date;time;guests)>}, {'forloop': {'parentloop': {}, 'counter0': 0, 'counter': 1, 'revcounter': 6, 'revcounter0': 5, 'first': True, 'last': False}, 'field': <django.forms.boundfield.BoundField object at 0x7ff6f3f6d490>}, {}]
Exception while resolving variable 'wrapper_class' in template 'bootstrap5/uni_form.html'.
Traceback (most recent call last):
  File "/workspace/.pip-modules/lib/python3.12/site-packages/django/template/base.py", line 880, in _resolve_lookup
    current = current[bit]
              ~~~~~~~^^^^^
  File "/workspace/.pip-modules/lib/python3.12/site-packages/django/template/context.py", line 83, in __getitem__
    raise KeyError(key)
KeyError: 'wrapper_class'

During handling of the above exception, another exception occurred:

Traceback (most recent call last):
  File "/workspace/.pip-modules/lib/python3.12/site-packages/django/template/base.py", line 886, in _resolve_lookup
    if isinstance(current, BaseContext) and getattr(
                                            ^^^^^^^^
AttributeError: type object 'Context' has no attribute 'wrapper_class'

During handling of the above exception, another exception occurred:

Traceback (most recent call last):
  File "/workspace/.pip-modules/lib/python3.12/site-packages/django/template/base.py", line 896, in _resolve_lookup
    current = current[int(bit)]
                      ^^^^^^^^
ValueError: invalid literal for int() with base 10: 'wrapper_class'

During handling of the above exception, another exception occurred:

Traceback (most recent call last):
  File "/workspace/.pip-modules/lib/python3.12/site-packages/django/template/base.py", line 903, in _resolve_lookup
    raise VariableDoesNotExist(
django.template.base.VariableDoesNotExist: Failed lookup for key [wrapper_class] in [{'True': True, 'False': False, 'None': None}, {'field_class': '', 'field_template': 'bootstrap5/field.html', 'form_show_errors': True, 'form_show_labels': True, 'label_class': '', 'form': <BookingForm bound=False, valid=False, fields=(name;email;phone;date;time;guests)>}, {'forloop': {'parentloop': {}, 'counter0': 0, 'counter': 1, 'revcounter': 6, 'revcounter0': 5, 'first': True, 'last': False}, 'field': <django.forms.boundfield.BoundField object at 0x7ff6f3f6d490>}, {}]
Exception while resolving variable 'form_class' in template 'bootstrap5/uni_form.html'.
Traceback (most recent call last):
  File "/workspace/.pip-modules/lib/python3.12/site-packages/django/template/base.py", line 880, in _resolve_lookup
    current = current[bit]
              ~~~~~~~^^^^^
  File "/workspace/.pip-modules/lib/python3.12/site-packages/django/template/context.py", line 83, in __getitem__
    raise KeyError(key)
KeyError: 'form_class'

During handling of the above exception, another exception occurred:

Traceback (most recent call last):
  File "/workspace/.pip-modules/lib/python3.12/site-packages/django/template/base.py", line 886, in _resolve_lookup
    if isinstance(current, BaseContext) and getattr(
                                            ^^^^^^^^
AttributeError: type object 'Context' has no attribute 'form_class'

During handling of the above exception, another exception occurred:

Traceback (most recent call last):
  File "/workspace/.pip-modules/lib/python3.12/site-packages/django/template/base.py", line 896, in _resolve_lookup
    current = current[int(bit)]
                      ^^^^^^^^
ValueError: invalid literal for int() with base 10: 'form_class'

During handling of the above exception, another exception occurred:

Traceback (most recent call last):
  File "/workspace/.pip-modules/lib/python3.12/site-packages/django/template/base.py", line 903, in _resolve_lookup
    raise VariableDoesNotExist(
django.template.base.VariableDoesNotExist: Failed lookup for key [form_class] in [{'True': True, 'False': False, 'None': None}, {'field_class': '', 'field_template': 'bootstrap5/field.html', 'form_show_errors': True, 'form_show_labels': True, 'label_class': '', 'form': <BookingForm bound=False, valid=False, fields=(name;email;phone;date;time;guests)>}, {'forloop': {'parentloop': {}, 'counter0': 0, 'counter': 1, 'revcounter': 6, 'revcounter0': 5, 'first': True, 'last': False}, 'field': <django.forms.boundfield.BoundField object at 0x7ff6f3f6d490>}, {}]
Exception while resolving variable 'help_text_inline' in template 'bootstrap5/uni_form.html'.
Traceback (most recent call last):
  File "/workspace/.pip-modules/lib/python3.12/site-packages/django/template/base.py", line 880, in _resolve_lookup
    current = current[bit]
              ~~~~~~~^^^^^
  File "/workspace/.pip-modules/lib/python3.12/site-packages/django/template/context.py", line 83, in __getitem__
    raise KeyError(key)
KeyError: 'help_text_inline'

During handling of the above exception, another exception occurred:

Traceback (most recent call last):
  File "/workspace/.pip-modules/lib/python3.12/site-packages/django/template/base.py", line 886, in _resolve_lookup
    if isinstance(current, BaseContext) and getattr(
                                            ^^^^^^^^
AttributeError: type object 'Context' has no attribute 'help_text_inline'

During handling of the above exception, another exception occurred:

Traceback (most recent call last):
  File "/workspace/.pip-modules/lib/python3.12/site-packages/django/template/base.py", line 896, in _resolve_lookup
    current = current[int(bit)]
                      ^^^^^^^^
ValueError: invalid literal for int() with base 10: 'help_text_inline'

During handling of the above exception, another exception occurred:

Traceback (most recent call last):
  File "/workspace/.pip-modules/lib/python3.12/site-packages/django/template/base.py", line 903, in _resolve_lookup
    raise VariableDoesNotExist(
django.template.base.VariableDoesNotExist: Failed lookup for key [help_text_inline] in [{'True': True, 'False': False, 'None': None}, {'field_class': '', 'field_template': 'bootstrap5/field.html', 'form_show_errors': True, 'form_show_labels': True, 'label_class': '', 'form': <BookingForm bound=False, valid=False, fields=(name;email;phone;date;time;guests)>}, {'forloop': {'parentloop': {}, 'counter0': 0, 'counter': 1, 'revcounter': 6, 'revcounter0': 5, 'first': True, 'last': False}, 'field': <django.forms.boundfield.BoundField object at 0x7ff6f3f6d490>}, {}, {}]
Exception while resolving variable 'error_text_inline' in template 'bootstrap5/uni_form.html'.
Traceback (most recent call last):
  File "/workspace/.pip-modules/lib/python3.12/site-packages/django/template/base.py", line 880, in _resolve_lookup
    current = current[bit]
              ~~~~~~~^^^^^
  File "/workspace/.pip-modules/lib/python3.12/site-packages/django/template/context.py", line 83, in __getitem__
    raise KeyError(key)
KeyError: 'error_text_inline'

During handling of the above exception, another exception occurred:

Traceback (most recent call last):
  File "/workspace/.pip-modules/lib/python3.12/site-packages/django/template/base.py", line 886, in _resolve_lookup
    if isinstance(current, BaseContext) and getattr(
                                            ^^^^^^^^
AttributeError: type object 'Context' has no attribute 'error_text_inline'

During handling of the above exception, another exception occurred:

Traceback (most recent call last):
  File "/workspace/.pip-modules/lib/python3.12/site-packages/django/template/base.py", line 896, in _resolve_lookup
    current = current[int(bit)]
                      ^^^^^^^^
ValueError: invalid literal for int() with base 10: 'error_text_inline'

During handling of the above exception, another exception occurred:

Traceback (most recent call last):
  File "/workspace/.pip-modules/lib/python3.12/site-packages/django/template/base.py", line 903, in _resolve_lookup
    raise VariableDoesNotExist(
django.template.base.VariableDoesNotExist: Failed lookup for key [error_text_inline] in [{'True': True, 'False': False, 'None': None}, {'field_class': '', 'field_template': 'bootstrap5/field.html', 'form_show_errors': True, 'form_show_labels': True, 'label_class': '', 'form': <BookingForm bound=False, valid=False, fields=(name;email;phone;date;time;guests)>}, {'forloop': {'parentloop': {}, 'counter0': 0, 'counter': 1, 'revcounter': 6, 'revcounter0': 5, 'first': True, 'last': False}, 'field': <django.forms.boundfield.BoundField object at 0x7ff6f3f6d490>}, {}, {}]
Exception while resolving variable 'help_text_inline' in template 'bootstrap5/uni_form.html'.
Traceback (most recent call last):
  File "/workspace/.pip-modules/lib/python3.12/site-packages/django/template/base.py", line 880, in _resolve_lookup
    current = current[bit]
              ~~~~~~~^^^^^
  File "/workspace/.pip-modules/lib/python3.12/site-packages/django/template/context.py", line 83, in __getitem__
    raise KeyError(key)
KeyError: 'help_text_inline'

During handling of the above exception, another exception occurred:

Traceback (most recent call last):
  File "/workspace/.pip-modules/lib/python3.12/site-packages/django/template/base.py", line 886, in _resolve_lookup
    if isinstance(current, BaseContext) and getattr(
                                            ^^^^^^^^
AttributeError: type object 'Context' has no attribute 'help_text_inline'

During handling of the above exception, another exception occurred:

Traceback (most recent call last):
  File "/workspace/.pip-modules/lib/python3.12/site-packages/django/template/base.py", line 896, in _resolve_lookup
    current = current[int(bit)]
                      ^^^^^^^^
ValueError: invalid literal for int() with base 10: 'help_text_inline'

During handling of the above exception, another exception occurred:

Traceback (most recent call last):
  File "/workspace/.pip-modules/lib/python3.12/site-packages/django/template/base.py", line 903, in _resolve_lookup
    raise VariableDoesNotExist(
django.template.base.VariableDoesNotExist: Failed lookup for key [help_text_inline] in [{'True': True, 'False': False, 'None': None}, {'field_class': '', 'field_template': 'bootstrap5/field.html', 'form_show_errors': True, 'form_show_labels': True, 'label_class': '', 'form': <BookingForm bound=False, valid=False, fields=(name;email;phone;date;time;guests)>}, {'forloop': {'parentloop': {}, 'counter0': 0, 'counter': 1, 'revcounter': 6, 'revcounter0': 5, 'first': True, 'last': False}, 'field': <django.forms.boundfield.BoundField object at 0x7ff6f3f6d490>}, {}, {}]
Exception while resolving variable 'tag' in template 'bootstrap5/uni_form.html'.
Traceback (most recent call last):
  File "/workspace/.pip-modules/lib/python3.12/site-packages/django/template/base.py", line 880, in _resolve_lookup
    current = current[bit]
              ~~~~~~~^^^^^
  File "/workspace/.pip-modules/lib/python3.12/site-packages/django/template/context.py", line 83, in __getitem__
    raise KeyError(key)
KeyError: 'tag'

During handling of the above exception, another exception occurred:

Traceback (most recent call last):
  File "/workspace/.pip-modules/lib/python3.12/site-packages/django/template/base.py", line 886, in _resolve_lookup
    if isinstance(current, BaseContext) and getattr(
                                            ^^^^^^^^
AttributeError: type object 'Context' has no attribute 'tag'

During handling of the above exception, another exception occurred:

Traceback (most recent call last):
  File "/workspace/.pip-modules/lib/python3.12/site-packages/django/template/base.py", line 896, in _resolve_lookup
    current = current[int(bit)]
                      ^^^^^^^^
ValueError: invalid literal for int() with base 10: 'tag'

During handling of the above exception, another exception occurred:

Traceback (most recent call last):
  File "/workspace/.pip-modules/lib/python3.12/site-packages/django/template/base.py", line 903, in _resolve_lookup
    raise VariableDoesNotExist(
django.template.base.VariableDoesNotExist: Failed lookup for key [tag] in [{'True': True, 'False': False, 'None': None}, {'field_class': '', 'field_template': 'bootstrap5/field.html', 'form_show_errors': True, 'form_show_labels': True, 'label_class': '', 'form': <BookingForm bound=False, valid=False, fields=(name;email;phone;date;time;guests)>}, {'forloop': {'parentloop': {}, 'counter0': 0, 'counter': 1, 'revcounter': 6, 'revcounter0': 5, 'first': True, 'last': False}, 'field': <django.forms.boundfield.BoundField object at 0x7ff6f3f6d490>}, {}]
Exception while resolving variable 'tag' in template 'bootstrap5/uni_form.html'.
Traceback (most recent call last):
  File "/workspace/.pip-modules/lib/python3.12/site-packages/django/template/base.py", line 880, in _resolve_lookup
    current = current[bit]
              ~~~~~~~^^^^^
  File "/workspace/.pip-modules/lib/python3.12/site-packages/django/template/context.py", line 83, in __getitem__
    raise KeyError(key)
KeyError: 'tag'

During handling of the above exception, another exception occurred:

Traceback (most recent call last):
  File "/workspace/.pip-modules/lib/python3.12/site-packages/django/template/base.py", line 886, in _resolve_lookup
    if isinstance(current, BaseContext) and getattr(
                                            ^^^^^^^^
AttributeError: type object 'Context' has no attribute 'tag'

During handling of the above exception, another exception occurred:

Traceback (most recent call last):
  File "/workspace/.pip-modules/lib/python3.12/site-packages/django/template/base.py", line 896, in _resolve_lookup
    current = current[int(bit)]
                      ^^^^^^^^
ValueError: invalid literal for int() with base 10: 'tag'

During handling of the above exception, another exception occurred:

Traceback (most recent call last):
  File "/workspace/.pip-modules/lib/python3.12/site-packages/django/template/base.py", line 903, in _resolve_lookup
    raise VariableDoesNotExist(
django.template.base.VariableDoesNotExist: Failed lookup for key [tag] in [{'True': True, 'False': False, 'None': None}, {'field_class': '', 'field_template': 'bootstrap5/field.html', 'form_show_errors': True, 'form_show_labels': True, 'label_class': '', 'form': <BookingForm bound=False, valid=False, fields=(name;email;phone;date;time;guests)>}, {'forloop': {'parentloop': {}, 'counter0': 1, 'counter': 2, 'revcounter': 5, 'revcounter0': 4, 'first': False, 'last': False}, 'field': <django.forms.boundfield.BoundField object at 0x7ff6f3f6d400>}, {}]
Exception while resolving variable 'form_class' in template 'bootstrap5/uni_form.html'.
Traceback (most recent call last):
  File "/workspace/.pip-modules/lib/python3.12/site-packages/django/template/base.py", line 880, in _resolve_lookup
    current = current[bit]
              ~~~~~~~^^^^^
  File "/workspace/.pip-modules/lib/python3.12/site-packages/django/template/context.py", line 83, in __getitem__
    raise KeyError(key)
KeyError: 'form_class'

During handling of the above exception, another exception occurred:

Traceback (most recent call last):
  File "/workspace/.pip-modules/lib/python3.12/site-packages/django/template/base.py", line 886, in _resolve_lookup
    if isinstance(current, BaseContext) and getattr(
                                            ^^^^^^^^
AttributeError: type object 'Context' has no attribute 'form_class'

During handling of the above exception, another exception occurred:

Traceback (most recent call last):
  File "/workspace/.pip-modules/lib/python3.12/site-packages/django/template/base.py", line 896, in _resolve_lookup
    current = current[int(bit)]
                      ^^^^^^^^
ValueError: invalid literal for int() with base 10: 'form_class'

During handling of the above exception, another exception occurred:

Traceback (most recent call last):
  File "/workspace/.pip-modules/lib/python3.12/site-packages/django/template/base.py", line 903, in _resolve_lookup
    raise VariableDoesNotExist(
django.template.base.VariableDoesNotExist: Failed lookup for key [form_class] in [{'True': True, 'False': False, 'None': None}, {'field_class': '', 'field_template': 'bootstrap5/field.html', 'form_show_errors': True, 'form_show_labels': True, 'label_class': '', 'form': <BookingForm bound=False, valid=False, fields=(name;email;phone;date;time;guests)>}, {'forloop': {'parentloop': {}, 'counter0': 1, 'counter': 2, 'revcounter': 5, 'revcounter0': 4, 'first': False, 'last': False}, 'field': <django.forms.boundfield.BoundField object at 0x7ff6f3f6d400>}, {}]
Exception while resolving variable 'wrapper_class' in template 'bootstrap5/uni_form.html'.
Traceback (most recent call last):
  File "/workspace/.pip-modules/lib/python3.12/site-packages/django/template/base.py", line 880, in _resolve_lookup
    current = current[bit]
              ~~~~~~~^^^^^
  File "/workspace/.pip-modules/lib/python3.12/site-packages/django/template/context.py", line 83, in __getitem__
    raise KeyError(key)
KeyError: 'wrapper_class'

During handling of the above exception, another exception occurred:

Traceback (most recent call last):
  File "/workspace/.pip-modules/lib/python3.12/site-packages/django/template/base.py", line 886, in _resolve_lookup
    if isinstance(current, BaseContext) and getattr(
                                            ^^^^^^^^
AttributeError: type object 'Context' has no attribute 'wrapper_class'

During handling of the above exception, another exception occurred:

Traceback (most recent call last):
  File "/workspace/.pip-modules/lib/python3.12/site-packages/django/template/base.py", line 896, in _resolve_lookup
    current = current[int(bit)]
                      ^^^^^^^^
ValueError: invalid literal for int() with base 10: 'wrapper_class'

During handling of the above exception, another exception occurred:

Traceback (most recent call last):
  File "/workspace/.pip-modules/lib/python3.12/site-packages/django/template/base.py", line 903, in _resolve_lookup
    raise VariableDoesNotExist(
django.template.base.VariableDoesNotExist: Failed lookup for key [wrapper_class] in [{'True': True, 'False': False, 'None': None}, {'field_class': '', 'field_template': 'bootstrap5/field.html', 'form_show_errors': True, 'form_show_labels': True, 'label_class': '', 'form': <BookingForm bound=False, valid=False, fields=(name;email;phone;date;time;guests)>}, {'forloop': {'parentloop': {}, 'counter0': 1, 'counter': 2, 'revcounter': 5, 'revcounter0': 4, 'first': False, 'last': False}, 'field': <django.forms.boundfield.BoundField object at 0x7ff6f3f6d400>}, {}]
Exception while resolving variable 'form_class' in template 'bootstrap5/uni_form.html'.
Traceback (most recent call last):
  File "/workspace/.pip-modules/lib/python3.12/site-packages/django/template/base.py", line 880, in _resolve_lookup
    current = current[bit]
              ~~~~~~~^^^^^
  File "/workspace/.pip-modules/lib/python3.12/site-packages/django/template/context.py", line 83, in __getitem__
    raise KeyError(key)
KeyError: 'form_class'

During handling of the above exception, another exception occurred:

Traceback (most recent call last):
  File "/workspace/.pip-modules/lib/python3.12/site-packages/django/template/base.py", line 886, in _resolve_lookup
    if isinstance(current, BaseContext) and getattr(
                                            ^^^^^^^^
AttributeError: type object 'Context' has no attribute 'form_class'

During handling of the above exception, another exception occurred:

Traceback (most recent call last):
  File "/workspace/.pip-modules/lib/python3.12/site-packages/django/template/base.py", line 896, in _resolve_lookup
    current = current[int(bit)]
                      ^^^^^^^^
ValueError: invalid literal for int() with base 10: 'form_class'

During handling of the above exception, another exception occurred:

Traceback (most recent call last):
  File "/workspace/.pip-modules/lib/python3.12/site-packages/django/template/base.py", line 903, in _resolve_lookup
    raise VariableDoesNotExist(
django.template.base.VariableDoesNotExist: Failed lookup for key [form_class] in [{'True': True, 'False': False, 'None': None}, {'field_class': '', 'field_template': 'bootstrap5/field.html', 'form_show_errors': True, 'form_show_labels': True, 'label_class': '', 'form': <BookingForm bound=False, valid=False, fields=(name;email;phone;date;time;guests)>}, {'forloop': {'parentloop': {}, 'counter0': 1, 'counter': 2, 'revcounter': 5, 'revcounter0': 4, 'first': False, 'last': False}, 'field': <django.forms.boundfield.BoundField object at 0x7ff6f3f6d400>}, {}]
Exception while resolving variable 'help_text_inline' in template 'bootstrap5/uni_form.html'.
Traceback (most recent call last):
  File "/workspace/.pip-modules/lib/python3.12/site-packages/django/template/base.py", line 880, in _resolve_lookup
    current = current[bit]
              ~~~~~~~^^^^^
  File "/workspace/.pip-modules/lib/python3.12/site-packages/django/template/context.py", line 83, in __getitem__
    raise KeyError(key)
KeyError: 'help_text_inline'

During handling of the above exception, another exception occurred:

Traceback (most recent call last):
  File "/workspace/.pip-modules/lib/python3.12/site-packages/django/template/base.py", line 886, in _resolve_lookup
    if isinstance(current, BaseContext) and getattr(
                                            ^^^^^^^^
AttributeError: type object 'Context' has no attribute 'help_text_inline'

During handling of the above exception, another exception occurred:

Traceback (most recent call last):
  File "/workspace/.pip-modules/lib/python3.12/site-packages/django/template/base.py", line 896, in _resolve_lookup
    current = current[int(bit)]
                      ^^^^^^^^
ValueError: invalid literal for int() with base 10: 'help_text_inline'

During handling of the above exception, another exception occurred:

Traceback (most recent call last):
  File "/workspace/.pip-modules/lib/python3.12/site-packages/django/template/base.py", line 903, in _resolve_lookup
    raise VariableDoesNotExist(
django.template.base.VariableDoesNotExist: Failed lookup for key [help_text_inline] in [{'True': True, 'False': False, 'None': None}, {'field_class': '', 'field_template': 'bootstrap5/field.html', 'form_show_errors': True, 'form_show_labels': True, 'label_class': '', 'form': <BookingForm bound=False, valid=False, fields=(name;email;phone;date;time;guests)>}, {'forloop': {'parentloop': {}, 'counter0': 1, 'counter': 2, 'revcounter': 5, 'revcounter0': 4, 'first': False, 'last': False}, 'field': <django.forms.boundfield.BoundField object at 0x7ff6f3f6d400>}, {}, {}]
Exception while resolving variable 'error_text_inline' in template 'bootstrap5/uni_form.html'.
Traceback (most recent call last):
  File "/workspace/.pip-modules/lib/python3.12/site-packages/django/template/base.py", line 880, in _resolve_lookup
    current = current[bit]
              ~~~~~~~^^^^^
  File "/workspace/.pip-modules/lib/python3.12/site-packages/django/template/context.py", line 83, in __getitem__
    raise KeyError(key)
KeyError: 'error_text_inline'

During handling of the above exception, another exception occurred:

Traceback (most recent call last):
  File "/workspace/.pip-modules/lib/python3.12/site-packages/django/template/base.py", line 886, in _resolve_lookup
    if isinstance(current, BaseContext) and getattr(
                                            ^^^^^^^^
AttributeError: type object 'Context' has no attribute 'error_text_inline'

During handling of the above exception, another exception occurred:

Traceback (most recent call last):
  File "/workspace/.pip-modules/lib/python3.12/site-packages/django/template/base.py", line 896, in _resolve_lookup
    current = current[int(bit)]
                      ^^^^^^^^
ValueError: invalid literal for int() with base 10: 'error_text_inline'

During handling of the above exception, another exception occurred:

Traceback (most recent call last):
  File "/workspace/.pip-modules/lib/python3.12/site-packages/django/template/base.py", line 903, in _resolve_lookup
    raise VariableDoesNotExist(
django.template.base.VariableDoesNotExist: Failed lookup for key [error_text_inline] in [{'True': True, 'False': False, 'None': None}, {'field_class': '', 'field_template': 'bootstrap5/field.html', 'form_show_errors': True, 'form_show_labels': True, 'label_class': '', 'form': <BookingForm bound=False, valid=False, fields=(name;email;phone;date;time;guests)>}, {'forloop': {'parentloop': {}, 'counter0': 1, 'counter': 2, 'revcounter': 5, 'revcounter0': 4, 'first': False, 'last': False}, 'field': <django.forms.boundfield.BoundField object at 0x7ff6f3f6d400>}, {}, {}]
Exception while resolving variable 'help_text_inline' in template 'bootstrap5/uni_form.html'.
Traceback (most recent call last):
  File "/workspace/.pip-modules/lib/python3.12/site-packages/django/template/base.py", line 880, in _resolve_lookup
    current = current[bit]
              ~~~~~~~^^^^^
  File "/workspace/.pip-modules/lib/python3.12/site-packages/django/template/context.py", line 83, in __getitem__
    raise KeyError(key)
KeyError: 'help_text_inline'

During handling of the above exception, another exception occurred:

Traceback (most recent call last):
  File "/workspace/.pip-modules/lib/python3.12/site-packages/django/template/base.py", line 886, in _resolve_lookup
    if isinstance(current, BaseContext) and getattr(
                                            ^^^^^^^^
AttributeError: type object 'Context' has no attribute 'help_text_inline'

During handling of the above exception, another exception occurred:

Traceback (most recent call last):
  File "/workspace/.pip-modules/lib/python3.12/site-packages/django/template/base.py", line 896, in _resolve_lookup
    current = current[int(bit)]
                      ^^^^^^^^
ValueError: invalid literal for int() with base 10: 'help_text_inline'

During handling of the above exception, another exception occurred:

Traceback (most recent call last):
  File "/workspace/.pip-modules/lib/python3.12/site-packages/django/template/base.py", line 903, in _resolve_lookup
    raise VariableDoesNotExist(
django.template.base.VariableDoesNotExist: Failed lookup for key [help_text_inline] in [{'True': True, 'False': False, 'None': None}, {'field_class': '', 'field_template': 'bootstrap5/field.html', 'form_show_errors': True, 'form_show_labels': True, 'label_class': '', 'form': <BookingForm bound=False, valid=False, fields=(name;email;phone;date;time;guests)>}, {'forloop': {'parentloop': {}, 'counter0': 1, 'counter': 2, 'revcounter': 5, 'revcounter0': 4, 'first': False, 'last': False}, 'field': <django.forms.boundfield.BoundField object at 0x7ff6f3f6d400>}, {}, {}]
Exception while resolving variable 'tag' in template 'bootstrap5/uni_form.html'.
Traceback (most recent call last):
  File "/workspace/.pip-modules/lib/python3.12/site-packages/django/template/base.py", line 880, in _resolve_lookup
    current = current[bit]
              ~~~~~~~^^^^^
  File "/workspace/.pip-modules/lib/python3.12/site-packages/django/template/context.py", line 83, in __getitem__
    raise KeyError(key)
KeyError: 'tag'

During handling of the above exception, another exception occurred:

Traceback (most recent call last):
  File "/workspace/.pip-modules/lib/python3.12/site-packages/django/template/base.py", line 886, in _resolve_lookup
    if isinstance(current, BaseContext) and getattr(
                                            ^^^^^^^^
AttributeError: type object 'Context' has no attribute 'tag'

During handling of the above exception, another exception occurred:

Traceback (most recent call last):
  File "/workspace/.pip-modules/lib/python3.12/site-packages/django/template/base.py", line 896, in _resolve_lookup
    current = current[int(bit)]
                      ^^^^^^^^
ValueError: invalid literal for int() with base 10: 'tag'

During handling of the above exception, another exception occurred:

Traceback (most recent call last):
  File "/workspace/.pip-modules/lib/python3.12/site-packages/django/template/base.py", line 903, in _resolve_lookup
    raise VariableDoesNotExist(
django.template.base.VariableDoesNotExist: Failed lookup for key [tag] in [{'True': True, 'False': False, 'None': None}, {'field_class': '', 'field_template': 'bootstrap5/field.html', 'form_show_errors': True, 'form_show_labels': True, 'label_class': '', 'form': <BookingForm bound=False, valid=False, fields=(name;email;phone;date;time;guests)>}, {'forloop': {'parentloop': {}, 'counter0': 1, 'counter': 2, 'revcounter': 5, 'revcounter0': 4, 'first': False, 'last': False}, 'field': <django.forms.boundfield.BoundField object at 0x7ff6f3f6d400>}, {}]
Exception while resolving variable 'tag' in template 'bootstrap5/uni_form.html'.
Traceback (most recent call last):
  File "/workspace/.pip-modules/lib/python3.12/site-packages/django/template/base.py", line 880, in _resolve_lookup
    current = current[bit]
              ~~~~~~~^^^^^
  File "/workspace/.pip-modules/lib/python3.12/site-packages/django/template/context.py", line 83, in __getitem__
    raise KeyError(key)
KeyError: 'tag'

During handling of the above exception, another exception occurred:

Traceback (most recent call last):
  File "/workspace/.pip-modules/lib/python3.12/site-packages/django/template/base.py", line 886, in _resolve_lookup
    if isinstance(current, BaseContext) and getattr(
                                            ^^^^^^^^
AttributeError: type object 'Context' has no attribute 'tag'

During handling of the above exception, another exception occurred:

Traceback (most recent call last):
  File "/workspace/.pip-modules/lib/python3.12/site-packages/django/template/base.py", line 896, in _resolve_lookup
    current = current[int(bit)]
                      ^^^^^^^^
ValueError: invalid literal for int() with base 10: 'tag'

During handling of the above exception, another exception occurred:

Traceback (most recent call last):
  File "/workspace/.pip-modules/lib/python3.12/site-packages/django/template/base.py", line 903, in _resolve_lookup
    raise VariableDoesNotExist(
django.template.base.VariableDoesNotExist: Failed lookup for key [tag] in [{'True': True, 'False': False, 'None': None}, {'field_class': '', 'field_template': 'bootstrap5/field.html', 'form_show_errors': True, 'form_show_labels': True, 'label_class': '', 'form': <BookingForm bound=False, valid=False, fields=(name;email;phone;date;time;guests)>}, {'forloop': {'parentloop': {}, 'counter0': 2, 'counter': 3, 'revcounter': 4, 'revcounter0': 3, 'first': False, 'last': False}, 'field': <django.forms.boundfield.BoundField object at 0x7ff6f3f6f320>}, {}]
Exception while resolving variable 'form_class' in template 'bootstrap5/uni_form.html'.
Traceback (most recent call last):
  File "/workspace/.pip-modules/lib/python3.12/site-packages/django/template/base.py", line 880, in _resolve_lookup
    current = current[bit]
              ~~~~~~~^^^^^
  File "/workspace/.pip-modules/lib/python3.12/site-packages/django/template/context.py", line 83, in __getitem__
    raise KeyError(key)
KeyError: 'form_class'

During handling of the above exception, another exception occurred:

Traceback (most recent call last):
  File "/workspace/.pip-modules/lib/python3.12/site-packages/django/template/base.py", line 886, in _resolve_lookup
    if isinstance(current, BaseContext) and getattr(
                                            ^^^^^^^^
AttributeError: type object 'Context' has no attribute 'form_class'

During handling of the above exception, another exception occurred:

Traceback (most recent call last):
  File "/workspace/.pip-modules/lib/python3.12/site-packages/django/template/base.py", line 896, in _resolve_lookup
    current = current[int(bit)]
                      ^^^^^^^^
ValueError: invalid literal for int() with base 10: 'form_class'

During handling of the above exception, another exception occurred:

Traceback (most recent call last):
  File "/workspace/.pip-modules/lib/python3.12/site-packages/django/template/base.py", line 903, in _resolve_lookup
    raise VariableDoesNotExist(
django.template.base.VariableDoesNotExist: Failed lookup for key [form_class] in [{'True': True, 'False': False, 'None': None}, {'field_class': '', 'field_template': 'bootstrap5/field.html', 'form_show_errors': True, 'form_show_labels': True, 'label_class': '', 'form': <BookingForm bound=False, valid=False, fields=(name;email;phone;date;time;guests)>}, {'forloop': {'parentloop': {}, 'counter0': 2, 'counter': 3, 'revcounter': 4, 'revcounter0': 3, 'first': False, 'last': False}, 'field': <django.forms.boundfield.BoundField object at 0x7ff6f3f6f320>}, {}]
Exception while resolving variable 'wrapper_class' in template 'bootstrap5/uni_form.html'.
Traceback (most recent call last):
  File "/workspace/.pip-modules/lib/python3.12/site-packages/django/template/base.py", line 880, in _resolve_lookup
    current = current[bit]
              ~~~~~~~^^^^^
  File "/workspace/.pip-modules/lib/python3.12/site-packages/django/template/context.py", line 83, in __getitem__
    raise KeyError(key)
KeyError: 'wrapper_class'

During handling of the above exception, another exception occurred:

Traceback (most recent call last):
  File "/workspace/.pip-modules/lib/python3.12/site-packages/django/template/base.py", line 886, in _resolve_lookup
    if isinstance(current, BaseContext) and getattr(
                                            ^^^^^^^^
AttributeError: type object 'Context' has no attribute 'wrapper_class'

During handling of the above exception, another exception occurred:

Traceback (most recent call last):
  File "/workspace/.pip-modules/lib/python3.12/site-packages/django/template/base.py", line 896, in _resolve_lookup
    current = current[int(bit)]
                      ^^^^^^^^
ValueError: invalid literal for int() with base 10: 'wrapper_class'

During handling of the above exception, another exception occurred:

Traceback (most recent call last):
  File "/workspace/.pip-modules/lib/python3.12/site-packages/django/template/base.py", line 903, in _resolve_lookup
    raise VariableDoesNotExist(
django.template.base.VariableDoesNotExist: Failed lookup for key [wrapper_class] in [{'True': True, 'False': False, 'None': None}, {'field_class': '', 'field_template': 'bootstrap5/field.html', 'form_show_errors': True, 'form_show_labels': True, 'label_class': '', 'form': <BookingForm bound=False, valid=False, fields=(name;email;phone;date;time;guests)>}, {'forloop': {'parentloop': {}, 'counter0': 2, 'counter': 3, 'revcounter': 4, 'revcounter0': 3, 'first': False, 'last': False}, 'field': <django.forms.boundfield.BoundField object at 0x7ff6f3f6f320>}, {}]
Exception while resolving variable 'form_class' in template 'bootstrap5/uni_form.html'.
Traceback (most recent call last):
  File "/workspace/.pip-modules/lib/python3.12/site-packages/django/template/base.py", line 880, in _resolve_lookup
    current = current[bit]
              ~~~~~~~^^^^^
  File "/workspace/.pip-modules/lib/python3.12/site-packages/django/template/context.py", line 83, in __getitem__
    raise KeyError(key)
KeyError: 'form_class'

During handling of the above exception, another exception occurred:

Traceback (most recent call last):
  File "/workspace/.pip-modules/lib/python3.12/site-packages/django/template/base.py", line 886, in _resolve_lookup
    if isinstance(current, BaseContext) and getattr(
                                            ^^^^^^^^
AttributeError: type object 'Context' has no attribute 'form_class'

During handling of the above exception, another exception occurred:

Traceback (most recent call last):
  File "/workspace/.pip-modules/lib/python3.12/site-packages/django/template/base.py", line 896, in _resolve_lookup
    current = current[int(bit)]
                      ^^^^^^^^
ValueError: invalid literal for int() with base 10: 'form_class'

During handling of the above exception, another exception occurred:

Traceback (most recent call last):
  File "/workspace/.pip-modules/lib/python3.12/site-packages/django/template/base.py", line 903, in _resolve_lookup
    raise VariableDoesNotExist(
django.template.base.VariableDoesNotExist: Failed lookup for key [form_class] in [{'True': True, 'False': False, 'None': None}, {'field_class': '', 'field_template': 'bootstrap5/field.html', 'form_show_errors': True, 'form_show_labels': True, 'label_class': '', 'form': <BookingForm bound=False, valid=False, fields=(name;email;phone;date;time;guests)>}, {'forloop': {'parentloop': {}, 'counter0': 2, 'counter': 3, 'revcounter': 4, 'revcounter0': 3, 'first': False, 'last': False}, 'field': <django.forms.boundfield.BoundField object at 0x7ff6f3f6f320>}, {}]
Exception while resolving variable 'help_text_inline' in template 'bootstrap5/uni_form.html'.
Traceback (most recent call last):
  File "/workspace/.pip-modules/lib/python3.12/site-packages/django/template/base.py", line 880, in _resolve_lookup
    current = current[bit]
              ~~~~~~~^^^^^
  File "/workspace/.pip-modules/lib/python3.12/site-packages/django/template/context.py", line 83, in __getitem__
    raise KeyError(key)
KeyError: 'help_text_inline'

During handling of the above exception, another exception occurred:

Traceback (most recent call last):
  File "/workspace/.pip-modules/lib/python3.12/site-packages/django/template/base.py", line 886, in _resolve_lookup
    if isinstance(current, BaseContext) and getattr(
                                            ^^^^^^^^
AttributeError: type object 'Context' has no attribute 'help_text_inline'

During handling of the above exception, another exception occurred:

Traceback (most recent call last):
  File "/workspace/.pip-modules/lib/python3.12/site-packages/django/template/base.py", line 896, in _resolve_lookup
    current = current[int(bit)]
                      ^^^^^^^^
ValueError: invalid literal for int() with base 10: 'help_text_inline'

During handling of the above exception, another exception occurred:

Traceback (most recent call last):
  File "/workspace/.pip-modules/lib/python3.12/site-packages/django/template/base.py", line 903, in _resolve_lookup
    raise VariableDoesNotExist(
django.template.base.VariableDoesNotExist: Failed lookup for key [help_text_inline] in [{'True': True, 'False': False, 'None': None}, {'field_class': '', 'field_template': 'bootstrap5/field.html', 'form_show_errors': True, 'form_show_labels': True, 'label_class': '', 'form': <BookingForm bound=False, valid=False, fields=(name;email;phone;date;time;guests)>}, {'forloop': {'parentloop': {}, 'counter0': 2, 'counter': 3, 'revcounter': 4, 'revcounter0': 3, 'first': False, 'last': False}, 'field': <django.forms.boundfield.BoundField object at 0x7ff6f3f6f320>}, {}, {}]
Exception while resolving variable 'error_text_inline' in template 'bootstrap5/uni_form.html'.
Traceback (most recent call last):
  File "/workspace/.pip-modules/lib/python3.12/site-packages/django/template/base.py", line 880, in _resolve_lookup
    current = current[bit]
              ~~~~~~~^^^^^
  File "/workspace/.pip-modules/lib/python3.12/site-packages/django/template/context.py", line 83, in __getitem__
    raise KeyError(key)
KeyError: 'error_text_inline'

During handling of the above exception, another exception occurred:

Traceback (most recent call last):
  File "/workspace/.pip-modules/lib/python3.12/site-packages/django/template/base.py", line 886, in _resolve_lookup
    if isinstance(current, BaseContext) and getattr(
                                            ^^^^^^^^
AttributeError: type object 'Context' has no attribute 'error_text_inline'

During handling of the above exception, another exception occurred:

Traceback (most recent call last):
  File "/workspace/.pip-modules/lib/python3.12/site-packages/django/template/base.py", line 896, in _resolve_lookup
    current = current[int(bit)]
                      ^^^^^^^^
ValueError: invalid literal for int() with base 10: 'error_text_inline'

During handling of the above exception, another exception occurred:

Traceback (most recent call last):
  File "/workspace/.pip-modules/lib/python3.12/site-packages/django/template/base.py", line 903, in _resolve_lookup
    raise VariableDoesNotExist(
django.template.base.VariableDoesNotExist: Failed lookup for key [error_text_inline] in [{'True': True, 'False': False, 'None': None}, {'field_class': '', 'field_template': 'bootstrap5/field.html', 'form_show_errors': True, 'form_show_labels': True, 'label_class': '', 'form': <BookingForm bound=False, valid=False, fields=(name;email;phone;date;time;guests)>}, {'forloop': {'parentloop': {}, 'counter0': 2, 'counter': 3, 'revcounter': 4, 'revcounter0': 3, 'first': False, 'last': False}, 'field': <django.forms.boundfield.BoundField object at 0x7ff6f3f6f320>}, {}, {}]
Exception while resolving variable 'help_text_inline' in template 'bootstrap5/uni_form.html'.
Traceback (most recent call last):
  File "/workspace/.pip-modules/lib/python3.12/site-packages/django/template/base.py", line 880, in _resolve_lookup
    current = current[bit]
              ~~~~~~~^^^^^
  File "/workspace/.pip-modules/lib/python3.12/site-packages/django/template/context.py", line 83, in __getitem__
    raise KeyError(key)
KeyError: 'help_text_inline'

During handling of the above exception, another exception occurred:

Traceback (most recent call last):
  File "/workspace/.pip-modules/lib/python3.12/site-packages/django/template/base.py", line 886, in _resolve_lookup
    if isinstance(current, BaseContext) and getattr(
                                            ^^^^^^^^
AttributeError: type object 'Context' has no attribute 'help_text_inline'

During handling of the above exception, another exception occurred:

Traceback (most recent call last):
  File "/workspace/.pip-modules/lib/python3.12/site-packages/django/template/base.py", line 896, in _resolve_lookup
    current = current[int(bit)]
                      ^^^^^^^^
ValueError: invalid literal for int() with base 10: 'help_text_inline'

During handling of the above exception, another exception occurred:

Traceback (most recent call last):
  File "/workspace/.pip-modules/lib/python3.12/site-packages/django/template/base.py", line 903, in _resolve_lookup
    raise VariableDoesNotExist(
django.template.base.VariableDoesNotExist: Failed lookup for key [help_text_inline] in [{'True': True, 'False': False, 'None': None}, {'field_class': '', 'field_template': 'bootstrap5/field.html', 'form_show_errors': True, 'form_show_labels': True, 'label_class': '', 'form': <BookingForm bound=False, valid=False, fields=(name;email;phone;date;time;guests)>}, {'forloop': {'parentloop': {}, 'counter0': 2, 'counter': 3, 'revcounter': 4, 'revcounter0': 3, 'first': False, 'last': False}, 'field': <django.forms.boundfield.BoundField object at 0x7ff6f3f6f320>}, {}, {}]
Exception while resolving variable 'tag' in template 'bootstrap5/uni_form.html'.
Traceback (most recent call last):
  File "/workspace/.pip-modules/lib/python3.12/site-packages/django/template/base.py", line 880, in _resolve_lookup
    current = current[bit]
              ~~~~~~~^^^^^
  File "/workspace/.pip-modules/lib/python3.12/site-packages/django/template/context.py", line 83, in __getitem__
    raise KeyError(key)
KeyError: 'tag'

During handling of the above exception, another exception occurred:

Traceback (most recent call last):
  File "/workspace/.pip-modules/lib/python3.12/site-packages/django/template/base.py", line 886, in _resolve_lookup
    if isinstance(current, BaseContext) and getattr(
                                            ^^^^^^^^
AttributeError: type object 'Context' has no attribute 'tag'

During handling of the above exception, another exception occurred:

Traceback (most recent call last):
  File "/workspace/.pip-modules/lib/python3.12/site-packages/django/template/base.py", line 896, in _resolve_lookup
    current = current[int(bit)]
                      ^^^^^^^^
ValueError: invalid literal for int() with base 10: 'tag'

During handling of the above exception, another exception occurred:

Traceback (most recent call last):
  File "/workspace/.pip-modules/lib/python3.12/site-packages/django/template/base.py", line 903, in _resolve_lookup
    raise VariableDoesNotExist(
django.template.base.VariableDoesNotExist: Failed lookup for key [tag] in [{'True': True, 'False': False, 'None': None}, {'field_class': '', 'field_template': 'bootstrap5/field.html', 'form_show_errors': True, 'form_show_labels': True, 'label_class': '', 'form': <BookingForm bound=False, valid=False, fields=(name;email;phone;date;time;guests)>}, {'forloop': {'parentloop': {}, 'counter0': 2, 'counter': 3, 'revcounter': 4, 'revcounter0': 3, 'first': False, 'last': False}, 'field': <django.forms.boundfield.BoundField object at 0x7ff6f3f6f320>}, {}]
Exception while resolving variable 'tag' in template 'bootstrap5/uni_form.html'.
Traceback (most recent call last):
  File "/workspace/.pip-modules/lib/python3.12/site-packages/django/template/base.py", line 880, in _resolve_lookup
    current = current[bit]
              ~~~~~~~^^^^^
  File "/workspace/.pip-modules/lib/python3.12/site-packages/django/template/context.py", line 83, in __getitem__
    raise KeyError(key)
KeyError: 'tag'

During handling of the above exception, another exception occurred:

Traceback (most recent call last):
  File "/workspace/.pip-modules/lib/python3.12/site-packages/django/template/base.py", line 886, in _resolve_lookup
    if isinstance(current, BaseContext) and getattr(
                                            ^^^^^^^^
AttributeError: type object 'Context' has no attribute 'tag'

During handling of the above exception, another exception occurred:

Traceback (most recent call last):
  File "/workspace/.pip-modules/lib/python3.12/site-packages/django/template/base.py", line 896, in _resolve_lookup
    current = current[int(bit)]
                      ^^^^^^^^
ValueError: invalid literal for int() with base 10: 'tag'

During handling of the above exception, another exception occurred:

Traceback (most recent call last):
  File "/workspace/.pip-modules/lib/python3.12/site-packages/django/template/base.py", line 903, in _resolve_lookup
    raise VariableDoesNotExist(
django.template.base.VariableDoesNotExist: Failed lookup for key [tag] in [{'True': True, 'False': False, 'None': None}, {'field_class': '', 'field_template': 'bootstrap5/field.html', 'form_show_errors': True, 'form_show_labels': True, 'label_class': '', 'form': <BookingForm bound=False, valid=False, fields=(name;email;phone;date;time;guests)>}, {'forloop': {'parentloop': {}, 'counter0': 3, 'counter': 4, 'revcounter': 3, 'revcounter0': 2, 'first': False, 'last': False}, 'field': <django.forms.boundfield.BoundField object at 0x7ff6f3f6dc70>}, {}]
Exception while resolving variable 'form_class' in template 'bootstrap5/uni_form.html'.
Traceback (most recent call last):
  File "/workspace/.pip-modules/lib/python3.12/site-packages/django/template/base.py", line 880, in _resolve_lookup
    current = current[bit]
              ~~~~~~~^^^^^
  File "/workspace/.pip-modules/lib/python3.12/site-packages/django/template/context.py", line 83, in __getitem__
    raise KeyError(key)
KeyError: 'form_class'

During handling of the above exception, another exception occurred:

Traceback (most recent call last):
  File "/workspace/.pip-modules/lib/python3.12/site-packages/django/template/base.py", line 886, in _resolve_lookup
    if isinstance(current, BaseContext) and getattr(
                                            ^^^^^^^^
AttributeError: type object 'Context' has no attribute 'form_class'

During handling of the above exception, another exception occurred:

Traceback (most recent call last):
  File "/workspace/.pip-modules/lib/python3.12/site-packages/django/template/base.py", line 896, in _resolve_lookup
    current = current[int(bit)]
                      ^^^^^^^^
ValueError: invalid literal for int() with base 10: 'form_class'

During handling of the above exception, another exception occurred:

Traceback (most recent call last):
  File "/workspace/.pip-modules/lib/python3.12/site-packages/django/template/base.py", line 903, in _resolve_lookup
    raise VariableDoesNotExist(
django.template.base.VariableDoesNotExist: Failed lookup for key [form_class] in [{'True': True, 'False': False, 'None': None}, {'field_class': '', 'field_template': 'bootstrap5/field.html', 'form_show_errors': True, 'form_show_labels': True, 'label_class': '', 'form': <BookingForm bound=False, valid=False, fields=(name;email;phone;date;time;guests)>}, {'forloop': {'parentloop': {}, 'counter0': 3, 'counter': 4, 'revcounter': 3, 'revcounter0': 2, 'first': False, 'last': False}, 'field': <django.forms.boundfield.BoundField object at 0x7ff6f3f6dc70>}, {}]
Exception while resolving variable 'wrapper_class' in template 'bootstrap5/uni_form.html'.
Traceback (most recent call last):
  File "/workspace/.pip-modules/lib/python3.12/site-packages/django/template/base.py", line 880, in _resolve_lookup
    current = current[bit]
              ~~~~~~~^^^^^
  File "/workspace/.pip-modules/lib/python3.12/site-packages/django/template/context.py", line 83, in __getitem__
    raise KeyError(key)
KeyError: 'wrapper_class'

During handling of the above exception, another exception occurred:

Traceback (most recent call last):
  File "/workspace/.pip-modules/lib/python3.12/site-packages/django/template/base.py", line 886, in _resolve_lookup
    if isinstance(current, BaseContext) and getattr(
                                            ^^^^^^^^
AttributeError: type object 'Context' has no attribute 'wrapper_class'

During handling of the above exception, another exception occurred:

Traceback (most recent call last):
  File "/workspace/.pip-modules/lib/python3.12/site-packages/django/template/base.py", line 896, in _resolve_lookup
    current = current[int(bit)]
                      ^^^^^^^^
ValueError: invalid literal for int() with base 10: 'wrapper_class'

During handling of the above exception, another exception occurred:

Traceback (most recent call last):
  File "/workspace/.pip-modules/lib/python3.12/site-packages/django/template/base.py", line 903, in _resolve_lookup
    raise VariableDoesNotExist(
django.template.base.VariableDoesNotExist: Failed lookup for key [wrapper_class] in [{'True': True, 'False': False, 'None': None}, {'field_class': '', 'field_template': 'bootstrap5/field.html', 'form_show_errors': True, 'form_show_labels': True, 'label_class': '', 'form': <BookingForm bound=False, valid=False, fields=(name;email;phone;date;time;guests)>}, {'forloop': {'parentloop': {}, 'counter0': 3, 'counter': 4, 'revcounter': 3, 'revcounter0': 2, 'first': False, 'last': False}, 'field': <django.forms.boundfield.BoundField object at 0x7ff6f3f6dc70>}, {}]
Exception while resolving variable 'form_class' in template 'bootstrap5/uni_form.html'.
Traceback (most recent call last):
  File "/workspace/.pip-modules/lib/python3.12/site-packages/django/template/base.py", line 880, in _resolve_lookup
    current = current[bit]
              ~~~~~~~^^^^^
  File "/workspace/.pip-modules/lib/python3.12/site-packages/django/template/context.py", line 83, in __getitem__
    raise KeyError(key)
KeyError: 'form_class'

During handling of the above exception, another exception occurred:

Traceback (most recent call last):
  File "/workspace/.pip-modules/lib/python3.12/site-packages/django/template/base.py", line 886, in _resolve_lookup
    if isinstance(current, BaseContext) and getattr(
                                            ^^^^^^^^
AttributeError: type object 'Context' has no attribute 'form_class'

During handling of the above exception, another exception occurred:

Traceback (most recent call last):
  File "/workspace/.pip-modules/lib/python3.12/site-packages/django/template/base.py", line 896, in _resolve_lookup
    current = current[int(bit)]
                      ^^^^^^^^
ValueError: invalid literal for int() with base 10: 'form_class'

During handling of the above exception, another exception occurred:

Traceback (most recent call last):
  File "/workspace/.pip-modules/lib/python3.12/site-packages/django/template/base.py", line 903, in _resolve_lookup
    raise VariableDoesNotExist(
django.template.base.VariableDoesNotExist: Failed lookup for key [form_class] in [{'True': True, 'False': False, 'None': None}, {'field_class': '', 'field_template': 'bootstrap5/field.html', 'form_show_errors': True, 'form_show_labels': True, 'label_class': '', 'form': <BookingForm bound=False, valid=False, fields=(name;email;phone;date;time;guests)>}, {'forloop': {'parentloop': {}, 'counter0': 3, 'counter': 4, 'revcounter': 3, 'revcounter0': 2, 'first': False, 'last': False}, 'field': <django.forms.boundfield.BoundField object at 0x7ff6f3f6dc70>}, {}]
Exception while resolving variable 'help_text_inline' in template 'bootstrap5/uni_form.html'.
Traceback (most recent call last):
  File "/workspace/.pip-modules/lib/python3.12/site-packages/django/template/base.py", line 880, in _resolve_lookup
    current = current[bit]
              ~~~~~~~^^^^^
  File "/workspace/.pip-modules/lib/python3.12/site-packages/django/template/context.py", line 83, in __getitem__
    raise KeyError(key)
KeyError: 'help_text_inline'

During handling of the above exception, another exception occurred:

Traceback (most recent call last):
  File "/workspace/.pip-modules/lib/python3.12/site-packages/django/template/base.py", line 886, in _resolve_lookup
    if isinstance(current, BaseContext) and getattr(
                                            ^^^^^^^^
AttributeError: type object 'Context' has no attribute 'help_text_inline'

During handling of the above exception, another exception occurred:

Traceback (most recent call last):
  File "/workspace/.pip-modules/lib/python3.12/site-packages/django/template/base.py", line 896, in _resolve_lookup
    current = current[int(bit)]
                      ^^^^^^^^
ValueError: invalid literal for int() with base 10: 'help_text_inline'

During handling of the above exception, another exception occurred:

Traceback (most recent call last):
  File "/workspace/.pip-modules/lib/python3.12/site-packages/django/template/base.py", line 903, in _resolve_lookup
    raise VariableDoesNotExist(
django.template.base.VariableDoesNotExist: Failed lookup for key [help_text_inline] in [{'True': True, 'False': False, 'None': None}, {'field_class': '', 'field_template': 'bootstrap5/field.html', 'form_show_errors': True, 'form_show_labels': True, 'label_class': '', 'form': <BookingForm bound=False, valid=False, fields=(name;email;phone;date;time;guests)>}, {'forloop': {'parentloop': {}, 'counter0': 3, 'counter': 4, 'revcounter': 3, 'revcounter0': 2, 'first': False, 'last': False}, 'field': <django.forms.boundfield.BoundField object at 0x7ff6f3f6dc70>}, {}, {}]
Exception while resolving variable 'error_text_inline' in template 'bootstrap5/uni_form.html'.
Traceback (most recent call last):
  File "/workspace/.pip-modules/lib/python3.12/site-packages/django/template/base.py", line 880, in _resolve_lookup
    current = current[bit]
              ~~~~~~~^^^^^
  File "/workspace/.pip-modules/lib/python3.12/site-packages/django/template/context.py", line 83, in __getitem__
    raise KeyError(key)
KeyError: 'error_text_inline'

During handling of the above exception, another exception occurred:

Traceback (most recent call last):
  File "/workspace/.pip-modules/lib/python3.12/site-packages/django/template/base.py", line 886, in _resolve_lookup
    if isinstance(current, BaseContext) and getattr(
                                            ^^^^^^^^
AttributeError: type object 'Context' has no attribute 'error_text_inline'

During handling of the above exception, another exception occurred:

Traceback (most recent call last):
  File "/workspace/.pip-modules/lib/python3.12/site-packages/django/template/base.py", line 896, in _resolve_lookup
    current = current[int(bit)]
                      ^^^^^^^^
ValueError: invalid literal for int() with base 10: 'error_text_inline'

During handling of the above exception, another exception occurred:

Traceback (most recent call last):
  File "/workspace/.pip-modules/lib/python3.12/site-packages/django/template/base.py", line 903, in _resolve_lookup
    raise VariableDoesNotExist(
django.template.base.VariableDoesNotExist: Failed lookup for key [error_text_inline] in [{'True': True, 'False': False, 'None': None}, {'field_class': '', 'field_template': 'bootstrap5/field.html', 'form_show_errors': True, 'form_show_labels': True, 'label_class': '', 'form': <BookingForm bound=False, valid=False, fields=(name;email;phone;date;time;guests)>}, {'forloop': {'parentloop': {}, 'counter0': 3, 'counter': 4, 'revcounter': 3, 'revcounter0': 2, 'first': False, 'last': False}, 'field': <django.forms.boundfield.BoundField object at 0x7ff6f3f6dc70>}, {}, {}]
Exception while resolving variable 'help_text_inline' in template 'bootstrap5/uni_form.html'.
Traceback (most recent call last):
  File "/workspace/.pip-modules/lib/python3.12/site-packages/django/template/base.py", line 880, in _resolve_lookup
    current = current[bit]
              ~~~~~~~^^^^^
  File "/workspace/.pip-modules/lib/python3.12/site-packages/django/template/context.py", line 83, in __getitem__
    raise KeyError(key)
KeyError: 'help_text_inline'

During handling of the above exception, another exception occurred:

Traceback (most recent call last):
  File "/workspace/.pip-modules/lib/python3.12/site-packages/django/template/base.py", line 886, in _resolve_lookup
    if isinstance(current, BaseContext) and getattr(
                                            ^^^^^^^^
AttributeError: type object 'Context' has no attribute 'help_text_inline'

During handling of the above exception, another exception occurred:

Traceback (most recent call last):
  File "/workspace/.pip-modules/lib/python3.12/site-packages/django/template/base.py", line 896, in _resolve_lookup
    current = current[int(bit)]
                      ^^^^^^^^
ValueError: invalid literal for int() with base 10: 'help_text_inline'

During handling of the above exception, another exception occurred:

Traceback (most recent call last):
  File "/workspace/.pip-modules/lib/python3.12/site-packages/django/template/base.py", line 903, in _resolve_lookup
    raise VariableDoesNotExist(
django.template.base.VariableDoesNotExist: Failed lookup for key [help_text_inline] in [{'True': True, 'False': False, 'None': None}, {'field_class': '', 'field_template': 'bootstrap5/field.html', 'form_show_errors': True, 'form_show_labels': True, 'label_class': '', 'form': <BookingForm bound=False, valid=False, fields=(name;email;phone;date;time;guests)>}, {'forloop': {'parentloop': {}, 'counter0': 3, 'counter': 4, 'revcounter': 3, 'revcounter0': 2, 'first': False, 'last': False}, 'field': <django.forms.boundfield.BoundField object at 0x7ff6f3f6dc70>}, {}, {}]
Exception while resolving variable 'tag' in template 'bootstrap5/uni_form.html'.
Traceback (most recent call last):
  File "/workspace/.pip-modules/lib/python3.12/site-packages/django/template/base.py", line 880, in _resolve_lookup
    current = current[bit]
              ~~~~~~~^^^^^
  File "/workspace/.pip-modules/lib/python3.12/site-packages/django/template/context.py", line 83, in __getitem__
    raise KeyError(key)
KeyError: 'tag'

During handling of the above exception, another exception occurred:

Traceback (most recent call last):
  File "/workspace/.pip-modules/lib/python3.12/site-packages/django/template/base.py", line 886, in _resolve_lookup
    if isinstance(current, BaseContext) and getattr(
                                            ^^^^^^^^
AttributeError: type object 'Context' has no attribute 'tag'

During handling of the above exception, another exception occurred:

Traceback (most recent call last):
  File "/workspace/.pip-modules/lib/python3.12/site-packages/django/template/base.py", line 896, in _resolve_lookup
    current = current[int(bit)]
                      ^^^^^^^^
ValueError: invalid literal for int() with base 10: 'tag'

During handling of the above exception, another exception occurred:

Traceback (most recent call last):
  File "/workspace/.pip-modules/lib/python3.12/site-packages/django/template/base.py", line 903, in _resolve_lookup
    raise VariableDoesNotExist(
django.template.base.VariableDoesNotExist: Failed lookup for key [tag] in [{'True': True, 'False': False, 'None': None}, {'field_class': '', 'field_template': 'bootstrap5/field.html', 'form_show_errors': True, 'form_show_labels': True, 'label_class': '', 'form': <BookingForm bound=False, valid=False, fields=(name;email;phone;date;time;guests)>}, {'forloop': {'parentloop': {}, 'counter0': 3, 'counter': 4, 'revcounter': 3, 'revcounter0': 2, 'first': False, 'last': False}, 'field': <django.forms.boundfield.BoundField object at 0x7ff6f3f6dc70>}, {}]
Exception while resolving variable 'tag' in template 'bootstrap5/uni_form.html'.
Traceback (most recent call last):
  File "/workspace/.pip-modules/lib/python3.12/site-packages/django/template/base.py", line 880, in _resolve_lookup
    current = current[bit]
              ~~~~~~~^^^^^
  File "/workspace/.pip-modules/lib/python3.12/site-packages/django/template/context.py", line 83, in __getitem__
    raise KeyError(key)
KeyError: 'tag'

During handling of the above exception, another exception occurred:

Traceback (most recent call last):
  File "/workspace/.pip-modules/lib/python3.12/site-packages/django/template/base.py", line 886, in _resolve_lookup
    if isinstance(current, BaseContext) and getattr(
                                            ^^^^^^^^
AttributeError: type object 'Context' has no attribute 'tag'

During handling of the above exception, another exception occurred:

Traceback (most recent call last):
  File "/workspace/.pip-modules/lib/python3.12/site-packages/django/template/base.py", line 896, in _resolve_lookup
    current = current[int(bit)]
                      ^^^^^^^^
ValueError: invalid literal for int() with base 10: 'tag'

During handling of the above exception, another exception occurred:

Traceback (most recent call last):
  File "/workspace/.pip-modules/lib/python3.12/site-packages/django/template/base.py", line 903, in _resolve_lookup
    raise VariableDoesNotExist(
django.template.base.VariableDoesNotExist: Failed lookup for key [tag] in [{'True': True, 'False': False, 'None': None}, {'field_class': '', 'field_template': 'bootstrap5/field.html', 'form_show_errors': True, 'form_show_labels': True, 'label_class': '', 'form': <BookingForm bound=False, valid=False, fields=(name;email;phone;date;time;guests)>}, {'forloop': {'parentloop': {}, 'counter0': 4, 'counter': 5, 'revcounter': 2, 'revcounter0': 1, 'first': False, 'last': False}, 'field': <django.forms.boundfield.BoundField object at 0x7ff6f3f6fd40>}, {}]
Exception while resolving variable 'form_class' in template 'bootstrap5/uni_form.html'.
Traceback (most recent call last):
  File "/workspace/.pip-modules/lib/python3.12/site-packages/django/template/base.py", line 880, in _resolve_lookup
    current = current[bit]
              ~~~~~~~^^^^^
  File "/workspace/.pip-modules/lib/python3.12/site-packages/django/template/context.py", line 83, in __getitem__
    raise KeyError(key)
KeyError: 'form_class'

During handling of the above exception, another exception occurred:

Traceback (most recent call last):
  File "/workspace/.pip-modules/lib/python3.12/site-packages/django/template/base.py", line 886, in _resolve_lookup
    if isinstance(current, BaseContext) and getattr(
                                            ^^^^^^^^
AttributeError: type object 'Context' has no attribute 'form_class'

During handling of the above exception, another exception occurred:

Traceback (most recent call last):
  File "/workspace/.pip-modules/lib/python3.12/site-packages/django/template/base.py", line 896, in _resolve_lookup
    current = current[int(bit)]
                      ^^^^^^^^
ValueError: invalid literal for int() with base 10: 'form_class'

During handling of the above exception, another exception occurred:

Traceback (most recent call last):
  File "/workspace/.pip-modules/lib/python3.12/site-packages/django/template/base.py", line 903, in _resolve_lookup
    raise VariableDoesNotExist(
django.template.base.VariableDoesNotExist: Failed lookup for key [form_class] in [{'True': True, 'False': False, 'None': None}, {'field_class': '', 'field_template': 'bootstrap5/field.html', 'form_show_errors': True, 'form_show_labels': True, 'label_class': '', 'form': <BookingForm bound=False, valid=False, fields=(name;email;phone;date;time;guests)>}, {'forloop': {'parentloop': {}, 'counter0': 4, 'counter': 5, 'revcounter': 2, 'revcounter0': 1, 'first': False, 'last': False}, 'field': <django.forms.boundfield.BoundField object at 0x7ff6f3f6fd40>}, {}]
Exception while resolving variable 'wrapper_class' in template 'bootstrap5/uni_form.html'.
Traceback (most recent call last):
  File "/workspace/.pip-modules/lib/python3.12/site-packages/django/template/base.py", line 880, in _resolve_lookup
    current = current[bit]
              ~~~~~~~^^^^^
  File "/workspace/.pip-modules/lib/python3.12/site-packages/django/template/context.py", line 83, in __getitem__
    raise KeyError(key)
KeyError: 'wrapper_class'

During handling of the above exception, another exception occurred:

Traceback (most recent call last):
  File "/workspace/.pip-modules/lib/python3.12/site-packages/django/template/base.py", line 886, in _resolve_lookup
    if isinstance(current, BaseContext) and getattr(
                                            ^^^^^^^^
AttributeError: type object 'Context' has no attribute 'wrapper_class'

During handling of the above exception, another exception occurred:

Traceback (most recent call last):
  File "/workspace/.pip-modules/lib/python3.12/site-packages/django/template/base.py", line 896, in _resolve_lookup
    current = current[int(bit)]
                      ^^^^^^^^
ValueError: invalid literal for int() with base 10: 'wrapper_class'

During handling of the above exception, another exception occurred:

Traceback (most recent call last):
  File "/workspace/.pip-modules/lib/python3.12/site-packages/django/template/base.py", line 903, in _resolve_lookup
    raise VariableDoesNotExist(
django.template.base.VariableDoesNotExist: Failed lookup for key [wrapper_class] in [{'True': True, 'False': False, 'None': None}, {'field_class': '', 'field_template': 'bootstrap5/field.html', 'form_show_errors': True, 'form_show_labels': True, 'label_class': '', 'form': <BookingForm bound=False, valid=False, fields=(name;email;phone;date;time;guests)>}, {'forloop': {'parentloop': {}, 'counter0': 4, 'counter': 5, 'revcounter': 2, 'revcounter0': 1, 'first': False, 'last': False}, 'field': <django.forms.boundfield.BoundField object at 0x7ff6f3f6fd40>}, {}]
Exception while resolving variable 'form_class' in template 'bootstrap5/uni_form.html'.
Traceback (most recent call last):
  File "/workspace/.pip-modules/lib/python3.12/site-packages/django/template/base.py", line 880, in _resolve_lookup
    current = current[bit]
              ~~~~~~~^^^^^
  File "/workspace/.pip-modules/lib/python3.12/site-packages/django/template/context.py", line 83, in __getitem__
    raise KeyError(key)
KeyError: 'form_class'

During handling of the above exception, another exception occurred:

Traceback (most recent call last):
  File "/workspace/.pip-modules/lib/python3.12/site-packages/django/template/base.py", line 886, in _resolve_lookup
    if isinstance(current, BaseContext) and getattr(
                                            ^^^^^^^^
AttributeError: type object 'Context' has no attribute 'form_class'

During handling of the above exception, another exception occurred:

Traceback (most recent call last):
  File "/workspace/.pip-modules/lib/python3.12/site-packages/django/template/base.py", line 896, in _resolve_lookup
    current = current[int(bit)]
                      ^^^^^^^^
ValueError: invalid literal for int() with base 10: 'form_class'

During handling of the above exception, another exception occurred:

Traceback (most recent call last):
  File "/workspace/.pip-modules/lib/python3.12/site-packages/django/template/base.py", line 903, in _resolve_lookup
    raise VariableDoesNotExist(
django.template.base.VariableDoesNotExist: Failed lookup for key [form_class] in [{'True': True, 'False': False, 'None': None}, {'field_class': '', 'field_template': 'bootstrap5/field.html', 'form_show_errors': True, 'form_show_labels': True, 'label_class': '', 'form': <BookingForm bound=False, valid=False, fields=(name;email;phone;date;time;guests)>}, {'forloop': {'parentloop': {}, 'counter0': 4, 'counter': 5, 'revcounter': 2, 'revcounter0': 1, 'first': False, 'last': False}, 'field': <django.forms.boundfield.BoundField object at 0x7ff6f3f6fd40>}, {}]
Exception while resolving variable 'help_text_inline' in template 'bootstrap5/uni_form.html'.
Traceback (most recent call last):
  File "/workspace/.pip-modules/lib/python3.12/site-packages/django/template/base.py", line 880, in _resolve_lookup
    current = current[bit]
              ~~~~~~~^^^^^
  File "/workspace/.pip-modules/lib/python3.12/site-packages/django/template/context.py", line 83, in __getitem__
    raise KeyError(key)
KeyError: 'help_text_inline'

During handling of the above exception, another exception occurred:

Traceback (most recent call last):
  File "/workspace/.pip-modules/lib/python3.12/site-packages/django/template/base.py", line 886, in _resolve_lookup
    if isinstance(current, BaseContext) and getattr(
                                            ^^^^^^^^
AttributeError: type object 'Context' has no attribute 'help_text_inline'

During handling of the above exception, another exception occurred:

Traceback (most recent call last):
  File "/workspace/.pip-modules/lib/python3.12/site-packages/django/template/base.py", line 896, in _resolve_lookup
    current = current[int(bit)]
                      ^^^^^^^^
ValueError: invalid literal for int() with base 10: 'help_text_inline'

During handling of the above exception, another exception occurred:

Traceback (most recent call last):
  File "/workspace/.pip-modules/lib/python3.12/site-packages/django/template/base.py", line 903, in _resolve_lookup
    raise VariableDoesNotExist(
django.template.base.VariableDoesNotExist: Failed lookup for key [help_text_inline] in [{'True': True, 'False': False, 'None': None}, {'field_class': '', 'field_template': 'bootstrap5/field.html', 'form_show_errors': True, 'form_show_labels': True, 'label_class': '', 'form': <BookingForm bound=False, valid=False, fields=(name;email;phone;date;time;guests)>}, {'forloop': {'parentloop': {}, 'counter0': 4, 'counter': 5, 'revcounter': 2, 'revcounter0': 1, 'first': False, 'last': False}, 'field': <django.forms.boundfield.BoundField object at 0x7ff6f3f6fd40>}, {}, {}]
Exception while resolving variable 'error_text_inline' in template 'bootstrap5/uni_form.html'.
Traceback (most recent call last):
  File "/workspace/.pip-modules/lib/python3.12/site-packages/django/template/base.py", line 880, in _resolve_lookup
    current = current[bit]
              ~~~~~~~^^^^^
  File "/workspace/.pip-modules/lib/python3.12/site-packages/django/template/context.py", line 83, in __getitem__
    raise KeyError(key)
KeyError: 'error_text_inline'

During handling of the above exception, another exception occurred:

Traceback (most recent call last):
  File "/workspace/.pip-modules/lib/python3.12/site-packages/django/template/base.py", line 886, in _resolve_lookup
    if isinstance(current, BaseContext) and getattr(
                                            ^^^^^^^^
AttributeError: type object 'Context' has no attribute 'error_text_inline'

During handling of the above exception, another exception occurred:

Traceback (most recent call last):
  File "/workspace/.pip-modules/lib/python3.12/site-packages/django/template/base.py", line 896, in _resolve_lookup
    current = current[int(bit)]
                      ^^^^^^^^
ValueError: invalid literal for int() with base 10: 'error_text_inline'

During handling of the above exception, another exception occurred:

Traceback (most recent call last):
  File "/workspace/.pip-modules/lib/python3.12/site-packages/django/template/base.py", line 903, in _resolve_lookup
    raise VariableDoesNotExist(
django.template.base.VariableDoesNotExist: Failed lookup for key [error_text_inline] in [{'True': True, 'False': False, 'None': None}, {'field_class': '', 'field_template': 'bootstrap5/field.html', 'form_show_errors': True, 'form_show_labels': True, 'label_class': '', 'form': <BookingForm bound=False, valid=False, fields=(name;email;phone;date;time;guests)>}, {'forloop': {'parentloop': {}, 'counter0': 4, 'counter': 5, 'revcounter': 2, 'revcounter0': 1, 'first': False, 'last': False}, 'field': <django.forms.boundfield.BoundField object at 0x7ff6f3f6fd40>}, {}, {}]
Exception while resolving variable 'help_text_inline' in template 'bootstrap5/uni_form.html'.
Traceback (most recent call last):
  File "/workspace/.pip-modules/lib/python3.12/site-packages/django/template/base.py", line 880, in _resolve_lookup
    current = current[bit]
              ~~~~~~~^^^^^
  File "/workspace/.pip-modules/lib/python3.12/site-packages/django/template/context.py", line 83, in __getitem__
    raise KeyError(key)
KeyError: 'help_text_inline'

During handling of the above exception, another exception occurred:

Traceback (most recent call last):
  File "/workspace/.pip-modules/lib/python3.12/site-packages/django/template/base.py", line 886, in _resolve_lookup
    if isinstance(current, BaseContext) and getattr(
                                            ^^^^^^^^
AttributeError: type object 'Context' has no attribute 'help_text_inline'

During handling of the above exception, another exception occurred:

Traceback (most recent call last):
  File "/workspace/.pip-modules/lib/python3.12/site-packages/django/template/base.py", line 896, in _resolve_lookup
    current = current[int(bit)]
                      ^^^^^^^^
ValueError: invalid literal for int() with base 10: 'help_text_inline'

During handling of the above exception, another exception occurred:

Traceback (most recent call last):
  File "/workspace/.pip-modules/lib/python3.12/site-packages/django/template/base.py", line 903, in _resolve_lookup
    raise VariableDoesNotExist(
django.template.base.VariableDoesNotExist: Failed lookup for key [help_text_inline] in [{'True': True, 'False': False, 'None': None}, {'field_class': '', 'field_template': 'bootstrap5/field.html', 'form_show_errors': True, 'form_show_labels': True, 'label_class': '', 'form': <BookingForm bound=False, valid=False, fields=(name;email;phone;date;time;guests)>}, {'forloop': {'parentloop': {}, 'counter0': 4, 'counter': 5, 'revcounter': 2, 'revcounter0': 1, 'first': False, 'last': False}, 'field': <django.forms.boundfield.BoundField object at 0x7ff6f3f6fd40>}, {}, {}]
Exception while resolving variable 'tag' in template 'bootstrap5/uni_form.html'.
Traceback (most recent call last):
  File "/workspace/.pip-modules/lib/python3.12/site-packages/django/template/base.py", line 880, in _resolve_lookup
    current = current[bit]
              ~~~~~~~^^^^^
  File "/workspace/.pip-modules/lib/python3.12/site-packages/django/template/context.py", line 83, in __getitem__
    raise KeyError(key)
KeyError: 'tag'

During handling of the above exception, another exception occurred:

Traceback (most recent call last):
  File "/workspace/.pip-modules/lib/python3.12/site-packages/django/template/base.py", line 886, in _resolve_lookup
    if isinstance(current, BaseContext) and getattr(
                                            ^^^^^^^^
AttributeError: type object 'Context' has no attribute 'tag'

During handling of the above exception, another exception occurred:

Traceback (most recent call last):
  File "/workspace/.pip-modules/lib/python3.12/site-packages/django/template/base.py", line 896, in _resolve_lookup
    current = current[int(bit)]
                      ^^^^^^^^
ValueError: invalid literal for int() with base 10: 'tag'

During handling of the above exception, another exception occurred:

Traceback (most recent call last):
  File "/workspace/.pip-modules/lib/python3.12/site-packages/django/template/base.py", line 903, in _resolve_lookup
    raise VariableDoesNotExist(
django.template.base.VariableDoesNotExist: Failed lookup for key [tag] in [{'True': True, 'False': False, 'None': None}, {'field_class': '', 'field_template': 'bootstrap5/field.html', 'form_show_errors': True, 'form_show_labels': True, 'label_class': '', 'form': <BookingForm bound=False, valid=False, fields=(name;email;phone;date;time;guests)>}, {'forloop': {'parentloop': {}, 'counter0': 4, 'counter': 5, 'revcounter': 2, 'revcounter0': 1, 'first': False, 'last': False}, 'field': <django.forms.boundfield.BoundField object at 0x7ff6f3f6fd40>}, {}]
Exception while resolving variable 'tag' in template 'bootstrap5/uni_form.html'.
Traceback (most recent call last):
  File "/workspace/.pip-modules/lib/python3.12/site-packages/django/template/base.py", line 880, in _resolve_lookup
    current = current[bit]
              ~~~~~~~^^^^^
  File "/workspace/.pip-modules/lib/python3.12/site-packages/django/template/context.py", line 83, in __getitem__
    raise KeyError(key)
KeyError: 'tag'

During handling of the above exception, another exception occurred:

Traceback (most recent call last):
  File "/workspace/.pip-modules/lib/python3.12/site-packages/django/template/base.py", line 886, in _resolve_lookup
    if isinstance(current, BaseContext) and getattr(
                                            ^^^^^^^^
AttributeError: type object 'Context' has no attribute 'tag'

During handling of the above exception, another exception occurred:

Traceback (most recent call last):
  File "/workspace/.pip-modules/lib/python3.12/site-packages/django/template/base.py", line 896, in _resolve_lookup
    current = current[int(bit)]
                      ^^^^^^^^
ValueError: invalid literal for int() with base 10: 'tag'

During handling of the above exception, another exception occurred:

Traceback (most recent call last):
  File "/workspace/.pip-modules/lib/python3.12/site-packages/django/template/base.py", line 903, in _resolve_lookup
    raise VariableDoesNotExist(
django.template.base.VariableDoesNotExist: Failed lookup for key [tag] in [{'True': True, 'False': False, 'None': None}, {'field_class': '', 'field_template': 'bootstrap5/field.html', 'form_show_errors': True, 'form_show_labels': True, 'label_class': '', 'form': <BookingForm bound=False, valid=False, fields=(name;email;phone;date;time;guests)>}, {'forloop': {'parentloop': {}, 'counter0': 5, 'counter': 6, 'revcounter': 1, 'revcounter0': 0, 'first': False, 'last': True}, 'field': <django.forms.boundfield.BoundField object at 0x7ff6f3f6e270>}, {}]
Exception while resolving variable 'form_class' in template 'bootstrap5/uni_form.html'.
Traceback (most recent call last):
  File "/workspace/.pip-modules/lib/python3.12/site-packages/django/template/base.py", line 880, in _resolve_lookup
    current = current[bit]
              ~~~~~~~^^^^^
  File "/workspace/.pip-modules/lib/python3.12/site-packages/django/template/context.py", line 83, in __getitem__
    raise KeyError(key)
KeyError: 'form_class'

During handling of the above exception, another exception occurred:

Traceback (most recent call last):
  File "/workspace/.pip-modules/lib/python3.12/site-packages/django/template/base.py", line 886, in _resolve_lookup
    if isinstance(current, BaseContext) and getattr(
                                            ^^^^^^^^
AttributeError: type object 'Context' has no attribute 'form_class'

During handling of the above exception, another exception occurred:

Traceback (most recent call last):
  File "/workspace/.pip-modules/lib/python3.12/site-packages/django/template/base.py", line 896, in _resolve_lookup
    current = current[int(bit)]
                      ^^^^^^^^
ValueError: invalid literal for int() with base 10: 'form_class'

During handling of the above exception, another exception occurred:

Traceback (most recent call last):
  File "/workspace/.pip-modules/lib/python3.12/site-packages/django/template/base.py", line 903, in _resolve_lookup
    raise VariableDoesNotExist(
django.template.base.VariableDoesNotExist: Failed lookup for key [form_class] in [{'True': True, 'False': False, 'None': None}, {'field_class': '', 'field_template': 'bootstrap5/field.html', 'form_show_errors': True, 'form_show_labels': True, 'label_class': '', 'form': <BookingForm bound=False, valid=False, fields=(name;email;phone;date;time;guests)>}, {'forloop': {'parentloop': {}, 'counter0': 5, 'counter': 6, 'revcounter': 1, 'revcounter0': 0, 'first': False, 'last': True}, 'field': <django.forms.boundfield.BoundField object at 0x7ff6f3f6e270>}, {}]
Exception while resolving variable 'wrapper_class' in template 'bootstrap5/uni_form.html'.
Traceback (most recent call last):
  File "/workspace/.pip-modules/lib/python3.12/site-packages/django/template/base.py", line 880, in _resolve_lookup
    current = current[bit]
              ~~~~~~~^^^^^
  File "/workspace/.pip-modules/lib/python3.12/site-packages/django/template/context.py", line 83, in __getitem__
    raise KeyError(key)
KeyError: 'wrapper_class'

During handling of the above exception, another exception occurred:

Traceback (most recent call last):
  File "/workspace/.pip-modules/lib/python3.12/site-packages/django/template/base.py", line 886, in _resolve_lookup
    if isinstance(current, BaseContext) and getattr(
                                            ^^^^^^^^
AttributeError: type object 'Context' has no attribute 'wrapper_class'

During handling of the above exception, another exception occurred:

Traceback (most recent call last):
  File "/workspace/.pip-modules/lib/python3.12/site-packages/django/template/base.py", line 896, in _resolve_lookup
    current = current[int(bit)]
                      ^^^^^^^^
ValueError: invalid literal for int() with base 10: 'wrapper_class'

During handling of the above exception, another exception occurred:

Traceback (most recent call last):
  File "/workspace/.pip-modules/lib/python3.12/site-packages/django/template/base.py", line 903, in _resolve_lookup
    raise VariableDoesNotExist(
django.template.base.VariableDoesNotExist: Failed lookup for key [wrapper_class] in [{'True': True, 'False': False, 'None': None}, {'field_class': '', 'field_template': 'bootstrap5/field.html', 'form_show_errors': True, 'form_show_labels': True, 'label_class': '', 'form': <BookingForm bound=False, valid=False, fields=(name;email;phone;date;time;guests)>}, {'forloop': {'parentloop': {}, 'counter0': 5, 'counter': 6, 'revcounter': 1, 'revcounter0': 0, 'first': False, 'last': True}, 'field': <django.forms.boundfield.BoundField object at 0x7ff6f3f6e270>}, {}]
Exception while resolving variable 'form_class' in template 'bootstrap5/uni_form.html'.
Traceback (most recent call last):
  File "/workspace/.pip-modules/lib/python3.12/site-packages/django/template/base.py", line 880, in _resolve_lookup
    current = current[bit]
              ~~~~~~~^^^^^
  File "/workspace/.pip-modules/lib/python3.12/site-packages/django/template/context.py", line 83, in __getitem__
    raise KeyError(key)
KeyError: 'form_class'

During handling of the above exception, another exception occurred:

Traceback (most recent call last):
  File "/workspace/.pip-modules/lib/python3.12/site-packages/django/template/base.py", line 886, in _resolve_lookup
    if isinstance(current, BaseContext) and getattr(
                                            ^^^^^^^^
AttributeError: type object 'Context' has no attribute 'form_class'

During handling of the above exception, another exception occurred:

Traceback (most recent call last):
  File "/workspace/.pip-modules/lib/python3.12/site-packages/django/template/base.py", line 896, in _resolve_lookup
    current = current[int(bit)]
                      ^^^^^^^^
ValueError: invalid literal for int() with base 10: 'form_class'

During handling of the above exception, another exception occurred:

Traceback (most recent call last):
  File "/workspace/.pip-modules/lib/python3.12/site-packages/django/template/base.py", line 903, in _resolve_lookup
    raise VariableDoesNotExist(
django.template.base.VariableDoesNotExist: Failed lookup for key [form_class] in [{'True': True, 'False': False, 'None': None}, {'field_class': '', 'field_template': 'bootstrap5/field.html', 'form_show_errors': True, 'form_show_labels': True, 'label_class': '', 'form': <BookingForm bound=False, valid=False, fields=(name;email;phone;date;time;guests)>}, {'forloop': {'parentloop': {}, 'counter0': 5, 'counter': 6, 'revcounter': 1, 'revcounter0': 0, 'first': False, 'last': True}, 'field': <django.forms.boundfield.BoundField object at 0x7ff6f3f6e270>}, {}]
Exception while resolving variable 'help_text_inline' in template 'bootstrap5/uni_form.html'.
Traceback (most recent call last):
  File "/workspace/.pip-modules/lib/python3.12/site-packages/django/template/base.py", line 880, in _resolve_lookup
    current = current[bit]
              ~~~~~~~^^^^^
  File "/workspace/.pip-modules/lib/python3.12/site-packages/django/template/context.py", line 83, in __getitem__
    raise KeyError(key)
KeyError: 'help_text_inline'

During handling of the above exception, another exception occurred:

Traceback (most recent call last):
  File "/workspace/.pip-modules/lib/python3.12/site-packages/django/template/base.py", line 886, in _resolve_lookup
    if isinstance(current, BaseContext) and getattr(
                                            ^^^^^^^^
AttributeError: type object 'Context' has no attribute 'help_text_inline'

During handling of the above exception, another exception occurred:

Traceback (most recent call last):
  File "/workspace/.pip-modules/lib/python3.12/site-packages/django/template/base.py", line 896, in _resolve_lookup
    current = current[int(bit)]
                      ^^^^^^^^
ValueError: invalid literal for int() with base 10: 'help_text_inline'

During handling of the above exception, another exception occurred:

Traceback (most recent call last):
  File "/workspace/.pip-modules/lib/python3.12/site-packages/django/template/base.py", line 903, in _resolve_lookup
    raise VariableDoesNotExist(
django.template.base.VariableDoesNotExist: Failed lookup for key [help_text_inline] in [{'True': True, 'False': False, 'None': None}, {'field_class': '', 'field_template': 'bootstrap5/field.html', 'form_show_errors': True, 'form_show_labels': True, 'label_class': '', 'form': <BookingForm bound=False, valid=False, fields=(name;email;phone;date;time;guests)>}, {'forloop': {'parentloop': {}, 'counter0': 5, 'counter': 6, 'revcounter': 1, 'revcounter0': 0, 'first': False, 'last': True}, 'field': <django.forms.boundfield.BoundField object at 0x7ff6f3f6e270>}, {}, {}]
Exception while resolving variable 'error_text_inline' in template 'bootstrap5/uni_form.html'.
Traceback (most recent call last):
  File "/workspace/.pip-modules/lib/python3.12/site-packages/django/template/base.py", line 880, in _resolve_lookup
    current = current[bit]
              ~~~~~~~^^^^^
  File "/workspace/.pip-modules/lib/python3.12/site-packages/django/template/context.py", line 83, in __getitem__
    raise KeyError(key)
KeyError: 'error_text_inline'

During handling of the above exception, another exception occurred:

Traceback (most recent call last):
  File "/workspace/.pip-modules/lib/python3.12/site-packages/django/template/base.py", line 886, in _resolve_lookup
    if isinstance(current, BaseContext) and getattr(
                                            ^^^^^^^^
AttributeError: type object 'Context' has no attribute 'error_text_inline'

During handling of the above exception, another exception occurred:

Traceback (most recent call last):
  File "/workspace/.pip-modules/lib/python3.12/site-packages/django/template/base.py", line 896, in _resolve_lookup
    current = current[int(bit)]
                      ^^^^^^^^
ValueError: invalid literal for int() with base 10: 'error_text_inline'

During handling of the above exception, another exception occurred:

Traceback (most recent call last):
  File "/workspace/.pip-modules/lib/python3.12/site-packages/django/template/base.py", line 903, in _resolve_lookup
    raise VariableDoesNotExist(
django.template.base.VariableDoesNotExist: Failed lookup for key [error_text_inline] in [{'True': True, 'False': False, 'None': None}, {'field_class': '', 'field_template': 'bootstrap5/field.html', 'form_show_errors': True, 'form_show_labels': True, 'label_class': '', 'form': <BookingForm bound=False, valid=False, fields=(name;email;phone;date;time;guests)>}, {'forloop': {'parentloop': {}, 'counter0': 5, 'counter': 6, 'revcounter': 1, 'revcounter0': 0, 'first': False, 'last': True}, 'field': <django.forms.boundfield.BoundField object at 0x7ff6f3f6e270>}, {}, {}]
Exception while resolving variable 'help_text_inline' in template 'bootstrap5/uni_form.html'.
Traceback (most recent call last):
  File "/workspace/.pip-modules/lib/python3.12/site-packages/django/template/base.py", line 880, in _resolve_lookup
    current = current[bit]
              ~~~~~~~^^^^^
  File "/workspace/.pip-modules/lib/python3.12/site-packages/django/template/context.py", line 83, in __getitem__
    raise KeyError(key)
KeyError: 'help_text_inline'

During handling of the above exception, another exception occurred:

Traceback (most recent call last):
  File "/workspace/.pip-modules/lib/python3.12/site-packages/django/template/base.py", line 886, in _resolve_lookup
    if isinstance(current, BaseContext) and getattr(
                                            ^^^^^^^^
AttributeError: type object 'Context' has no attribute 'help_text_inline'

During handling of the above exception, another exception occurred:

Traceback (most recent call last):
  File "/workspace/.pip-modules/lib/python3.12/site-packages/django/template/base.py", line 896, in _resolve_lookup
    current = current[int(bit)]
                      ^^^^^^^^
ValueError: invalid literal for int() with base 10: 'help_text_inline'

During handling of the above exception, another exception occurred:

Traceback (most recent call last):
  File "/workspace/.pip-modules/lib/python3.12/site-packages/django/template/base.py", line 903, in _resolve_lookup
    raise VariableDoesNotExist(
django.template.base.VariableDoesNotExist: Failed lookup for key [help_text_inline] in [{'True': True, 'False': False, 'None': None}, {'field_class': '', 'field_template': 'bootstrap5/field.html', 'form_show_errors': True, 'form_show_labels': True, 'label_class': '', 'form': <BookingForm bound=False, valid=False, fields=(name;email;phone;date;time;guests)>}, {'forloop': {'parentloop': {}, 'counter0': 5, 'counter': 6, 'revcounter': 1, 'revcounter0': 0, 'first': False, 'last': True}, 'field': <django.forms.boundfield.BoundField object at 0x7ff6f3f6e270>}, {}, {}]
Exception while resolving variable 'tag' in template 'bootstrap5/uni_form.html'.
Traceback (most recent call last):
  File "/workspace/.pip-modules/lib/python3.12/site-packages/django/template/base.py", line 880, in _resolve_lookup
    current = current[bit]
              ~~~~~~~^^^^^
  File "/workspace/.pip-modules/lib/python3.12/site-packages/django/template/context.py", line 83, in __getitem__
    raise KeyError(key)
KeyError: 'tag'

During handling of the above exception, another exception occurred:

Traceback (most recent call last):
  File "/workspace/.pip-modules/lib/python3.12/site-packages/django/template/base.py", line 886, in _resolve_lookup
    if isinstance(current, BaseContext) and getattr(
                                            ^^^^^^^^
AttributeError: type object 'Context' has no attribute 'tag'

During handling of the above exception, another exception occurred:

Traceback (most recent call last):
  File "/workspace/.pip-modules/lib/python3.12/site-packages/django/template/base.py", line 896, in _resolve_lookup
    current = current[int(bit)]
                      ^^^^^^^^
ValueError: invalid literal for int() with base 10: 'tag'

During handling of the above exception, another exception occurred:

Traceback (most recent call last):
  File "/workspace/.pip-modules/lib/python3.12/site-packages/django/template/base.py", line 903, in _resolve_lookup
    raise VariableDoesNotExist(
django.template.base.VariableDoesNotExist: Failed lookup for key [tag] in [{'True': True, 'False': False, 'None': None}, {'field_class': '', 'field_template': 'bootstrap5/field.html', 'form_show_errors': True, 'form_show_labels': True, 'label_class': '', 'form': <BookingForm bound=False, valid=False, fields=(name;email;phone;date;time;guests)>}, {'forloop': {'parentloop': {}, 'counter0': 5, 'counter': 6, 'revcounter': 1, 'revcounter0': 0, 'first': False, 'last': True}, 'field': <django.forms.boundfield.BoundField object at 0x7ff6f3f6e270>}, {}]
"GET /booking/ HTTP/1.1" 200 10862
"GET /static/css/style.css HTTP/1.1" 304 0
"GET /static/images/logo.png HTTP/1.1" 304 0
"GET /static/js/script.js HTTP/1.1" 304 0
"GET /static/images/pizza-home.png HTTP/1.1" 304 0
File /workspace/.pip-modules/lib/python3.12/site-packages/django/conf/locale/en/formats.py first seen with mtime 1723888178.3092916
File /workspace/.pip-modules/lib/python3.12/site-packages/django/conf/locale/en/__init__.py first seen with mtime 1723888178.3092916
Exception while resolving variable 'include_media' in template 'bootstrap5/uni_form.html'.
Traceback (most recent call last):
  File "/workspace/.pip-modules/lib/python3.12/site-packages/django/template/base.py", line 880, in _resolve_lookup
    current = current[bit]
              ~~~~~~~^^^^^
  File "/workspace/.pip-modules/lib/python3.12/site-packages/django/template/context.py", line 83, in __getitem__
    raise KeyError(key)
KeyError: 'include_media'

During handling of the above exception, another exception occurred:

Traceback (most recent call last):
  File "/workspace/.pip-modules/lib/python3.12/site-packages/django/template/base.py", line 886, in _resolve_lookup
    if isinstance(current, BaseContext) and getattr(
                                            ^^^^^^^^
AttributeError: type object 'Context' has no attribute 'include_media'

During handling of the above exception, another exception occurred:

Traceback (most recent call last):
  File "/workspace/.pip-modules/lib/python3.12/site-packages/django/template/base.py", line 896, in _resolve_lookup
    current = current[int(bit)]
                      ^^^^^^^^
ValueError: invalid literal for int() with base 10: 'include_media'

During handling of the above exception, another exception occurred:

Traceback (most recent call last):
  File "/workspace/.pip-modules/lib/python3.12/site-packages/django/template/base.py", line 903, in _resolve_lookup
    raise VariableDoesNotExist(
django.template.base.VariableDoesNotExist: Failed lookup for key [include_media] in [{'True': True, 'False': False, 'None': None}, {'field_class': '', 'field_template': 'bootstrap5/field.html', 'form_show_errors': True, 'form_show_labels': True, 'label_class': '', 'form': <BookingForm bound=False, valid=Unknown, fields=(name;email;phone;date;time;guests)>}]
Exception while resolving variable 'tag' in template 'bootstrap5/uni_form.html'.
Traceback (most recent call last):
  File "/workspace/.pip-modules/lib/python3.12/site-packages/django/template/base.py", line 880, in _resolve_lookup
    current = current[bit]
              ~~~~~~~^^^^^
  File "/workspace/.pip-modules/lib/python3.12/site-packages/django/template/context.py", line 83, in __getitem__
    raise KeyError(key)
KeyError: 'tag'

During handling of the above exception, another exception occurred:

Traceback (most recent call last):
  File "/workspace/.pip-modules/lib/python3.12/site-packages/django/template/base.py", line 886, in _resolve_lookup
    if isinstance(current, BaseContext) and getattr(
                                            ^^^^^^^^
AttributeError: type object 'Context' has no attribute 'tag'

During handling of the above exception, another exception occurred:

Traceback (most recent call last):
  File "/workspace/.pip-modules/lib/python3.12/site-packages/django/template/base.py", line 896, in _resolve_lookup
    current = current[int(bit)]
                      ^^^^^^^^
ValueError: invalid literal for int() with base 10: 'tag'

During handling of the above exception, another exception occurred:

Traceback (most recent call last):
  File "/workspace/.pip-modules/lib/python3.12/site-packages/django/template/base.py", line 903, in _resolve_lookup
    raise VariableDoesNotExist(
django.template.base.VariableDoesNotExist: Failed lookup for key [tag] in [{'True': True, 'False': False, 'None': None}, {'field_class': '', 'field_template': 'bootstrap5/field.html', 'form_show_errors': True, 'form_show_labels': True, 'label_class': '', 'form': <BookingForm bound=False, valid=False, fields=(name;email;phone;date;time;guests)>}, {'forloop': {'parentloop': {}, 'counter0': 0, 'counter': 1, 'revcounter': 6, 'revcounter0': 5, 'first': True, 'last': False}, 'field': <django.forms.boundfield.BoundField object at 0x7ff6f89f70e0>}, {}]
Exception while resolving variable 'form_class' in template 'bootstrap5/uni_form.html'.
Traceback (most recent call last):
  File "/workspace/.pip-modules/lib/python3.12/site-packages/django/template/base.py", line 880, in _resolve_lookup
    current = current[bit]
              ~~~~~~~^^^^^
  File "/workspace/.pip-modules/lib/python3.12/site-packages/django/template/context.py", line 83, in __getitem__
    raise KeyError(key)
KeyError: 'form_class'

During handling of the above exception, another exception occurred:

Traceback (most recent call last):
  File "/workspace/.pip-modules/lib/python3.12/site-packages/django/template/base.py", line 886, in _resolve_lookup
    if isinstance(current, BaseContext) and getattr(
                                            ^^^^^^^^
AttributeError: type object 'Context' has no attribute 'form_class'

During handling of the above exception, another exception occurred:

Traceback (most recent call last):
  File "/workspace/.pip-modules/lib/python3.12/site-packages/django/template/base.py", line 896, in _resolve_lookup
    current = current[int(bit)]
                      ^^^^^^^^
ValueError: invalid literal for int() with base 10: 'form_class'

During handling of the above exception, another exception occurred:

Traceback (most recent call last):
  File "/workspace/.pip-modules/lib/python3.12/site-packages/django/template/base.py", line 903, in _resolve_lookup
    raise VariableDoesNotExist(
django.template.base.VariableDoesNotExist: Failed lookup for key [form_class] in [{'True': True, 'False': False, 'None': None}, {'field_class': '', 'field_template': 'bootstrap5/field.html', 'form_show_errors': True, 'form_show_labels': True, 'label_class': '', 'form': <BookingForm bound=False, valid=False, fields=(name;email;phone;date;time;guests)>}, {'forloop': {'parentloop': {}, 'counter0': 0, 'counter': 1, 'revcounter': 6, 'revcounter0': 5, 'first': True, 'last': False}, 'field': <django.forms.boundfield.BoundField object at 0x7ff6f89f70e0>}, {}]
Exception while resolving variable 'wrapper_class' in template 'bootstrap5/uni_form.html'.
Traceback (most recent call last):
  File "/workspace/.pip-modules/lib/python3.12/site-packages/django/template/base.py", line 880, in _resolve_lookup
    current = current[bit]
              ~~~~~~~^^^^^
  File "/workspace/.pip-modules/lib/python3.12/site-packages/django/template/context.py", line 83, in __getitem__
    raise KeyError(key)
KeyError: 'wrapper_class'

During handling of the above exception, another exception occurred:

Traceback (most recent call last):
  File "/workspace/.pip-modules/lib/python3.12/site-packages/django/template/base.py", line 886, in _resolve_lookup
    if isinstance(current, BaseContext) and getattr(
                                            ^^^^^^^^
AttributeError: type object 'Context' has no attribute 'wrapper_class'

During handling of the above exception, another exception occurred:

Traceback (most recent call last):
  File "/workspace/.pip-modules/lib/python3.12/site-packages/django/template/base.py", line 896, in _resolve_lookup
    current = current[int(bit)]
                      ^^^^^^^^
ValueError: invalid literal for int() with base 10: 'wrapper_class'

During handling of the above exception, another exception occurred:

Traceback (most recent call last):
  File "/workspace/.pip-modules/lib/python3.12/site-packages/django/template/base.py", line 903, in _resolve_lookup
    raise VariableDoesNotExist(
django.template.base.VariableDoesNotExist: Failed lookup for key [wrapper_class] in [{'True': True, 'False': False, 'None': None}, {'field_class': '', 'field_template': 'bootstrap5/field.html', 'form_show_errors': True, 'form_show_labels': True, 'label_class': '', 'form': <BookingForm bound=False, valid=False, fields=(name;email;phone;date;time;guests)>}, {'forloop': {'parentloop': {}, 'counter0': 0, 'counter': 1, 'revcounter': 6, 'revcounter0': 5, 'first': True, 'last': False}, 'field': <django.forms.boundfield.BoundField object at 0x7ff6f89f70e0>}, {}]
Exception while resolving variable 'form_class' in template 'bootstrap5/uni_form.html'.
Traceback (most recent call last):
  File "/workspace/.pip-modules/lib/python3.12/site-packages/django/template/base.py", line 880, in _resolve_lookup
    current = current[bit]
              ~~~~~~~^^^^^
  File "/workspace/.pip-modules/lib/python3.12/site-packages/django/template/context.py", line 83, in __getitem__
    raise KeyError(key)
KeyError: 'form_class'

During handling of the above exception, another exception occurred:

Traceback (most recent call last):
  File "/workspace/.pip-modules/lib/python3.12/site-packages/django/template/base.py", line 886, in _resolve_lookup
    if isinstance(current, BaseContext) and getattr(
                                            ^^^^^^^^
AttributeError: type object 'Context' has no attribute 'form_class'

During handling of the above exception, another exception occurred:

Traceback (most recent call last):
  File "/workspace/.pip-modules/lib/python3.12/site-packages/django/template/base.py", line 896, in _resolve_lookup
    current = current[int(bit)]
                      ^^^^^^^^
ValueError: invalid literal for int() with base 10: 'form_class'

During handling of the above exception, another exception occurred:

Traceback (most recent call last):
  File "/workspace/.pip-modules/lib/python3.12/site-packages/django/template/base.py", line 903, in _resolve_lookup
    raise VariableDoesNotExist(
django.template.base.VariableDoesNotExist: Failed lookup for key [form_class] in [{'True': True, 'False': False, 'None': None}, {'field_class': '', 'field_template': 'bootstrap5/field.html', 'form_show_errors': True, 'form_show_labels': True, 'label_class': '', 'form': <BookingForm bound=False, valid=False, fields=(name;email;phone;date;time;guests)>}, {'forloop': {'parentloop': {}, 'counter0': 0, 'counter': 1, 'revcounter': 6, 'revcounter0': 5, 'first': True, 'last': False}, 'field': <django.forms.boundfield.BoundField object at 0x7ff6f89f70e0>}, {}]
Exception while resolving variable 'help_text_inline' in template 'bootstrap5/uni_form.html'.
Traceback (most recent call last):
  File "/workspace/.pip-modules/lib/python3.12/site-packages/django/template/base.py", line 880, in _resolve_lookup
    current = current[bit]
              ~~~~~~~^^^^^
  File "/workspace/.pip-modules/lib/python3.12/site-packages/django/template/context.py", line 83, in __getitem__
    raise KeyError(key)
KeyError: 'help_text_inline'

During handling of the above exception, another exception occurred:

Traceback (most recent call last):
  File "/workspace/.pip-modules/lib/python3.12/site-packages/django/template/base.py", line 886, in _resolve_lookup
    if isinstance(current, BaseContext) and getattr(
                                            ^^^^^^^^
AttributeError: type object 'Context' has no attribute 'help_text_inline'

During handling of the above exception, another exception occurred:

Traceback (most recent call last):
  File "/workspace/.pip-modules/lib/python3.12/site-packages/django/template/base.py", line 896, in _resolve_lookup
    current = current[int(bit)]
                      ^^^^^^^^
ValueError: invalid literal for int() with base 10: 'help_text_inline'

During handling of the above exception, another exception occurred:

Traceback (most recent call last):
  File "/workspace/.pip-modules/lib/python3.12/site-packages/django/template/base.py", line 903, in _resolve_lookup
    raise VariableDoesNotExist(
django.template.base.VariableDoesNotExist: Failed lookup for key [help_text_inline] in [{'True': True, 'False': False, 'None': None}, {'field_class': '', 'field_template': 'bootstrap5/field.html', 'form_show_errors': True, 'form_show_labels': True, 'label_class': '', 'form': <BookingForm bound=False, valid=False, fields=(name;email;phone;date;time;guests)>}, {'forloop': {'parentloop': {}, 'counter0': 0, 'counter': 1, 'revcounter': 6, 'revcounter0': 5, 'first': True, 'last': False}, 'field': <django.forms.boundfield.BoundField object at 0x7ff6f89f70e0>}, {}, {}]
Exception while resolving variable 'error_text_inline' in template 'bootstrap5/uni_form.html'.
Traceback (most recent call last):
  File "/workspace/.pip-modules/lib/python3.12/site-packages/django/template/base.py", line 880, in _resolve_lookup
    current = current[bit]
              ~~~~~~~^^^^^
  File "/workspace/.pip-modules/lib/python3.12/site-packages/django/template/context.py", line 83, in __getitem__
    raise KeyError(key)
KeyError: 'error_text_inline'

During handling of the above exception, another exception occurred:

Traceback (most recent call last):
  File "/workspace/.pip-modules/lib/python3.12/site-packages/django/template/base.py", line 886, in _resolve_lookup
    if isinstance(current, BaseContext) and getattr(
                                            ^^^^^^^^
AttributeError: type object 'Context' has no attribute 'error_text_inline'

During handling of the above exception, another exception occurred:

Traceback (most recent call last):
  File "/workspace/.pip-modules/lib/python3.12/site-packages/django/template/base.py", line 896, in _resolve_lookup
    current = current[int(bit)]
                      ^^^^^^^^
ValueError: invalid literal for int() with base 10: 'error_text_inline'

During handling of the above exception, another exception occurred:

Traceback (most recent call last):
  File "/workspace/.pip-modules/lib/python3.12/site-packages/django/template/base.py", line 903, in _resolve_lookup
    raise VariableDoesNotExist(
django.template.base.VariableDoesNotExist: Failed lookup for key [error_text_inline] in [{'True': True, 'False': False, 'None': None}, {'field_class': '', 'field_template': 'bootstrap5/field.html', 'form_show_errors': True, 'form_show_labels': True, 'label_class': '', 'form': <BookingForm bound=False, valid=False, fields=(name;email;phone;date;time;guests)>}, {'forloop': {'parentloop': {}, 'counter0': 0, 'counter': 1, 'revcounter': 6, 'revcounter0': 5, 'first': True, 'last': False}, 'field': <django.forms.boundfield.BoundField object at 0x7ff6f89f70e0>}, {}, {}]
Exception while resolving variable 'help_text_inline' in template 'bootstrap5/uni_form.html'.
Traceback (most recent call last):
  File "/workspace/.pip-modules/lib/python3.12/site-packages/django/template/base.py", line 880, in _resolve_lookup
    current = current[bit]
              ~~~~~~~^^^^^
  File "/workspace/.pip-modules/lib/python3.12/site-packages/django/template/context.py", line 83, in __getitem__
    raise KeyError(key)
KeyError: 'help_text_inline'

During handling of the above exception, another exception occurred:

Traceback (most recent call last):
  File "/workspace/.pip-modules/lib/python3.12/site-packages/django/template/base.py", line 886, in _resolve_lookup
    if isinstance(current, BaseContext) and getattr(
                                            ^^^^^^^^
AttributeError: type object 'Context' has no attribute 'help_text_inline'

During handling of the above exception, another exception occurred:

Traceback (most recent call last):
  File "/workspace/.pip-modules/lib/python3.12/site-packages/django/template/base.py", line 896, in _resolve_lookup
    current = current[int(bit)]
                      ^^^^^^^^
ValueError: invalid literal for int() with base 10: 'help_text_inline'

During handling of the above exception, another exception occurred:

Traceback (most recent call last):
  File "/workspace/.pip-modules/lib/python3.12/site-packages/django/template/base.py", line 903, in _resolve_lookup
    raise VariableDoesNotExist(
django.template.base.VariableDoesNotExist: Failed lookup for key [help_text_inline] in [{'True': True, 'False': False, 'None': None}, {'field_class': '', 'field_template': 'bootstrap5/field.html', 'form_show_errors': True, 'form_show_labels': True, 'label_class': '', 'form': <BookingForm bound=False, valid=False, fields=(name;email;phone;date;time;guests)>}, {'forloop': {'parentloop': {}, 'counter0': 0, 'counter': 1, 'revcounter': 6, 'revcounter0': 5, 'first': True, 'last': False}, 'field': <django.forms.boundfield.BoundField object at 0x7ff6f89f70e0>}, {}, {}]
Exception while resolving variable 'tag' in template 'bootstrap5/uni_form.html'.
Traceback (most recent call last):
  File "/workspace/.pip-modules/lib/python3.12/site-packages/django/template/base.py", line 880, in _resolve_lookup
    current = current[bit]
              ~~~~~~~^^^^^
  File "/workspace/.pip-modules/lib/python3.12/site-packages/django/template/context.py", line 83, in __getitem__
    raise KeyError(key)
KeyError: 'tag'

During handling of the above exception, another exception occurred:

Traceback (most recent call last):
  File "/workspace/.pip-modules/lib/python3.12/site-packages/django/template/base.py", line 886, in _resolve_lookup
    if isinstance(current, BaseContext) and getattr(
                                            ^^^^^^^^
AttributeError: type object 'Context' has no attribute 'tag'

During handling of the above exception, another exception occurred:

Traceback (most recent call last):
  File "/workspace/.pip-modules/lib/python3.12/site-packages/django/template/base.py", line 896, in _resolve_lookup
    current = current[int(bit)]
                      ^^^^^^^^
ValueError: invalid literal for int() with base 10: 'tag'

During handling of the above exception, another exception occurred:

Traceback (most recent call last):
  File "/workspace/.pip-modules/lib/python3.12/site-packages/django/template/base.py", line 903, in _resolve_lookup
    raise VariableDoesNotExist(
django.template.base.VariableDoesNotExist: Failed lookup for key [tag] in [{'True': True, 'False': False, 'None': None}, {'field_class': '', 'field_template': 'bootstrap5/field.html', 'form_show_errors': True, 'form_show_labels': True, 'label_class': '', 'form': <BookingForm bound=False, valid=False, fields=(name;email;phone;date;time;guests)>}, {'forloop': {'parentloop': {}, 'counter0': 0, 'counter': 1, 'revcounter': 6, 'revcounter0': 5, 'first': True, 'last': False}, 'field': <django.forms.boundfield.BoundField object at 0x7ff6f89f70e0>}, {}]
Exception while resolving variable 'tag' in template 'bootstrap5/uni_form.html'.
Traceback (most recent call last):
  File "/workspace/.pip-modules/lib/python3.12/site-packages/django/template/base.py", line 880, in _resolve_lookup
    current = current[bit]
              ~~~~~~~^^^^^
  File "/workspace/.pip-modules/lib/python3.12/site-packages/django/template/context.py", line 83, in __getitem__
    raise KeyError(key)
KeyError: 'tag'

During handling of the above exception, another exception occurred:

Traceback (most recent call last):
  File "/workspace/.pip-modules/lib/python3.12/site-packages/django/template/base.py", line 886, in _resolve_lookup
    if isinstance(current, BaseContext) and getattr(
                                            ^^^^^^^^
AttributeError: type object 'Context' has no attribute 'tag'

During handling of the above exception, another exception occurred:

Traceback (most recent call last):
  File "/workspace/.pip-modules/lib/python3.12/site-packages/django/template/base.py", line 896, in _resolve_lookup
    current = current[int(bit)]
                      ^^^^^^^^
ValueError: invalid literal for int() with base 10: 'tag'

During handling of the above exception, another exception occurred:

Traceback (most recent call last):
  File "/workspace/.pip-modules/lib/python3.12/site-packages/django/template/base.py", line 903, in _resolve_lookup
    raise VariableDoesNotExist(
django.template.base.VariableDoesNotExist: Failed lookup for key [tag] in [{'True': True, 'False': False, 'None': None}, {'field_class': '', 'field_template': 'bootstrap5/field.html', 'form_show_errors': True, 'form_show_labels': True, 'label_class': '', 'form': <BookingForm bound=False, valid=False, fields=(name;email;phone;date;time;guests)>}, {'forloop': {'parentloop': {}, 'counter0': 1, 'counter': 2, 'revcounter': 5, 'revcounter0': 4, 'first': False, 'last': False}, 'field': <django.forms.boundfield.BoundField object at 0x7ff6f897f4a0>}, {}]
Exception while resolving variable 'form_class' in template 'bootstrap5/uni_form.html'.
Traceback (most recent call last):
  File "/workspace/.pip-modules/lib/python3.12/site-packages/django/template/base.py", line 880, in _resolve_lookup
    current = current[bit]
              ~~~~~~~^^^^^
  File "/workspace/.pip-modules/lib/python3.12/site-packages/django/template/context.py", line 83, in __getitem__
    raise KeyError(key)
KeyError: 'form_class'

During handling of the above exception, another exception occurred:

Traceback (most recent call last):
  File "/workspace/.pip-modules/lib/python3.12/site-packages/django/template/base.py", line 886, in _resolve_lookup
    if isinstance(current, BaseContext) and getattr(
                                            ^^^^^^^^
AttributeError: type object 'Context' has no attribute 'form_class'

During handling of the above exception, another exception occurred:

Traceback (most recent call last):
  File "/workspace/.pip-modules/lib/python3.12/site-packages/django/template/base.py", line 896, in _resolve_lookup
    current = current[int(bit)]
                      ^^^^^^^^
ValueError: invalid literal for int() with base 10: 'form_class'

During handling of the above exception, another exception occurred:

Traceback (most recent call last):
  File "/workspace/.pip-modules/lib/python3.12/site-packages/django/template/base.py", line 903, in _resolve_lookup
    raise VariableDoesNotExist(
django.template.base.VariableDoesNotExist: Failed lookup for key [form_class] in [{'True': True, 'False': False, 'None': None}, {'field_class': '', 'field_template': 'bootstrap5/field.html', 'form_show_errors': True, 'form_show_labels': True, 'label_class': '', 'form': <BookingForm bound=False, valid=False, fields=(name;email;phone;date;time;guests)>}, {'forloop': {'parentloop': {}, 'counter0': 1, 'counter': 2, 'revcounter': 5, 'revcounter0': 4, 'first': False, 'last': False}, 'field': <django.forms.boundfield.BoundField object at 0x7ff6f897f4a0>}, {}]
Exception while resolving variable 'wrapper_class' in template 'bootstrap5/uni_form.html'.
Traceback (most recent call last):
  File "/workspace/.pip-modules/lib/python3.12/site-packages/django/template/base.py", line 880, in _resolve_lookup
    current = current[bit]
              ~~~~~~~^^^^^
  File "/workspace/.pip-modules/lib/python3.12/site-packages/django/template/context.py", line 83, in __getitem__
    raise KeyError(key)
KeyError: 'wrapper_class'

During handling of the above exception, another exception occurred:

Traceback (most recent call last):
  File "/workspace/.pip-modules/lib/python3.12/site-packages/django/template/base.py", line 886, in _resolve_lookup
    if isinstance(current, BaseContext) and getattr(
                                            ^^^^^^^^
AttributeError: type object 'Context' has no attribute 'wrapper_class'

During handling of the above exception, another exception occurred:

Traceback (most recent call last):
  File "/workspace/.pip-modules/lib/python3.12/site-packages/django/template/base.py", line 896, in _resolve_lookup
    current = current[int(bit)]
                      ^^^^^^^^
ValueError: invalid literal for int() with base 10: 'wrapper_class'

During handling of the above exception, another exception occurred:

Traceback (most recent call last):
  File "/workspace/.pip-modules/lib/python3.12/site-packages/django/template/base.py", line 903, in _resolve_lookup
    raise VariableDoesNotExist(
django.template.base.VariableDoesNotExist: Failed lookup for key [wrapper_class] in [{'True': True, 'False': False, 'None': None}, {'field_class': '', 'field_template': 'bootstrap5/field.html', 'form_show_errors': True, 'form_show_labels': True, 'label_class': '', 'form': <BookingForm bound=False, valid=False, fields=(name;email;phone;date;time;guests)>}, {'forloop': {'parentloop': {}, 'counter0': 1, 'counter': 2, 'revcounter': 5, 'revcounter0': 4, 'first': False, 'last': False}, 'field': <django.forms.boundfield.BoundField object at 0x7ff6f897f4a0>}, {}]
Exception while resolving variable 'form_class' in template 'bootstrap5/uni_form.html'.
Traceback (most recent call last):
  File "/workspace/.pip-modules/lib/python3.12/site-packages/django/template/base.py", line 880, in _resolve_lookup
    current = current[bit]
              ~~~~~~~^^^^^
  File "/workspace/.pip-modules/lib/python3.12/site-packages/django/template/context.py", line 83, in __getitem__
    raise KeyError(key)
KeyError: 'form_class'

During handling of the above exception, another exception occurred:

Traceback (most recent call last):
  File "/workspace/.pip-modules/lib/python3.12/site-packages/django/template/base.py", line 886, in _resolve_lookup
    if isinstance(current, BaseContext) and getattr(
                                            ^^^^^^^^
AttributeError: type object 'Context' has no attribute 'form_class'

During handling of the above exception, another exception occurred:

Traceback (most recent call last):
  File "/workspace/.pip-modules/lib/python3.12/site-packages/django/template/base.py", line 896, in _resolve_lookup
    current = current[int(bit)]
                      ^^^^^^^^
ValueError: invalid literal for int() with base 10: 'form_class'

During handling of the above exception, another exception occurred:

Traceback (most recent call last):
  File "/workspace/.pip-modules/lib/python3.12/site-packages/django/template/base.py", line 903, in _resolve_lookup
    raise VariableDoesNotExist(
django.template.base.VariableDoesNotExist: Failed lookup for key [form_class] in [{'True': True, 'False': False, 'None': None}, {'field_class': '', 'field_template': 'bootstrap5/field.html', 'form_show_errors': True, 'form_show_labels': True, 'label_class': '', 'form': <BookingForm bound=False, valid=False, fields=(name;email;phone;date;time;guests)>}, {'forloop': {'parentloop': {}, 'counter0': 1, 'counter': 2, 'revcounter': 5, 'revcounter0': 4, 'first': False, 'last': False}, 'field': <django.forms.boundfield.BoundField object at 0x7ff6f897f4a0>}, {}]
Exception while resolving variable 'help_text_inline' in template 'bootstrap5/uni_form.html'.
Traceback (most recent call last):
  File "/workspace/.pip-modules/lib/python3.12/site-packages/django/template/base.py", line 880, in _resolve_lookup
    current = current[bit]
              ~~~~~~~^^^^^
  File "/workspace/.pip-modules/lib/python3.12/site-packages/django/template/context.py", line 83, in __getitem__
    raise KeyError(key)
KeyError: 'help_text_inline'

During handling of the above exception, another exception occurred:

Traceback (most recent call last):
  File "/workspace/.pip-modules/lib/python3.12/site-packages/django/template/base.py", line 886, in _resolve_lookup
    if isinstance(current, BaseContext) and getattr(
                                            ^^^^^^^^
AttributeError: type object 'Context' has no attribute 'help_text_inline'

During handling of the above exception, another exception occurred:

Traceback (most recent call last):
  File "/workspace/.pip-modules/lib/python3.12/site-packages/django/template/base.py", line 896, in _resolve_lookup
    current = current[int(bit)]
                      ^^^^^^^^
ValueError: invalid literal for int() with base 10: 'help_text_inline'

During handling of the above exception, another exception occurred:

Traceback (most recent call last):
  File "/workspace/.pip-modules/lib/python3.12/site-packages/django/template/base.py", line 903, in _resolve_lookup
    raise VariableDoesNotExist(
django.template.base.VariableDoesNotExist: Failed lookup for key [help_text_inline] in [{'True': True, 'False': False, 'None': None}, {'field_class': '', 'field_template': 'bootstrap5/field.html', 'form_show_errors': True, 'form_show_labels': True, 'label_class': '', 'form': <BookingForm bound=False, valid=False, fields=(name;email;phone;date;time;guests)>}, {'forloop': {'parentloop': {}, 'counter0': 1, 'counter': 2, 'revcounter': 5, 'revcounter0': 4, 'first': False, 'last': False}, 'field': <django.forms.boundfield.BoundField object at 0x7ff6f897f4a0>}, {}, {}]
Exception while resolving variable 'error_text_inline' in template 'bootstrap5/uni_form.html'.
Traceback (most recent call last):
  File "/workspace/.pip-modules/lib/python3.12/site-packages/django/template/base.py", line 880, in _resolve_lookup
    current = current[bit]
              ~~~~~~~^^^^^
  File "/workspace/.pip-modules/lib/python3.12/site-packages/django/template/context.py", line 83, in __getitem__
    raise KeyError(key)
KeyError: 'error_text_inline'

During handling of the above exception, another exception occurred:

Traceback (most recent call last):
  File "/workspace/.pip-modules/lib/python3.12/site-packages/django/template/base.py", line 886, in _resolve_lookup
    if isinstance(current, BaseContext) and getattr(
                                            ^^^^^^^^
AttributeError: type object 'Context' has no attribute 'error_text_inline'

During handling of the above exception, another exception occurred:

Traceback (most recent call last):
  File "/workspace/.pip-modules/lib/python3.12/site-packages/django/template/base.py", line 896, in _resolve_lookup
    current = current[int(bit)]
                      ^^^^^^^^
ValueError: invalid literal for int() with base 10: 'error_text_inline'

During handling of the above exception, another exception occurred:

Traceback (most recent call last):
  File "/workspace/.pip-modules/lib/python3.12/site-packages/django/template/base.py", line 903, in _resolve_lookup
    raise VariableDoesNotExist(
django.template.base.VariableDoesNotExist: Failed lookup for key [error_text_inline] in [{'True': True, 'False': False, 'None': None}, {'field_class': '', 'field_template': 'bootstrap5/field.html', 'form_show_errors': True, 'form_show_labels': True, 'label_class': '', 'form': <BookingForm bound=False, valid=False, fields=(name;email;phone;date;time;guests)>}, {'forloop': {'parentloop': {}, 'counter0': 1, 'counter': 2, 'revcounter': 5, 'revcounter0': 4, 'first': False, 'last': False}, 'field': <django.forms.boundfield.BoundField object at 0x7ff6f897f4a0>}, {}, {}]
Exception while resolving variable 'help_text_inline' in template 'bootstrap5/uni_form.html'.
Traceback (most recent call last):
  File "/workspace/.pip-modules/lib/python3.12/site-packages/django/template/base.py", line 880, in _resolve_lookup
    current = current[bit]
              ~~~~~~~^^^^^
  File "/workspace/.pip-modules/lib/python3.12/site-packages/django/template/context.py", line 83, in __getitem__
    raise KeyError(key)
KeyError: 'help_text_inline'

During handling of the above exception, another exception occurred:

Traceback (most recent call last):
  File "/workspace/.pip-modules/lib/python3.12/site-packages/django/template/base.py", line 886, in _resolve_lookup
    if isinstance(current, BaseContext) and getattr(
                                            ^^^^^^^^
AttributeError: type object 'Context' has no attribute 'help_text_inline'

During handling of the above exception, another exception occurred:

Traceback (most recent call last):
  File "/workspace/.pip-modules/lib/python3.12/site-packages/django/template/base.py", line 896, in _resolve_lookup
    current = current[int(bit)]
                      ^^^^^^^^
ValueError: invalid literal for int() with base 10: 'help_text_inline'

During handling of the above exception, another exception occurred:

Traceback (most recent call last):
  File "/workspace/.pip-modules/lib/python3.12/site-packages/django/template/base.py", line 903, in _resolve_lookup
    raise VariableDoesNotExist(
django.template.base.VariableDoesNotExist: Failed lookup for key [help_text_inline] in [{'True': True, 'False': False, 'None': None}, {'field_class': '', 'field_template': 'bootstrap5/field.html', 'form_show_errors': True, 'form_show_labels': True, 'label_class': '', 'form': <BookingForm bound=False, valid=False, fields=(name;email;phone;date;time;guests)>}, {'forloop': {'parentloop': {}, 'counter0': 1, 'counter': 2, 'revcounter': 5, 'revcounter0': 4, 'first': False, 'last': False}, 'field': <django.forms.boundfield.BoundField object at 0x7ff6f897f4a0>}, {}, {}]
Exception while resolving variable 'tag' in template 'bootstrap5/uni_form.html'.
Traceback (most recent call last):
  File "/workspace/.pip-modules/lib/python3.12/site-packages/django/template/base.py", line 880, in _resolve_lookup
    current = current[bit]
              ~~~~~~~^^^^^
  File "/workspace/.pip-modules/lib/python3.12/site-packages/django/template/context.py", line 83, in __getitem__
    raise KeyError(key)
KeyError: 'tag'

During handling of the above exception, another exception occurred:

Traceback (most recent call last):
  File "/workspace/.pip-modules/lib/python3.12/site-packages/django/template/base.py", line 886, in _resolve_lookup
    if isinstance(current, BaseContext) and getattr(
                                            ^^^^^^^^
AttributeError: type object 'Context' has no attribute 'tag'

During handling of the above exception, another exception occurred:

Traceback (most recent call last):
  File "/workspace/.pip-modules/lib/python3.12/site-packages/django/template/base.py", line 896, in _resolve_lookup
    current = current[int(bit)]
                      ^^^^^^^^
ValueError: invalid literal for int() with base 10: 'tag'

During handling of the above exception, another exception occurred:

Traceback (most recent call last):
  File "/workspace/.pip-modules/lib/python3.12/site-packages/django/template/base.py", line 903, in _resolve_lookup
    raise VariableDoesNotExist(
django.template.base.VariableDoesNotExist: Failed lookup for key [tag] in [{'True': True, 'False': False, 'None': None}, {'field_class': '', 'field_template': 'bootstrap5/field.html', 'form_show_errors': True, 'form_show_labels': True, 'label_class': '', 'form': <BookingForm bound=False, valid=False, fields=(name;email;phone;date;time;guests)>}, {'forloop': {'parentloop': {}, 'counter0': 1, 'counter': 2, 'revcounter': 5, 'revcounter0': 4, 'first': False, 'last': False}, 'field': <django.forms.boundfield.BoundField object at 0x7ff6f897f4a0>}, {}]
Exception while resolving variable 'tag' in template 'bootstrap5/uni_form.html'.
Traceback (most recent call last):
  File "/workspace/.pip-modules/lib/python3.12/site-packages/django/template/base.py", line 880, in _resolve_lookup
    current = current[bit]
              ~~~~~~~^^^^^
  File "/workspace/.pip-modules/lib/python3.12/site-packages/django/template/context.py", line 83, in __getitem__
    raise KeyError(key)
KeyError: 'tag'

During handling of the above exception, another exception occurred:

Traceback (most recent call last):
  File "/workspace/.pip-modules/lib/python3.12/site-packages/django/template/base.py", line 886, in _resolve_lookup
    if isinstance(current, BaseContext) and getattr(
                                            ^^^^^^^^
AttributeError: type object 'Context' has no attribute 'tag'

During handling of the above exception, another exception occurred:

Traceback (most recent call last):
  File "/workspace/.pip-modules/lib/python3.12/site-packages/django/template/base.py", line 896, in _resolve_lookup
    current = current[int(bit)]
                      ^^^^^^^^
ValueError: invalid literal for int() with base 10: 'tag'

During handling of the above exception, another exception occurred:

Traceback (most recent call last):
  File "/workspace/.pip-modules/lib/python3.12/site-packages/django/template/base.py", line 903, in _resolve_lookup
    raise VariableDoesNotExist(
django.template.base.VariableDoesNotExist: Failed lookup for key [tag] in [{'True': True, 'False': False, 'None': None}, {'field_class': '', 'field_template': 'bootstrap5/field.html', 'form_show_errors': True, 'form_show_labels': True, 'label_class': '', 'form': <BookingForm bound=False, valid=False, fields=(name;email;phone;date;time;guests)>}, {'forloop': {'parentloop': {}, 'counter0': 2, 'counter': 3, 'revcounter': 4, 'revcounter0': 3, 'first': False, 'last': False}, 'field': <django.forms.boundfield.BoundField object at 0x7ff6f897e480>}, {}]
Exception while resolving variable 'form_class' in template 'bootstrap5/uni_form.html'.
Traceback (most recent call last):
  File "/workspace/.pip-modules/lib/python3.12/site-packages/django/template/base.py", line 880, in _resolve_lookup
    current = current[bit]
              ~~~~~~~^^^^^
  File "/workspace/.pip-modules/lib/python3.12/site-packages/django/template/context.py", line 83, in __getitem__
    raise KeyError(key)
KeyError: 'form_class'

During handling of the above exception, another exception occurred:

Traceback (most recent call last):
  File "/workspace/.pip-modules/lib/python3.12/site-packages/django/template/base.py", line 886, in _resolve_lookup
    if isinstance(current, BaseContext) and getattr(
                                            ^^^^^^^^
AttributeError: type object 'Context' has no attribute 'form_class'

During handling of the above exception, another exception occurred:

Traceback (most recent call last):
  File "/workspace/.pip-modules/lib/python3.12/site-packages/django/template/base.py", line 896, in _resolve_lookup
    current = current[int(bit)]
                      ^^^^^^^^
ValueError: invalid literal for int() with base 10: 'form_class'

During handling of the above exception, another exception occurred:

Traceback (most recent call last):
  File "/workspace/.pip-modules/lib/python3.12/site-packages/django/template/base.py", line 903, in _resolve_lookup
    raise VariableDoesNotExist(
django.template.base.VariableDoesNotExist: Failed lookup for key [form_class] in [{'True': True, 'False': False, 'None': None}, {'field_class': '', 'field_template': 'bootstrap5/field.html', 'form_show_errors': True, 'form_show_labels': True, 'label_class': '', 'form': <BookingForm bound=False, valid=False, fields=(name;email;phone;date;time;guests)>}, {'forloop': {'parentloop': {}, 'counter0': 2, 'counter': 3, 'revcounter': 4, 'revcounter0': 3, 'first': False, 'last': False}, 'field': <django.forms.boundfield.BoundField object at 0x7ff6f897e480>}, {}]
Exception while resolving variable 'wrapper_class' in template 'bootstrap5/uni_form.html'.
Traceback (most recent call last):
  File "/workspace/.pip-modules/lib/python3.12/site-packages/django/template/base.py", line 880, in _resolve_lookup
    current = current[bit]
              ~~~~~~~^^^^^
  File "/workspace/.pip-modules/lib/python3.12/site-packages/django/template/context.py", line 83, in __getitem__
    raise KeyError(key)
KeyError: 'wrapper_class'

During handling of the above exception, another exception occurred:

Traceback (most recent call last):
  File "/workspace/.pip-modules/lib/python3.12/site-packages/django/template/base.py", line 886, in _resolve_lookup
    if isinstance(current, BaseContext) and getattr(
                                            ^^^^^^^^
AttributeError: type object 'Context' has no attribute 'wrapper_class'

During handling of the above exception, another exception occurred:

Traceback (most recent call last):
  File "/workspace/.pip-modules/lib/python3.12/site-packages/django/template/base.py", line 896, in _resolve_lookup
    current = current[int(bit)]
                      ^^^^^^^^
ValueError: invalid literal for int() with base 10: 'wrapper_class'

During handling of the above exception, another exception occurred:

Traceback (most recent call last):
  File "/workspace/.pip-modules/lib/python3.12/site-packages/django/template/base.py", line 903, in _resolve_lookup
    raise VariableDoesNotExist(
django.template.base.VariableDoesNotExist: Failed lookup for key [wrapper_class] in [{'True': True, 'False': False, 'None': None}, {'field_class': '', 'field_template': 'bootstrap5/field.html', 'form_show_errors': True, 'form_show_labels': True, 'label_class': '', 'form': <BookingForm bound=False, valid=False, fields=(name;email;phone;date;time;guests)>}, {'forloop': {'parentloop': {}, 'counter0': 2, 'counter': 3, 'revcounter': 4, 'revcounter0': 3, 'first': False, 'last': False}, 'field': <django.forms.boundfield.BoundField object at 0x7ff6f897e480>}, {}]
Exception while resolving variable 'form_class' in template 'bootstrap5/uni_form.html'.
Traceback (most recent call last):
  File "/workspace/.pip-modules/lib/python3.12/site-packages/django/template/base.py", line 880, in _resolve_lookup
    current = current[bit]
              ~~~~~~~^^^^^
  File "/workspace/.pip-modules/lib/python3.12/site-packages/django/template/context.py", line 83, in __getitem__
    raise KeyError(key)
KeyError: 'form_class'

During handling of the above exception, another exception occurred:

Traceback (most recent call last):
  File "/workspace/.pip-modules/lib/python3.12/site-packages/django/template/base.py", line 886, in _resolve_lookup
    if isinstance(current, BaseContext) and getattr(
                                            ^^^^^^^^
AttributeError: type object 'Context' has no attribute 'form_class'

During handling of the above exception, another exception occurred:

Traceback (most recent call last):
  File "/workspace/.pip-modules/lib/python3.12/site-packages/django/template/base.py", line 896, in _resolve_lookup
    current = current[int(bit)]
                      ^^^^^^^^
ValueError: invalid literal for int() with base 10: 'form_class'

During handling of the above exception, another exception occurred:

Traceback (most recent call last):
  File "/workspace/.pip-modules/lib/python3.12/site-packages/django/template/base.py", line 903, in _resolve_lookup
    raise VariableDoesNotExist(
django.template.base.VariableDoesNotExist: Failed lookup for key [form_class] in [{'True': True, 'False': False, 'None': None}, {'field_class': '', 'field_template': 'bootstrap5/field.html', 'form_show_errors': True, 'form_show_labels': True, 'label_class': '', 'form': <BookingForm bound=False, valid=False, fields=(name;email;phone;date;time;guests)>}, {'forloop': {'parentloop': {}, 'counter0': 2, 'counter': 3, 'revcounter': 4, 'revcounter0': 3, 'first': False, 'last': False}, 'field': <django.forms.boundfield.BoundField object at 0x7ff6f897e480>}, {}]
Exception while resolving variable 'help_text_inline' in template 'bootstrap5/uni_form.html'.
Traceback (most recent call last):
  File "/workspace/.pip-modules/lib/python3.12/site-packages/django/template/base.py", line 880, in _resolve_lookup
    current = current[bit]
              ~~~~~~~^^^^^
  File "/workspace/.pip-modules/lib/python3.12/site-packages/django/template/context.py", line 83, in __getitem__
    raise KeyError(key)
KeyError: 'help_text_inline'

During handling of the above exception, another exception occurred:

Traceback (most recent call last):
  File "/workspace/.pip-modules/lib/python3.12/site-packages/django/template/base.py", line 886, in _resolve_lookup
    if isinstance(current, BaseContext) and getattr(
                                            ^^^^^^^^
AttributeError: type object 'Context' has no attribute 'help_text_inline'

During handling of the above exception, another exception occurred:

Traceback (most recent call last):
  File "/workspace/.pip-modules/lib/python3.12/site-packages/django/template/base.py", line 896, in _resolve_lookup
    current = current[int(bit)]
                      ^^^^^^^^
ValueError: invalid literal for int() with base 10: 'help_text_inline'

During handling of the above exception, another exception occurred:

Traceback (most recent call last):
  File "/workspace/.pip-modules/lib/python3.12/site-packages/django/template/base.py", line 903, in _resolve_lookup
    raise VariableDoesNotExist(
django.template.base.VariableDoesNotExist: Failed lookup for key [help_text_inline] in [{'True': True, 'False': False, 'None': None}, {'field_class': '', 'field_template': 'bootstrap5/field.html', 'form_show_errors': True, 'form_show_labels': True, 'label_class': '', 'form': <BookingForm bound=False, valid=False, fields=(name;email;phone;date;time;guests)>}, {'forloop': {'parentloop': {}, 'counter0': 2, 'counter': 3, 'revcounter': 4, 'revcounter0': 3, 'first': False, 'last': False}, 'field': <django.forms.boundfield.BoundField object at 0x7ff6f897e480>}, {}, {}]
Exception while resolving variable 'error_text_inline' in template 'bootstrap5/uni_form.html'.
Traceback (most recent call last):
  File "/workspace/.pip-modules/lib/python3.12/site-packages/django/template/base.py", line 880, in _resolve_lookup
    current = current[bit]
              ~~~~~~~^^^^^
  File "/workspace/.pip-modules/lib/python3.12/site-packages/django/template/context.py", line 83, in __getitem__
    raise KeyError(key)
KeyError: 'error_text_inline'

During handling of the above exception, another exception occurred:

Traceback (most recent call last):
  File "/workspace/.pip-modules/lib/python3.12/site-packages/django/template/base.py", line 886, in _resolve_lookup
    if isinstance(current, BaseContext) and getattr(
                                            ^^^^^^^^
AttributeError: type object 'Context' has no attribute 'error_text_inline'

During handling of the above exception, another exception occurred:

Traceback (most recent call last):
  File "/workspace/.pip-modules/lib/python3.12/site-packages/django/template/base.py", line 896, in _resolve_lookup
    current = current[int(bit)]
                      ^^^^^^^^
ValueError: invalid literal for int() with base 10: 'error_text_inline'

During handling of the above exception, another exception occurred:

Traceback (most recent call last):
  File "/workspace/.pip-modules/lib/python3.12/site-packages/django/template/base.py", line 903, in _resolve_lookup
    raise VariableDoesNotExist(
django.template.base.VariableDoesNotExist: Failed lookup for key [error_text_inline] in [{'True': True, 'False': False, 'None': None}, {'field_class': '', 'field_template': 'bootstrap5/field.html', 'form_show_errors': True, 'form_show_labels': True, 'label_class': '', 'form': <BookingForm bound=False, valid=False, fields=(name;email;phone;date;time;guests)>}, {'forloop': {'parentloop': {}, 'counter0': 2, 'counter': 3, 'revcounter': 4, 'revcounter0': 3, 'first': False, 'last': False}, 'field': <django.forms.boundfield.BoundField object at 0x7ff6f897e480>}, {}, {}]
Exception while resolving variable 'help_text_inline' in template 'bootstrap5/uni_form.html'.
Traceback (most recent call last):
  File "/workspace/.pip-modules/lib/python3.12/site-packages/django/template/base.py", line 880, in _resolve_lookup
    current = current[bit]
              ~~~~~~~^^^^^
  File "/workspace/.pip-modules/lib/python3.12/site-packages/django/template/context.py", line 83, in __getitem__
    raise KeyError(key)
KeyError: 'help_text_inline'

During handling of the above exception, another exception occurred:

Traceback (most recent call last):
  File "/workspace/.pip-modules/lib/python3.12/site-packages/django/template/base.py", line 886, in _resolve_lookup
    if isinstance(current, BaseContext) and getattr(
                                            ^^^^^^^^
AttributeError: type object 'Context' has no attribute 'help_text_inline'

During handling of the above exception, another exception occurred:

Traceback (most recent call last):
  File "/workspace/.pip-modules/lib/python3.12/site-packages/django/template/base.py", line 896, in _resolve_lookup
    current = current[int(bit)]
                      ^^^^^^^^
ValueError: invalid literal for int() with base 10: 'help_text_inline'

During handling of the above exception, another exception occurred:

Traceback (most recent call last):
  File "/workspace/.pip-modules/lib/python3.12/site-packages/django/template/base.py", line 903, in _resolve_lookup
    raise VariableDoesNotExist(
django.template.base.VariableDoesNotExist: Failed lookup for key [help_text_inline] in [{'True': True, 'False': False, 'None': None}, {'field_class': '', 'field_template': 'bootstrap5/field.html', 'form_show_errors': True, 'form_show_labels': True, 'label_class': '', 'form': <BookingForm bound=False, valid=False, fields=(name;email;phone;date;time;guests)>}, {'forloop': {'parentloop': {}, 'counter0': 2, 'counter': 3, 'revcounter': 4, 'revcounter0': 3, 'first': False, 'last': False}, 'field': <django.forms.boundfield.BoundField object at 0x7ff6f897e480>}, {}, {}]
Exception while resolving variable 'tag' in template 'bootstrap5/uni_form.html'.
Traceback (most recent call last):
  File "/workspace/.pip-modules/lib/python3.12/site-packages/django/template/base.py", line 880, in _resolve_lookup
    current = current[bit]
              ~~~~~~~^^^^^
  File "/workspace/.pip-modules/lib/python3.12/site-packages/django/template/context.py", line 83, in __getitem__
    raise KeyError(key)
KeyError: 'tag'

During handling of the above exception, another exception occurred:

Traceback (most recent call last):
  File "/workspace/.pip-modules/lib/python3.12/site-packages/django/template/base.py", line 886, in _resolve_lookup
    if isinstance(current, BaseContext) and getattr(
                                            ^^^^^^^^
AttributeError: type object 'Context' has no attribute 'tag'

During handling of the above exception, another exception occurred:

Traceback (most recent call last):
  File "/workspace/.pip-modules/lib/python3.12/site-packages/django/template/base.py", line 896, in _resolve_lookup
    current = current[int(bit)]
                      ^^^^^^^^
ValueError: invalid literal for int() with base 10: 'tag'

During handling of the above exception, another exception occurred:

Traceback (most recent call last):
  File "/workspace/.pip-modules/lib/python3.12/site-packages/django/template/base.py", line 903, in _resolve_lookup
    raise VariableDoesNotExist(
django.template.base.VariableDoesNotExist: Failed lookup for key [tag] in [{'True': True, 'False': False, 'None': None}, {'field_class': '', 'field_template': 'bootstrap5/field.html', 'form_show_errors': True, 'form_show_labels': True, 'label_class': '', 'form': <BookingForm bound=False, valid=False, fields=(name;email;phone;date;time;guests)>}, {'forloop': {'parentloop': {}, 'counter0': 2, 'counter': 3, 'revcounter': 4, 'revcounter0': 3, 'first': False, 'last': False}, 'field': <django.forms.boundfield.BoundField object at 0x7ff6f897e480>}, {}]
Exception while resolving variable 'tag' in template 'bootstrap5/uni_form.html'.
Traceback (most recent call last):
  File "/workspace/.pip-modules/lib/python3.12/site-packages/django/template/base.py", line 880, in _resolve_lookup
    current = current[bit]
              ~~~~~~~^^^^^
  File "/workspace/.pip-modules/lib/python3.12/site-packages/django/template/context.py", line 83, in __getitem__
    raise KeyError(key)
KeyError: 'tag'

During handling of the above exception, another exception occurred:

Traceback (most recent call last):
  File "/workspace/.pip-modules/lib/python3.12/site-packages/django/template/base.py", line 886, in _resolve_lookup
    if isinstance(current, BaseContext) and getattr(
                                            ^^^^^^^^
AttributeError: type object 'Context' has no attribute 'tag'

During handling of the above exception, another exception occurred:

Traceback (most recent call last):
  File "/workspace/.pip-modules/lib/python3.12/site-packages/django/template/base.py", line 896, in _resolve_lookup
    current = current[int(bit)]
                      ^^^^^^^^
ValueError: invalid literal for int() with base 10: 'tag'

During handling of the above exception, another exception occurred:

Traceback (most recent call last):
  File "/workspace/.pip-modules/lib/python3.12/site-packages/django/template/base.py", line 903, in _resolve_lookup
    raise VariableDoesNotExist(
django.template.base.VariableDoesNotExist: Failed lookup for key [tag] in [{'True': True, 'False': False, 'None': None}, {'field_class': '', 'field_template': 'bootstrap5/field.html', 'form_show_errors': True, 'form_show_labels': True, 'label_class': '', 'form': <BookingForm bound=False, valid=False, fields=(name;email;phone;date;time;guests)>}, {'forloop': {'parentloop': {}, 'counter0': 3, 'counter': 4, 'revcounter': 3, 'revcounter0': 2, 'first': False, 'last': False}, 'field': <django.forms.boundfield.BoundField object at 0x7ff6f897c290>}, {}]
Exception while resolving variable 'form_class' in template 'bootstrap5/uni_form.html'.
Traceback (most recent call last):
  File "/workspace/.pip-modules/lib/python3.12/site-packages/django/template/base.py", line 880, in _resolve_lookup
    current = current[bit]
              ~~~~~~~^^^^^
  File "/workspace/.pip-modules/lib/python3.12/site-packages/django/template/context.py", line 83, in __getitem__
    raise KeyError(key)
KeyError: 'form_class'

During handling of the above exception, another exception occurred:

Traceback (most recent call last):
  File "/workspace/.pip-modules/lib/python3.12/site-packages/django/template/base.py", line 886, in _resolve_lookup
    if isinstance(current, BaseContext) and getattr(
                                            ^^^^^^^^
AttributeError: type object 'Context' has no attribute 'form_class'

During handling of the above exception, another exception occurred:

Traceback (most recent call last):
  File "/workspace/.pip-modules/lib/python3.12/site-packages/django/template/base.py", line 896, in _resolve_lookup
    current = current[int(bit)]
                      ^^^^^^^^
ValueError: invalid literal for int() with base 10: 'form_class'

During handling of the above exception, another exception occurred:

Traceback (most recent call last):
  File "/workspace/.pip-modules/lib/python3.12/site-packages/django/template/base.py", line 903, in _resolve_lookup
    raise VariableDoesNotExist(
django.template.base.VariableDoesNotExist: Failed lookup for key [form_class] in [{'True': True, 'False': False, 'None': None}, {'field_class': '', 'field_template': 'bootstrap5/field.html', 'form_show_errors': True, 'form_show_labels': True, 'label_class': '', 'form': <BookingForm bound=False, valid=False, fields=(name;email;phone;date;time;guests)>}, {'forloop': {'parentloop': {}, 'counter0': 3, 'counter': 4, 'revcounter': 3, 'revcounter0': 2, 'first': False, 'last': False}, 'field': <django.forms.boundfield.BoundField object at 0x7ff6f897c290>}, {}]
Exception while resolving variable 'wrapper_class' in template 'bootstrap5/uni_form.html'.
Traceback (most recent call last):
  File "/workspace/.pip-modules/lib/python3.12/site-packages/django/template/base.py", line 880, in _resolve_lookup
    current = current[bit]
              ~~~~~~~^^^^^
  File "/workspace/.pip-modules/lib/python3.12/site-packages/django/template/context.py", line 83, in __getitem__
    raise KeyError(key)
KeyError: 'wrapper_class'

During handling of the above exception, another exception occurred:

Traceback (most recent call last):
  File "/workspace/.pip-modules/lib/python3.12/site-packages/django/template/base.py", line 886, in _resolve_lookup
    if isinstance(current, BaseContext) and getattr(
                                            ^^^^^^^^
AttributeError: type object 'Context' has no attribute 'wrapper_class'

During handling of the above exception, another exception occurred:

Traceback (most recent call last):
  File "/workspace/.pip-modules/lib/python3.12/site-packages/django/template/base.py", line 896, in _resolve_lookup
    current = current[int(bit)]
                      ^^^^^^^^
ValueError: invalid literal for int() with base 10: 'wrapper_class'

During handling of the above exception, another exception occurred:

Traceback (most recent call last):
  File "/workspace/.pip-modules/lib/python3.12/site-packages/django/template/base.py", line 903, in _resolve_lookup
    raise VariableDoesNotExist(
django.template.base.VariableDoesNotExist: Failed lookup for key [wrapper_class] in [{'True': True, 'False': False, 'None': None}, {'field_class': '', 'field_template': 'bootstrap5/field.html', 'form_show_errors': True, 'form_show_labels': True, 'label_class': '', 'form': <BookingForm bound=False, valid=False, fields=(name;email;phone;date;time;guests)>}, {'forloop': {'parentloop': {}, 'counter0': 3, 'counter': 4, 'revcounter': 3, 'revcounter0': 2, 'first': False, 'last': False}, 'field': <django.forms.boundfield.BoundField object at 0x7ff6f897c290>}, {}]
Exception while resolving variable 'form_class' in template 'bootstrap5/uni_form.html'.
Traceback (most recent call last):
  File "/workspace/.pip-modules/lib/python3.12/site-packages/django/template/base.py", line 880, in _resolve_lookup
    current = current[bit]
              ~~~~~~~^^^^^
  File "/workspace/.pip-modules/lib/python3.12/site-packages/django/template/context.py", line 83, in __getitem__
    raise KeyError(key)
KeyError: 'form_class'

During handling of the above exception, another exception occurred:

Traceback (most recent call last):
  File "/workspace/.pip-modules/lib/python3.12/site-packages/django/template/base.py", line 886, in _resolve_lookup
    if isinstance(current, BaseContext) and getattr(
                                            ^^^^^^^^
AttributeError: type object 'Context' has no attribute 'form_class'

During handling of the above exception, another exception occurred:

Traceback (most recent call last):
  File "/workspace/.pip-modules/lib/python3.12/site-packages/django/template/base.py", line 896, in _resolve_lookup
    current = current[int(bit)]
                      ^^^^^^^^
ValueError: invalid literal for int() with base 10: 'form_class'

During handling of the above exception, another exception occurred:

Traceback (most recent call last):
  File "/workspace/.pip-modules/lib/python3.12/site-packages/django/template/base.py", line 903, in _resolve_lookup
    raise VariableDoesNotExist(
django.template.base.VariableDoesNotExist: Failed lookup for key [form_class] in [{'True': True, 'False': False, 'None': None}, {'field_class': '', 'field_template': 'bootstrap5/field.html', 'form_show_errors': True, 'form_show_labels': True, 'label_class': '', 'form': <BookingForm bound=False, valid=False, fields=(name;email;phone;date;time;guests)>}, {'forloop': {'parentloop': {}, 'counter0': 3, 'counter': 4, 'revcounter': 3, 'revcounter0': 2, 'first': False, 'last': False}, 'field': <django.forms.boundfield.BoundField object at 0x7ff6f897c290>}, {}]
Exception while resolving variable 'help_text_inline' in template 'bootstrap5/uni_form.html'.
Traceback (most recent call last):
  File "/workspace/.pip-modules/lib/python3.12/site-packages/django/template/base.py", line 880, in _resolve_lookup
    current = current[bit]
              ~~~~~~~^^^^^
  File "/workspace/.pip-modules/lib/python3.12/site-packages/django/template/context.py", line 83, in __getitem__
    raise KeyError(key)
KeyError: 'help_text_inline'

During handling of the above exception, another exception occurred:

Traceback (most recent call last):
  File "/workspace/.pip-modules/lib/python3.12/site-packages/django/template/base.py", line 886, in _resolve_lookup
    if isinstance(current, BaseContext) and getattr(
                                            ^^^^^^^^
AttributeError: type object 'Context' has no attribute 'help_text_inline'

During handling of the above exception, another exception occurred:

Traceback (most recent call last):
  File "/workspace/.pip-modules/lib/python3.12/site-packages/django/template/base.py", line 896, in _resolve_lookup
    current = current[int(bit)]
                      ^^^^^^^^
ValueError: invalid literal for int() with base 10: 'help_text_inline'

During handling of the above exception, another exception occurred:

Traceback (most recent call last):
  File "/workspace/.pip-modules/lib/python3.12/site-packages/django/template/base.py", line 903, in _resolve_lookup
    raise VariableDoesNotExist(
django.template.base.VariableDoesNotExist: Failed lookup for key [help_text_inline] in [{'True': True, 'False': False, 'None': None}, {'field_class': '', 'field_template': 'bootstrap5/field.html', 'form_show_errors': True, 'form_show_labels': True, 'label_class': '', 'form': <BookingForm bound=False, valid=False, fields=(name;email;phone;date;time;guests)>}, {'forloop': {'parentloop': {}, 'counter0': 3, 'counter': 4, 'revcounter': 3, 'revcounter0': 2, 'first': False, 'last': False}, 'field': <django.forms.boundfield.BoundField object at 0x7ff6f897c290>}, {}, {}]
Exception while resolving variable 'error_text_inline' in template 'bootstrap5/uni_form.html'.
Traceback (most recent call last):
  File "/workspace/.pip-modules/lib/python3.12/site-packages/django/template/base.py", line 880, in _resolve_lookup
    current = current[bit]
              ~~~~~~~^^^^^
  File "/workspace/.pip-modules/lib/python3.12/site-packages/django/template/context.py", line 83, in __getitem__
    raise KeyError(key)
KeyError: 'error_text_inline'

During handling of the above exception, another exception occurred:

Traceback (most recent call last):
  File "/workspace/.pip-modules/lib/python3.12/site-packages/django/template/base.py", line 886, in _resolve_lookup
    if isinstance(current, BaseContext) and getattr(
                                            ^^^^^^^^
AttributeError: type object 'Context' has no attribute 'error_text_inline'

During handling of the above exception, another exception occurred:

Traceback (most recent call last):
  File "/workspace/.pip-modules/lib/python3.12/site-packages/django/template/base.py", line 896, in _resolve_lookup
    current = current[int(bit)]
                      ^^^^^^^^
ValueError: invalid literal for int() with base 10: 'error_text_inline'

During handling of the above exception, another exception occurred:

Traceback (most recent call last):
  File "/workspace/.pip-modules/lib/python3.12/site-packages/django/template/base.py", line 903, in _resolve_lookup
    raise VariableDoesNotExist(
django.template.base.VariableDoesNotExist: Failed lookup for key [error_text_inline] in [{'True': True, 'False': False, 'None': None}, {'field_class': '', 'field_template': 'bootstrap5/field.html', 'form_show_errors': True, 'form_show_labels': True, 'label_class': '', 'form': <BookingForm bound=False, valid=False, fields=(name;email;phone;date;time;guests)>}, {'forloop': {'parentloop': {}, 'counter0': 3, 'counter': 4, 'revcounter': 3, 'revcounter0': 2, 'first': False, 'last': False}, 'field': <django.forms.boundfield.BoundField object at 0x7ff6f897c290>}, {}, {}]
Exception while resolving variable 'help_text_inline' in template 'bootstrap5/uni_form.html'.
Traceback (most recent call last):
  File "/workspace/.pip-modules/lib/python3.12/site-packages/django/template/base.py", line 880, in _resolve_lookup
    current = current[bit]
              ~~~~~~~^^^^^
  File "/workspace/.pip-modules/lib/python3.12/site-packages/django/template/context.py", line 83, in __getitem__
    raise KeyError(key)
KeyError: 'help_text_inline'

During handling of the above exception, another exception occurred:

Traceback (most recent call last):
  File "/workspace/.pip-modules/lib/python3.12/site-packages/django/template/base.py", line 886, in _resolve_lookup
    if isinstance(current, BaseContext) and getattr(
                                            ^^^^^^^^
AttributeError: type object 'Context' has no attribute 'help_text_inline'

During handling of the above exception, another exception occurred:

Traceback (most recent call last):
  File "/workspace/.pip-modules/lib/python3.12/site-packages/django/template/base.py", line 896, in _resolve_lookup
    current = current[int(bit)]
                      ^^^^^^^^
ValueError: invalid literal for int() with base 10: 'help_text_inline'

During handling of the above exception, another exception occurred:

Traceback (most recent call last):
  File "/workspace/.pip-modules/lib/python3.12/site-packages/django/template/base.py", line 903, in _resolve_lookup
    raise VariableDoesNotExist(
django.template.base.VariableDoesNotExist: Failed lookup for key [help_text_inline] in [{'True': True, 'False': False, 'None': None}, {'field_class': '', 'field_template': 'bootstrap5/field.html', 'form_show_errors': True, 'form_show_labels': True, 'label_class': '', 'form': <BookingForm bound=False, valid=False, fields=(name;email;phone;date;time;guests)>}, {'forloop': {'parentloop': {}, 'counter0': 3, 'counter': 4, 'revcounter': 3, 'revcounter0': 2, 'first': False, 'last': False}, 'field': <django.forms.boundfield.BoundField object at 0x7ff6f897c290>}, {}, {}]
Exception while resolving variable 'tag' in template 'bootstrap5/uni_form.html'.
Traceback (most recent call last):
  File "/workspace/.pip-modules/lib/python3.12/site-packages/django/template/base.py", line 880, in _resolve_lookup
    current = current[bit]
              ~~~~~~~^^^^^
  File "/workspace/.pip-modules/lib/python3.12/site-packages/django/template/context.py", line 83, in __getitem__
    raise KeyError(key)
KeyError: 'tag'

During handling of the above exception, another exception occurred:

Traceback (most recent call last):
  File "/workspace/.pip-modules/lib/python3.12/site-packages/django/template/base.py", line 886, in _resolve_lookup
    if isinstance(current, BaseContext) and getattr(
                                            ^^^^^^^^
AttributeError: type object 'Context' has no attribute 'tag'

During handling of the above exception, another exception occurred:

Traceback (most recent call last):
  File "/workspace/.pip-modules/lib/python3.12/site-packages/django/template/base.py", line 896, in _resolve_lookup
    current = current[int(bit)]
                      ^^^^^^^^
ValueError: invalid literal for int() with base 10: 'tag'

During handling of the above exception, another exception occurred:

Traceback (most recent call last):
  File "/workspace/.pip-modules/lib/python3.12/site-packages/django/template/base.py", line 903, in _resolve_lookup
    raise VariableDoesNotExist(
django.template.base.VariableDoesNotExist: Failed lookup for key [tag] in [{'True': True, 'False': False, 'None': None}, {'field_class': '', 'field_template': 'bootstrap5/field.html', 'form_show_errors': True, 'form_show_labels': True, 'label_class': '', 'form': <BookingForm bound=False, valid=False, fields=(name;email;phone;date;time;guests)>}, {'forloop': {'parentloop': {}, 'counter0': 3, 'counter': 4, 'revcounter': 3, 'revcounter0': 2, 'first': False, 'last': False}, 'field': <django.forms.boundfield.BoundField object at 0x7ff6f897c290>}, {}]
Exception while resolving variable 'tag' in template 'bootstrap5/uni_form.html'.
Traceback (most recent call last):
  File "/workspace/.pip-modules/lib/python3.12/site-packages/django/template/base.py", line 880, in _resolve_lookup
    current = current[bit]
              ~~~~~~~^^^^^
  File "/workspace/.pip-modules/lib/python3.12/site-packages/django/template/context.py", line 83, in __getitem__
    raise KeyError(key)
KeyError: 'tag'

During handling of the above exception, another exception occurred:

Traceback (most recent call last):
  File "/workspace/.pip-modules/lib/python3.12/site-packages/django/template/base.py", line 886, in _resolve_lookup
    if isinstance(current, BaseContext) and getattr(
                                            ^^^^^^^^
AttributeError: type object 'Context' has no attribute 'tag'

During handling of the above exception, another exception occurred:

Traceback (most recent call last):
  File "/workspace/.pip-modules/lib/python3.12/site-packages/django/template/base.py", line 896, in _resolve_lookup
    current = current[int(bit)]
                      ^^^^^^^^
ValueError: invalid literal for int() with base 10: 'tag'

During handling of the above exception, another exception occurred:

Traceback (most recent call last):
  File "/workspace/.pip-modules/lib/python3.12/site-packages/django/template/base.py", line 903, in _resolve_lookup
    raise VariableDoesNotExist(
django.template.base.VariableDoesNotExist: Failed lookup for key [tag] in [{'True': True, 'False': False, 'None': None}, {'field_class': '', 'field_template': 'bootstrap5/field.html', 'form_show_errors': True, 'form_show_labels': True, 'label_class': '', 'form': <BookingForm bound=False, valid=False, fields=(name;email;phone;date;time;guests)>}, {'forloop': {'parentloop': {}, 'counter0': 4, 'counter': 5, 'revcounter': 2, 'revcounter0': 1, 'first': False, 'last': False}, 'field': <django.forms.boundfield.BoundField object at 0x7ff6f897c8c0>}, {}]
Exception while resolving variable 'form_class' in template 'bootstrap5/uni_form.html'.
Traceback (most recent call last):
  File "/workspace/.pip-modules/lib/python3.12/site-packages/django/template/base.py", line 880, in _resolve_lookup
    current = current[bit]
              ~~~~~~~^^^^^
  File "/workspace/.pip-modules/lib/python3.12/site-packages/django/template/context.py", line 83, in __getitem__
    raise KeyError(key)
KeyError: 'form_class'

During handling of the above exception, another exception occurred:

Traceback (most recent call last):
  File "/workspace/.pip-modules/lib/python3.12/site-packages/django/template/base.py", line 886, in _resolve_lookup
    if isinstance(current, BaseContext) and getattr(
                                            ^^^^^^^^
AttributeError: type object 'Context' has no attribute 'form_class'

During handling of the above exception, another exception occurred:

Traceback (most recent call last):
  File "/workspace/.pip-modules/lib/python3.12/site-packages/django/template/base.py", line 896, in _resolve_lookup
    current = current[int(bit)]
                      ^^^^^^^^
ValueError: invalid literal for int() with base 10: 'form_class'

During handling of the above exception, another exception occurred:

Traceback (most recent call last):
  File "/workspace/.pip-modules/lib/python3.12/site-packages/django/template/base.py", line 903, in _resolve_lookup
    raise VariableDoesNotExist(
django.template.base.VariableDoesNotExist: Failed lookup for key [form_class] in [{'True': True, 'False': False, 'None': None}, {'field_class': '', 'field_template': 'bootstrap5/field.html', 'form_show_errors': True, 'form_show_labels': True, 'label_class': '', 'form': <BookingForm bound=False, valid=False, fields=(name;email;phone;date;time;guests)>}, {'forloop': {'parentloop': {}, 'counter0': 4, 'counter': 5, 'revcounter': 2, 'revcounter0': 1, 'first': False, 'last': False}, 'field': <django.forms.boundfield.BoundField object at 0x7ff6f897c8c0>}, {}]
Exception while resolving variable 'wrapper_class' in template 'bootstrap5/uni_form.html'.
Traceback (most recent call last):
  File "/workspace/.pip-modules/lib/python3.12/site-packages/django/template/base.py", line 880, in _resolve_lookup
    current = current[bit]
              ~~~~~~~^^^^^
  File "/workspace/.pip-modules/lib/python3.12/site-packages/django/template/context.py", line 83, in __getitem__
    raise KeyError(key)
KeyError: 'wrapper_class'

During handling of the above exception, another exception occurred:

Traceback (most recent call last):
  File "/workspace/.pip-modules/lib/python3.12/site-packages/django/template/base.py", line 886, in _resolve_lookup
    if isinstance(current, BaseContext) and getattr(
                                            ^^^^^^^^
AttributeError: type object 'Context' has no attribute 'wrapper_class'

During handling of the above exception, another exception occurred:

Traceback (most recent call last):
  File "/workspace/.pip-modules/lib/python3.12/site-packages/django/template/base.py", line 896, in _resolve_lookup
    current = current[int(bit)]
                      ^^^^^^^^
ValueError: invalid literal for int() with base 10: 'wrapper_class'

During handling of the above exception, another exception occurred:

Traceback (most recent call last):
  File "/workspace/.pip-modules/lib/python3.12/site-packages/django/template/base.py", line 903, in _resolve_lookup
    raise VariableDoesNotExist(
django.template.base.VariableDoesNotExist: Failed lookup for key [wrapper_class] in [{'True': True, 'False': False, 'None': None}, {'field_class': '', 'field_template': 'bootstrap5/field.html', 'form_show_errors': True, 'form_show_labels': True, 'label_class': '', 'form': <BookingForm bound=False, valid=False, fields=(name;email;phone;date;time;guests)>}, {'forloop': {'parentloop': {}, 'counter0': 4, 'counter': 5, 'revcounter': 2, 'revcounter0': 1, 'first': False, 'last': False}, 'field': <django.forms.boundfield.BoundField object at 0x7ff6f897c8c0>}, {}]
Exception while resolving variable 'form_class' in template 'bootstrap5/uni_form.html'.
Traceback (most recent call last):
  File "/workspace/.pip-modules/lib/python3.12/site-packages/django/template/base.py", line 880, in _resolve_lookup
    current = current[bit]
              ~~~~~~~^^^^^
  File "/workspace/.pip-modules/lib/python3.12/site-packages/django/template/context.py", line 83, in __getitem__
    raise KeyError(key)
KeyError: 'form_class'

During handling of the above exception, another exception occurred:

Traceback (most recent call last):
  File "/workspace/.pip-modules/lib/python3.12/site-packages/django/template/base.py", line 886, in _resolve_lookup
    if isinstance(current, BaseContext) and getattr(
                                            ^^^^^^^^
AttributeError: type object 'Context' has no attribute 'form_class'

During handling of the above exception, another exception occurred:

Traceback (most recent call last):
  File "/workspace/.pip-modules/lib/python3.12/site-packages/django/template/base.py", line 896, in _resolve_lookup
    current = current[int(bit)]
                      ^^^^^^^^
ValueError: invalid literal for int() with base 10: 'form_class'

During handling of the above exception, another exception occurred:

Traceback (most recent call last):
  File "/workspace/.pip-modules/lib/python3.12/site-packages/django/template/base.py", line 903, in _resolve_lookup
    raise VariableDoesNotExist(
django.template.base.VariableDoesNotExist: Failed lookup for key [form_class] in [{'True': True, 'False': False, 'None': None}, {'field_class': '', 'field_template': 'bootstrap5/field.html', 'form_show_errors': True, 'form_show_labels': True, 'label_class': '', 'form': <BookingForm bound=False, valid=False, fields=(name;email;phone;date;time;guests)>}, {'forloop': {'parentloop': {}, 'counter0': 4, 'counter': 5, 'revcounter': 2, 'revcounter0': 1, 'first': False, 'last': False}, 'field': <django.forms.boundfield.BoundField object at 0x7ff6f897c8c0>}, {}]
Exception while resolving variable 'help_text_inline' in template 'bootstrap5/uni_form.html'.
Traceback (most recent call last):
  File "/workspace/.pip-modules/lib/python3.12/site-packages/django/template/base.py", line 880, in _resolve_lookup
    current = current[bit]
              ~~~~~~~^^^^^
  File "/workspace/.pip-modules/lib/python3.12/site-packages/django/template/context.py", line 83, in __getitem__
    raise KeyError(key)
KeyError: 'help_text_inline'

During handling of the above exception, another exception occurred:

Traceback (most recent call last):
  File "/workspace/.pip-modules/lib/python3.12/site-packages/django/template/base.py", line 886, in _resolve_lookup
    if isinstance(current, BaseContext) and getattr(
                                            ^^^^^^^^
AttributeError: type object 'Context' has no attribute 'help_text_inline'

During handling of the above exception, another exception occurred:

Traceback (most recent call last):
  File "/workspace/.pip-modules/lib/python3.12/site-packages/django/template/base.py", line 896, in _resolve_lookup
    current = current[int(bit)]
                      ^^^^^^^^
ValueError: invalid literal for int() with base 10: 'help_text_inline'

During handling of the above exception, another exception occurred:

Traceback (most recent call last):
  File "/workspace/.pip-modules/lib/python3.12/site-packages/django/template/base.py", line 903, in _resolve_lookup
    raise VariableDoesNotExist(
django.template.base.VariableDoesNotExist: Failed lookup for key [help_text_inline] in [{'True': True, 'False': False, 'None': None}, {'field_class': '', 'field_template': 'bootstrap5/field.html', 'form_show_errors': True, 'form_show_labels': True, 'label_class': '', 'form': <BookingForm bound=False, valid=False, fields=(name;email;phone;date;time;guests)>}, {'forloop': {'parentloop': {}, 'counter0': 4, 'counter': 5, 'revcounter': 2, 'revcounter0': 1, 'first': False, 'last': False}, 'field': <django.forms.boundfield.BoundField object at 0x7ff6f897c8c0>}, {}, {}]
Exception while resolving variable 'error_text_inline' in template 'bootstrap5/uni_form.html'.
Traceback (most recent call last):
  File "/workspace/.pip-modules/lib/python3.12/site-packages/django/template/base.py", line 880, in _resolve_lookup
    current = current[bit]
              ~~~~~~~^^^^^
  File "/workspace/.pip-modules/lib/python3.12/site-packages/django/template/context.py", line 83, in __getitem__
    raise KeyError(key)
KeyError: 'error_text_inline'

During handling of the above exception, another exception occurred:

Traceback (most recent call last):
  File "/workspace/.pip-modules/lib/python3.12/site-packages/django/template/base.py", line 886, in _resolve_lookup
    if isinstance(current, BaseContext) and getattr(
                                            ^^^^^^^^
AttributeError: type object 'Context' has no attribute 'error_text_inline'

During handling of the above exception, another exception occurred:

Traceback (most recent call last):
  File "/workspace/.pip-modules/lib/python3.12/site-packages/django/template/base.py", line 896, in _resolve_lookup
    current = current[int(bit)]
                      ^^^^^^^^
ValueError: invalid literal for int() with base 10: 'error_text_inline'

During handling of the above exception, another exception occurred:

Traceback (most recent call last):
  File "/workspace/.pip-modules/lib/python3.12/site-packages/django/template/base.py", line 903, in _resolve_lookup
    raise VariableDoesNotExist(
django.template.base.VariableDoesNotExist: Failed lookup for key [error_text_inline] in [{'True': True, 'False': False, 'None': None}, {'field_class': '', 'field_template': 'bootstrap5/field.html', 'form_show_errors': True, 'form_show_labels': True, 'label_class': '', 'form': <BookingForm bound=False, valid=False, fields=(name;email;phone;date;time;guests)>}, {'forloop': {'parentloop': {}, 'counter0': 4, 'counter': 5, 'revcounter': 2, 'revcounter0': 1, 'first': False, 'last': False}, 'field': <django.forms.boundfield.BoundField object at 0x7ff6f897c8c0>}, {}, {}]
Exception while resolving variable 'help_text_inline' in template 'bootstrap5/uni_form.html'.
Traceback (most recent call last):
  File "/workspace/.pip-modules/lib/python3.12/site-packages/django/template/base.py", line 880, in _resolve_lookup
    current = current[bit]
              ~~~~~~~^^^^^
  File "/workspace/.pip-modules/lib/python3.12/site-packages/django/template/context.py", line 83, in __getitem__
    raise KeyError(key)
KeyError: 'help_text_inline'

During handling of the above exception, another exception occurred:

Traceback (most recent call last):
  File "/workspace/.pip-modules/lib/python3.12/site-packages/django/template/base.py", line 886, in _resolve_lookup
    if isinstance(current, BaseContext) and getattr(
                                            ^^^^^^^^
AttributeError: type object 'Context' has no attribute 'help_text_inline'

During handling of the above exception, another exception occurred:

Traceback (most recent call last):
  File "/workspace/.pip-modules/lib/python3.12/site-packages/django/template/base.py", line 896, in _resolve_lookup
    current = current[int(bit)]
                      ^^^^^^^^
ValueError: invalid literal for int() with base 10: 'help_text_inline'

During handling of the above exception, another exception occurred:

Traceback (most recent call last):
  File "/workspace/.pip-modules/lib/python3.12/site-packages/django/template/base.py", line 903, in _resolve_lookup
    raise VariableDoesNotExist(
django.template.base.VariableDoesNotExist: Failed lookup for key [help_text_inline] in [{'True': True, 'False': False, 'None': None}, {'field_class': '', 'field_template': 'bootstrap5/field.html', 'form_show_errors': True, 'form_show_labels': True, 'label_class': '', 'form': <BookingForm bound=False, valid=False, fields=(name;email;phone;date;time;guests)>}, {'forloop': {'parentloop': {}, 'counter0': 4, 'counter': 5, 'revcounter': 2, 'revcounter0': 1, 'first': False, 'last': False}, 'field': <django.forms.boundfield.BoundField object at 0x7ff6f897c8c0>}, {}, {}]
Exception while resolving variable 'tag' in template 'bootstrap5/uni_form.html'.
Traceback (most recent call last):
  File "/workspace/.pip-modules/lib/python3.12/site-packages/django/template/base.py", line 880, in _resolve_lookup
    current = current[bit]
              ~~~~~~~^^^^^
  File "/workspace/.pip-modules/lib/python3.12/site-packages/django/template/context.py", line 83, in __getitem__
    raise KeyError(key)
KeyError: 'tag'

During handling of the above exception, another exception occurred:

Traceback (most recent call last):
  File "/workspace/.pip-modules/lib/python3.12/site-packages/django/template/base.py", line 886, in _resolve_lookup
    if isinstance(current, BaseContext) and getattr(
                                            ^^^^^^^^
AttributeError: type object 'Context' has no attribute 'tag'

During handling of the above exception, another exception occurred:

Traceback (most recent call last):
  File "/workspace/.pip-modules/lib/python3.12/site-packages/django/template/base.py", line 896, in _resolve_lookup
    current = current[int(bit)]
                      ^^^^^^^^
ValueError: invalid literal for int() with base 10: 'tag'

During handling of the above exception, another exception occurred:

Traceback (most recent call last):
  File "/workspace/.pip-modules/lib/python3.12/site-packages/django/template/base.py", line 903, in _resolve_lookup
    raise VariableDoesNotExist(
django.template.base.VariableDoesNotExist: Failed lookup for key [tag] in [{'True': True, 'False': False, 'None': None}, {'field_class': '', 'field_template': 'bootstrap5/field.html', 'form_show_errors': True, 'form_show_labels': True, 'label_class': '', 'form': <BookingForm bound=False, valid=False, fields=(name;email;phone;date;time;guests)>}, {'forloop': {'parentloop': {}, 'counter0': 4, 'counter': 5, 'revcounter': 2, 'revcounter0': 1, 'first': False, 'last': False}, 'field': <django.forms.boundfield.BoundField object at 0x7ff6f897c8c0>}, {}]
Exception while resolving variable 'tag' in template 'bootstrap5/uni_form.html'.
Traceback (most recent call last):
  File "/workspace/.pip-modules/lib/python3.12/site-packages/django/template/base.py", line 880, in _resolve_lookup
    current = current[bit]
              ~~~~~~~^^^^^
  File "/workspace/.pip-modules/lib/python3.12/site-packages/django/template/context.py", line 83, in __getitem__
    raise KeyError(key)
KeyError: 'tag'

During handling of the above exception, another exception occurred:

Traceback (most recent call last):
  File "/workspace/.pip-modules/lib/python3.12/site-packages/django/template/base.py", line 886, in _resolve_lookup
    if isinstance(current, BaseContext) and getattr(
                                            ^^^^^^^^
AttributeError: type object 'Context' has no attribute 'tag'

During handling of the above exception, another exception occurred:

Traceback (most recent call last):
  File "/workspace/.pip-modules/lib/python3.12/site-packages/django/template/base.py", line 896, in _resolve_lookup
    current = current[int(bit)]
                      ^^^^^^^^
ValueError: invalid literal for int() with base 10: 'tag'

During handling of the above exception, another exception occurred:

Traceback (most recent call last):
  File "/workspace/.pip-modules/lib/python3.12/site-packages/django/template/base.py", line 903, in _resolve_lookup
    raise VariableDoesNotExist(
django.template.base.VariableDoesNotExist: Failed lookup for key [tag] in [{'True': True, 'False': False, 'None': None}, {'field_class': '', 'field_template': 'bootstrap5/field.html', 'form_show_errors': True, 'form_show_labels': True, 'label_class': '', 'form': <BookingForm bound=False, valid=False, fields=(name;email;phone;date;time;guests)>}, {'forloop': {'parentloop': {}, 'counter0': 5, 'counter': 6, 'revcounter': 1, 'revcounter0': 0, 'first': False, 'last': True}, 'field': <django.forms.boundfield.BoundField object at 0x7ff6f897ff80>}, {}]
Exception while resolving variable 'form_class' in template 'bootstrap5/uni_form.html'.
Traceback (most recent call last):
  File "/workspace/.pip-modules/lib/python3.12/site-packages/django/template/base.py", line 880, in _resolve_lookup
    current = current[bit]
              ~~~~~~~^^^^^
  File "/workspace/.pip-modules/lib/python3.12/site-packages/django/template/context.py", line 83, in __getitem__
    raise KeyError(key)
KeyError: 'form_class'

During handling of the above exception, another exception occurred:

Traceback (most recent call last):
  File "/workspace/.pip-modules/lib/python3.12/site-packages/django/template/base.py", line 886, in _resolve_lookup
    if isinstance(current, BaseContext) and getattr(
                                            ^^^^^^^^
AttributeError: type object 'Context' has no attribute 'form_class'

During handling of the above exception, another exception occurred:

Traceback (most recent call last):
  File "/workspace/.pip-modules/lib/python3.12/site-packages/django/template/base.py", line 896, in _resolve_lookup
    current = current[int(bit)]
                      ^^^^^^^^
ValueError: invalid literal for int() with base 10: 'form_class'

During handling of the above exception, another exception occurred:

Traceback (most recent call last):
  File "/workspace/.pip-modules/lib/python3.12/site-packages/django/template/base.py", line 903, in _resolve_lookup
    raise VariableDoesNotExist(
django.template.base.VariableDoesNotExist: Failed lookup for key [form_class] in [{'True': True, 'False': False, 'None': None}, {'field_class': '', 'field_template': 'bootstrap5/field.html', 'form_show_errors': True, 'form_show_labels': True, 'label_class': '', 'form': <BookingForm bound=False, valid=False, fields=(name;email;phone;date;time;guests)>}, {'forloop': {'parentloop': {}, 'counter0': 5, 'counter': 6, 'revcounter': 1, 'revcounter0': 0, 'first': False, 'last': True}, 'field': <django.forms.boundfield.BoundField object at 0x7ff6f897ff80>}, {}]
Exception while resolving variable 'wrapper_class' in template 'bootstrap5/uni_form.html'.
Traceback (most recent call last):
  File "/workspace/.pip-modules/lib/python3.12/site-packages/django/template/base.py", line 880, in _resolve_lookup
    current = current[bit]
              ~~~~~~~^^^^^
  File "/workspace/.pip-modules/lib/python3.12/site-packages/django/template/context.py", line 83, in __getitem__
    raise KeyError(key)
KeyError: 'wrapper_class'

During handling of the above exception, another exception occurred:

Traceback (most recent call last):
  File "/workspace/.pip-modules/lib/python3.12/site-packages/django/template/base.py", line 886, in _resolve_lookup
    if isinstance(current, BaseContext) and getattr(
                                            ^^^^^^^^
AttributeError: type object 'Context' has no attribute 'wrapper_class'

During handling of the above exception, another exception occurred:

Traceback (most recent call last):
  File "/workspace/.pip-modules/lib/python3.12/site-packages/django/template/base.py", line 896, in _resolve_lookup
    current = current[int(bit)]
                      ^^^^^^^^
ValueError: invalid literal for int() with base 10: 'wrapper_class'

During handling of the above exception, another exception occurred:

Traceback (most recent call last):
  File "/workspace/.pip-modules/lib/python3.12/site-packages/django/template/base.py", line 903, in _resolve_lookup
    raise VariableDoesNotExist(
django.template.base.VariableDoesNotExist: Failed lookup for key [wrapper_class] in [{'True': True, 'False': False, 'None': None}, {'field_class': '', 'field_template': 'bootstrap5/field.html', 'form_show_errors': True, 'form_show_labels': True, 'label_class': '', 'form': <BookingForm bound=False, valid=False, fields=(name;email;phone;date;time;guests)>}, {'forloop': {'parentloop': {}, 'counter0': 5, 'counter': 6, 'revcounter': 1, 'revcounter0': 0, 'first': False, 'last': True}, 'field': <django.forms.boundfield.BoundField object at 0x7ff6f897ff80>}, {}]
Exception while resolving variable 'form_class' in template 'bootstrap5/uni_form.html'.
Traceback (most recent call last):
  File "/workspace/.pip-modules/lib/python3.12/site-packages/django/template/base.py", line 880, in _resolve_lookup
    current = current[bit]
              ~~~~~~~^^^^^
  File "/workspace/.pip-modules/lib/python3.12/site-packages/django/template/context.py", line 83, in __getitem__
    raise KeyError(key)
KeyError: 'form_class'

During handling of the above exception, another exception occurred:

Traceback (most recent call last):
  File "/workspace/.pip-modules/lib/python3.12/site-packages/django/template/base.py", line 886, in _resolve_lookup
    if isinstance(current, BaseContext) and getattr(
                                            ^^^^^^^^
AttributeError: type object 'Context' has no attribute 'form_class'

During handling of the above exception, another exception occurred:

Traceback (most recent call last):
  File "/workspace/.pip-modules/lib/python3.12/site-packages/django/template/base.py", line 896, in _resolve_lookup
    current = current[int(bit)]
                      ^^^^^^^^
ValueError: invalid literal for int() with base 10: 'form_class'

During handling of the above exception, another exception occurred:

Traceback (most recent call last):
  File "/workspace/.pip-modules/lib/python3.12/site-packages/django/template/base.py", line 903, in _resolve_lookup
    raise VariableDoesNotExist(
django.template.base.VariableDoesNotExist: Failed lookup for key [form_class] in [{'True': True, 'False': False, 'None': None}, {'field_class': '', 'field_template': 'bootstrap5/field.html', 'form_show_errors': True, 'form_show_labels': True, 'label_class': '', 'form': <BookingForm bound=False, valid=False, fields=(name;email;phone;date;time;guests)>}, {'forloop': {'parentloop': {}, 'counter0': 5, 'counter': 6, 'revcounter': 1, 'revcounter0': 0, 'first': False, 'last': True}, 'field': <django.forms.boundfield.BoundField object at 0x7ff6f897ff80>}, {}]
Exception while resolving variable 'help_text_inline' in template 'bootstrap5/uni_form.html'.
Traceback (most recent call last):
  File "/workspace/.pip-modules/lib/python3.12/site-packages/django/template/base.py", line 880, in _resolve_lookup
    current = current[bit]
              ~~~~~~~^^^^^
  File "/workspace/.pip-modules/lib/python3.12/site-packages/django/template/context.py", line 83, in __getitem__
    raise KeyError(key)
KeyError: 'help_text_inline'

During handling of the above exception, another exception occurred:

Traceback (most recent call last):
  File "/workspace/.pip-modules/lib/python3.12/site-packages/django/template/base.py", line 886, in _resolve_lookup
    if isinstance(current, BaseContext) and getattr(
                                            ^^^^^^^^
AttributeError: type object 'Context' has no attribute 'help_text_inline'

During handling of the above exception, another exception occurred:

Traceback (most recent call last):
  File "/workspace/.pip-modules/lib/python3.12/site-packages/django/template/base.py", line 896, in _resolve_lookup
    current = current[int(bit)]
                      ^^^^^^^^
ValueError: invalid literal for int() with base 10: 'help_text_inline'

During handling of the above exception, another exception occurred:

Traceback (most recent call last):
  File "/workspace/.pip-modules/lib/python3.12/site-packages/django/template/base.py", line 903, in _resolve_lookup
    raise VariableDoesNotExist(
django.template.base.VariableDoesNotExist: Failed lookup for key [help_text_inline] in [{'True': True, 'False': False, 'None': None}, {'field_class': '', 'field_template': 'bootstrap5/field.html', 'form_show_errors': True, 'form_show_labels': True, 'label_class': '', 'form': <BookingForm bound=False, valid=False, fields=(name;email;phone;date;time;guests)>}, {'forloop': {'parentloop': {}, 'counter0': 5, 'counter': 6, 'revcounter': 1, 'revcounter0': 0, 'first': False, 'last': True}, 'field': <django.forms.boundfield.BoundField object at 0x7ff6f897ff80>}, {}, {}]
Exception while resolving variable 'error_text_inline' in template 'bootstrap5/uni_form.html'.
Traceback (most recent call last):
  File "/workspace/.pip-modules/lib/python3.12/site-packages/django/template/base.py", line 880, in _resolve_lookup
    current = current[bit]
              ~~~~~~~^^^^^
  File "/workspace/.pip-modules/lib/python3.12/site-packages/django/template/context.py", line 83, in __getitem__
    raise KeyError(key)
KeyError: 'error_text_inline'

During handling of the above exception, another exception occurred:

Traceback (most recent call last):
  File "/workspace/.pip-modules/lib/python3.12/site-packages/django/template/base.py", line 886, in _resolve_lookup
    if isinstance(current, BaseContext) and getattr(
                                            ^^^^^^^^
AttributeError: type object 'Context' has no attribute 'error_text_inline'

During handling of the above exception, another exception occurred:

Traceback (most recent call last):
  File "/workspace/.pip-modules/lib/python3.12/site-packages/django/template/base.py", line 896, in _resolve_lookup
    current = current[int(bit)]
                      ^^^^^^^^
ValueError: invalid literal for int() with base 10: 'error_text_inline'

During handling of the above exception, another exception occurred:

Traceback (most recent call last):
  File "/workspace/.pip-modules/lib/python3.12/site-packages/django/template/base.py", line 903, in _resolve_lookup
    raise VariableDoesNotExist(
django.template.base.VariableDoesNotExist: Failed lookup for key [error_text_inline] in [{'True': True, 'False': False, 'None': None}, {'field_class': '', 'field_template': 'bootstrap5/field.html', 'form_show_errors': True, 'form_show_labels': True, 'label_class': '', 'form': <BookingForm bound=False, valid=False, fields=(name;email;phone;date;time;guests)>}, {'forloop': {'parentloop': {}, 'counter0': 5, 'counter': 6, 'revcounter': 1, 'revcounter0': 0, 'first': False, 'last': True}, 'field': <django.forms.boundfield.BoundField object at 0x7ff6f897ff80>}, {}, {}]
Exception while resolving variable 'help_text_inline' in template 'bootstrap5/uni_form.html'.
Traceback (most recent call last):
  File "/workspace/.pip-modules/lib/python3.12/site-packages/django/template/base.py", line 880, in _resolve_lookup
    current = current[bit]
              ~~~~~~~^^^^^
  File "/workspace/.pip-modules/lib/python3.12/site-packages/django/template/context.py", line 83, in __getitem__
    raise KeyError(key)
KeyError: 'help_text_inline'

During handling of the above exception, another exception occurred:

Traceback (most recent call last):
  File "/workspace/.pip-modules/lib/python3.12/site-packages/django/template/base.py", line 886, in _resolve_lookup
    if isinstance(current, BaseContext) and getattr(
                                            ^^^^^^^^
AttributeError: type object 'Context' has no attribute 'help_text_inline'

During handling of the above exception, another exception occurred:

Traceback (most recent call last):
  File "/workspace/.pip-modules/lib/python3.12/site-packages/django/template/base.py", line 896, in _resolve_lookup
    current = current[int(bit)]
                      ^^^^^^^^
ValueError: invalid literal for int() with base 10: 'help_text_inline'

During handling of the above exception, another exception occurred:

Traceback (most recent call last):
  File "/workspace/.pip-modules/lib/python3.12/site-packages/django/template/base.py", line 903, in _resolve_lookup
    raise VariableDoesNotExist(
django.template.base.VariableDoesNotExist: Failed lookup for key [help_text_inline] in [{'True': True, 'False': False, 'None': None}, {'field_class': '', 'field_template': 'bootstrap5/field.html', 'form_show_errors': True, 'form_show_labels': True, 'label_class': '', 'form': <BookingForm bound=False, valid=False, fields=(name;email;phone;date;time;guests)>}, {'forloop': {'parentloop': {}, 'counter0': 5, 'counter': 6, 'revcounter': 1, 'revcounter0': 0, 'first': False, 'last': True}, 'field': <django.forms.boundfield.BoundField object at 0x7ff6f897ff80>}, {}, {}]
Exception while resolving variable 'tag' in template 'bootstrap5/uni_form.html'.
Traceback (most recent call last):
  File "/workspace/.pip-modules/lib/python3.12/site-packages/django/template/base.py", line 880, in _resolve_lookup
    current = current[bit]
              ~~~~~~~^^^^^
  File "/workspace/.pip-modules/lib/python3.12/site-packages/django/template/context.py", line 83, in __getitem__
    raise KeyError(key)
KeyError: 'tag'

During handling of the above exception, another exception occurred:

Traceback (most recent call last):
  File "/workspace/.pip-modules/lib/python3.12/site-packages/django/template/base.py", line 886, in _resolve_lookup
    if isinstance(current, BaseContext) and getattr(
                                            ^^^^^^^^
AttributeError: type object 'Context' has no attribute 'tag'

During handling of the above exception, another exception occurred:

Traceback (most recent call last):
  File "/workspace/.pip-modules/lib/python3.12/site-packages/django/template/base.py", line 896, in _resolve_lookup
    current = current[int(bit)]
                      ^^^^^^^^
ValueError: invalid literal for int() with base 10: 'tag'

During handling of the above exception, another exception occurred:

Traceback (most recent call last):
  File "/workspace/.pip-modules/lib/python3.12/site-packages/django/template/base.py", line 903, in _resolve_lookup
    raise VariableDoesNotExist(
django.template.base.VariableDoesNotExist: Failed lookup for key [tag] in [{'True': True, 'False': False, 'None': None}, {'field_class': '', 'field_template': 'bootstrap5/field.html', 'form_show_errors': True, 'form_show_labels': True, 'label_class': '', 'form': <BookingForm bound=False, valid=False, fields=(name;email;phone;date;time;guests)>}, {'forloop': {'parentloop': {}, 'counter0': 5, 'counter': 6, 'revcounter': 1, 'revcounter0': 0, 'first': False, 'last': True}, 'field': <django.forms.boundfield.BoundField object at 0x7ff6f897ff80>}, {}]
"GET /booking/ HTTP/1.1" 200 10862
"GET /static/css/style.css HTTP/1.1" 200 3586
"GET /static/images/logo.png HTTP/1.1" 200 410803
"GET /static/js/script.js HTTP/1.1" 200 316
"GET /static/images/pizza-home.png HTTP/1.1" 200 8656238
Not Found: /favicon.ico
"GET /favicon.ico HTTP/1.1" 404 179
File /workspace/pauls-pizzeria/templates/account/signup.html previous mtime: 1724070323.1518528, current mtime: 1724071822.2593749
/workspace/pauls-pizzeria/templates/account/signup.html notified as changed. Signal results: [(<function template_changed at 0x7ff6fa988cc0>, True), (<function translation_file_changed at 0x7ff6f96fab60>, None)].
File /workspace/pauls-pizzeria/templates/account/signup.html previous mtime: 1724071822.2593749, current mtime: 1724071824.355357
/workspace/pauls-pizzeria/templates/account/signup.html notified as changed. Signal results: [(<function template_changed at 0x7ff6fa988cc0>, True), (<function translation_file_changed at 0x7ff6f96fab60>, None)].
File /workspace/pauls-pizzeria/templates/account/signup.html previous mtime: 1724071824.355357, current mtime: 1724071825.867344
/workspace/pauls-pizzeria/templates/account/signup.html notified as changed. Signal results: [(<function template_changed at 0x7ff6fa988cc0>, True), (<function translation_file_changed at 0x7ff6f96fab60>, None)].
File /workspace/pauls-pizzeria/templates/account/signup.html previous mtime: 1724071825.867344, current mtime: 1724071828.5993207
/workspace/pauls-pizzeria/templates/account/signup.html notified as changed. Signal results: [(<function template_changed at 0x7ff6fa988cc0>, True), (<function translation_file_changed at 0x7ff6f96fab60>, None)].
